loss,acc,test_loss,test_acc,done,timesteps_total,episodes_total,training_iteration,experiment_id,date,timestamp,time_this_iter_s,time_total_s,pid,hostname,node_ip,time_since_restore,timesteps_since_restore,iterations_since_restore,trial_id,config/lr,config/drp,config/weight_decay,config/momentum,config/eps
1.301359305381775,52.3,1.280517783164978,52.42,False,,,1,ccc82e3a6ad44c18b01b059d44527aa0,2021-05-06_08-55-56,1620291356,38.15511631965637,38.15511631965637,18594,ip-172-31-21-130,172.31.21.130,38.15511631965637,0,1,bc291486,0.045678483721006496,0.06357857941167368,0.0003006922724048476,0.2210340608447312,0.0006471703076241729
1.0404010832309722,62.84,1.0190265798568725,63.58,False,,,2,ccc82e3a6ad44c18b01b059d44527aa0,2021-05-06_08-56-33,1620291393,37.39876365661621,75.55387997627258,18594,ip-172-31-21-130,172.31.21.130,75.55387997627258,0,2,bc291486,0.045678483721006496,0.06357857941167368,0.0003006922724048476,0.2210340608447312,0.0006471703076241729
0.9029185962677002,68.7,0.8730252456665039,68.54,False,,,3,ccc82e3a6ad44c18b01b059d44527aa0,2021-05-06_08-57-11,1620291431,37.5233039855957,113.07718396186829,18594,ip-172-31-21-130,172.31.21.130,113.07718396186829,0,3,bc291486,0.045678483721006496,0.06357857941167368,0.0003006922724048476,0.2210340608447312,0.0006471703076241729
0.74472296833992,73.46,0.7363270425796509,73.32,False,,,4,ccc82e3a6ad44c18b01b059d44527aa0,2021-05-06_08-57-48,1620291468,37.544334173202515,150.6215181350708,18594,ip-172-31-21-130,172.31.21.130,150.6215181350708,0,4,bc291486,0.045678483721006496,0.06357857941167368,0.0003006922724048476,0.2210340608447312,0.0006471703076241729
0.6744436949491501,76.22,0.6561604154109955,77.5,False,,,5,ccc82e3a6ad44c18b01b059d44527aa0,2021-05-06_08-58-26,1620291506,37.55018496513367,188.17170310020447,18594,ip-172-31-21-130,172.31.21.130,188.17170310020447,0,5,bc291486,0.045678483721006496,0.06357857941167368,0.0003006922724048476,0.2210340608447312,0.0006471703076241729
0.6742710763216019,76.4,0.6569770681858063,77.26,False,,,6,ccc82e3a6ad44c18b01b059d44527aa0,2021-05-06_08-59-03,1620291543,37.57310247421265,225.74480557441711,18594,ip-172-31-21-130,172.31.21.130,225.74480557441711,0,6,bc291486,0.045678483721006496,0.06357857941167368,0.0003006922724048476,0.2210340608447312,0.0006471703076241729
0.5969963920116425,79.16,0.5945845478773117,80.18,False,,,7,ccc82e3a6ad44c18b01b059d44527aa0,2021-05-06_08-59-41,1620291581,37.56596851348877,263.3107740879059,18594,ip-172-31-21-130,172.31.21.130,263.3107740879059,0,7,bc291486,0.045678483721006496,0.06357857941167368,0.0003006922724048476,0.2210340608447312,0.0006471703076241729
0.5441404163837433,80.76,0.5327750211954116,81.58,False,,,8,ccc82e3a6ad44c18b01b059d44527aa0,2021-05-06_09-00-18,1620291618,37.566237926483154,300.87701201438904,18594,ip-172-31-21-130,172.31.21.130,300.87701201438904,0,8,bc291486,0.045678483721006496,0.06357857941167368,0.0003006922724048476,0.2210340608447312,0.0006471703076241729
0.5578923565149307,80.78,0.5523173469305038,81.36,False,,,9,ccc82e3a6ad44c18b01b059d44527aa0,2021-05-06_09-00-56,1620291656,37.5784068107605,338.45541882514954,18594,ip-172-31-21-130,172.31.21.130,338.45541882514954,0,9,bc291486,0.045678483721006496,0.06357857941167368,0.0003006922724048476,0.2210340608447312,0.0006471703076241729
0.5631240391731263,80.6,0.5562727206945419,81.12,False,,,10,ccc82e3a6ad44c18b01b059d44527aa0,2021-05-06_09-01-34,1620291694,37.575873374938965,376.0312922000885,18594,ip-172-31-21-130,172.31.21.130,376.0312922000885,0,10,bc291486,0.045678483721006496,0.06357857941167368,0.0003006922724048476,0.2210340608447312,0.0006471703076241729
0.47790549516677855,83.24,0.472520751953125,84.04,False,,,11,ccc82e3a6ad44c18b01b059d44527aa0,2021-05-06_09-02-11,1620291731,37.56762409210205,413.59891629219055,18594,ip-172-31-21-130,172.31.21.130,413.59891629219055,0,11,bc291486,0.045678483721006496,0.06357857941167368,0.0003006922724048476,0.2210340608447312,0.0006471703076241729
0.4558009415864944,84.5,0.4457042956352234,85.18,False,,,12,ccc82e3a6ad44c18b01b059d44527aa0,2021-05-06_09-02-49,1620291769,37.574291467666626,451.1732077598572,18594,ip-172-31-21-130,172.31.21.130,451.1732077598572,0,12,bc291486,0.045678483721006496,0.06357857941167368,0.0003006922724048476,0.2210340608447312,0.0006471703076241729
0.46358682513237,84.12,0.4633775794506073,84.06,False,,,13,ccc82e3a6ad44c18b01b059d44527aa0,2021-05-06_09-03-26,1620291806,37.591203451156616,488.7644112110138,18594,ip-172-31-21-130,172.31.21.130,488.7644112110138,0,13,bc291486,0.045678483721006496,0.06357857941167368,0.0003006922724048476,0.2210340608447312,0.0006471703076241729
0.4411791557073593,84.78,0.4298177754878998,86.04,False,,,14,ccc82e3a6ad44c18b01b059d44527aa0,2021-05-06_09-04-04,1620291844,37.57861924171448,526.3430304527283,18594,ip-172-31-21-130,172.31.21.130,526.3430304527283,0,14,bc291486,0.045678483721006496,0.06357857941167368,0.0003006922724048476,0.2210340608447312,0.0006471703076241729
0.4118124797940254,85.76,0.4142885023355484,85.94,False,,,15,ccc82e3a6ad44c18b01b059d44527aa0,2021-05-06_09-04-42,1620291882,37.57347774505615,563.9165081977844,18594,ip-172-31-21-130,172.31.21.130,563.9165081977844,0,15,bc291486,0.045678483721006496,0.06357857941167368,0.0003006922724048476,0.2210340608447312,0.0006471703076241729
0.4319178131222725,85.22,0.41160238415002826,85.78,False,,,16,ccc82e3a6ad44c18b01b059d44527aa0,2021-05-06_09-05-19,1620291919,37.64077949523926,601.5572876930237,18594,ip-172-31-21-130,172.31.21.130,601.5572876930237,0,16,bc291486,0.045678483721006496,0.06357857941167368,0.0003006922724048476,0.2210340608447312,0.0006471703076241729
0.4186058786511421,85.96,0.4101678574085236,86.06,False,,,17,ccc82e3a6ad44c18b01b059d44527aa0,2021-05-06_09-05-57,1620291957,37.57792615890503,639.1352138519287,18594,ip-172-31-21-130,172.31.21.130,639.1352138519287,0,17,bc291486,0.045678483721006496,0.06357857941167368,0.0003006922724048476,0.2210340608447312,0.0006471703076241729
0.3777274137735367,87.06,0.3759964582324028,87.26,False,,,18,ccc82e3a6ad44c18b01b059d44527aa0,2021-05-06_09-06-34,1620291994,37.569023847579956,676.7042376995087,18594,ip-172-31-21-130,172.31.21.130,676.7042376995087,0,18,bc291486,0.045678483721006496,0.06357857941167368,0.0003006922724048476,0.2210340608447312,0.0006471703076241729
0.42580356359481814,85.96,0.4257645684480667,85.66,False,,,19,ccc82e3a6ad44c18b01b059d44527aa0,2021-05-06_09-07-12,1620292032,37.56420540809631,714.268443107605,18594,ip-172-31-21-130,172.31.21.130,714.268443107605,0,19,bc291486,0.045678483721006496,0.06357857941167368,0.0003006922724048476,0.2210340608447312,0.0006471703076241729
0.3932483023405075,86.74,0.396581189930439,86.46,False,,,20,ccc82e3a6ad44c18b01b059d44527aa0,2021-05-06_09-07-49,1620292069,37.58638525009155,751.8548283576965,18594,ip-172-31-21-130,172.31.21.130,751.8548283576965,0,20,bc291486,0.045678483721006496,0.06357857941167368,0.0003006922724048476,0.2210340608447312,0.0006471703076241729
0.40294187307357787,86.46,0.38738767683506015,86.9,False,,,21,ccc82e3a6ad44c18b01b059d44527aa0,2021-05-06_09-08-27,1620292107,37.56733679771423,789.4221651554108,18594,ip-172-31-21-130,172.31.21.130,789.4221651554108,0,21,bc291486,0.045678483721006496,0.06357857941167368,0.0003006922724048476,0.2210340608447312,0.0006471703076241729
0.37740628302097323,87.14,0.37598262906074525,87.24,False,,,22,ccc82e3a6ad44c18b01b059d44527aa0,2021-05-06_09-09-05,1620292145,37.584219217300415,827.0063843727112,18594,ip-172-31-21-130,172.31.21.130,827.0063843727112,0,22,bc291486,0.045678483721006496,0.06357857941167368,0.0003006922724048476,0.2210340608447312,0.0006471703076241729
0.38921680480241777,87.26,0.38822741717100145,87.48,False,,,23,ccc82e3a6ad44c18b01b059d44527aa0,2021-05-06_09-09-42,1620292182,37.57634210586548,864.5827264785767,18594,ip-172-31-21-130,172.31.21.130,864.5827264785767,0,23,bc291486,0.045678483721006496,0.06357857941167368,0.0003006922724048476,0.2210340608447312,0.0006471703076241729
0.36489547342061995,87.64,0.35384826630353927,87.9,False,,,24,ccc82e3a6ad44c18b01b059d44527aa0,2021-05-06_09-10-20,1620292220,37.584872007369995,902.1675984859467,18594,ip-172-31-21-130,172.31.21.130,902.1675984859467,0,24,bc291486,0.045678483721006496,0.06357857941167368,0.0003006922724048476,0.2210340608447312,0.0006471703076241729
0.366936998963356,87.94,0.3409099385142326,88.5,False,,,25,ccc82e3a6ad44c18b01b059d44527aa0,2021-05-06_09-10-57,1620292257,37.57083249092102,939.7384309768677,18594,ip-172-31-21-130,172.31.21.130,939.7384309768677,0,25,bc291486,0.045678483721006496,0.06357857941167368,0.0003006922724048476,0.2210340608447312,0.0006471703076241729
0.36254702508449554,87.96,0.3637043187022209,87.58,False,,,26,ccc82e3a6ad44c18b01b059d44527aa0,2021-05-06_09-11-35,1620292295,37.58435606956482,977.3227870464325,18594,ip-172-31-21-130,172.31.21.130,977.3227870464325,0,26,bc291486,0.045678483721006496,0.06357857941167368,0.0003006922724048476,0.2210340608447312,0.0006471703076241729
0.3314391240477562,88.92,0.3374180766940117,88.86,False,,,27,ccc82e3a6ad44c18b01b059d44527aa0,2021-05-06_09-12-13,1620292333,37.577192544937134,1014.8999795913696,18594,ip-172-31-21-130,172.31.21.130,1014.8999795913696,0,27,bc291486,0.045678483721006496,0.06357857941167368,0.0003006922724048476,0.2210340608447312,0.0006471703076241729
0.34088182806968687,88.9,0.3415179732441902,88.7,False,,,28,ccc82e3a6ad44c18b01b059d44527aa0,2021-05-06_09-12-50,1620292370,37.572838306427,1052.4728178977966,18594,ip-172-31-21-130,172.31.21.130,1052.4728178977966,0,28,bc291486,0.045678483721006496,0.06357857941167368,0.0003006922724048476,0.2210340608447312,0.0006471703076241729
0.3392034828662872,88.96,0.32802788585424425,89.34,False,,,29,ccc82e3a6ad44c18b01b059d44527aa0,2021-05-06_09-13-28,1620292408,37.59187340736389,1090.0646913051605,18594,ip-172-31-21-130,172.31.21.130,1090.0646913051605,0,29,bc291486,0.045678483721006496,0.06357857941167368,0.0003006922724048476,0.2210340608447312,0.0006471703076241729
0.3207210597395897,89.74,0.3283177509903908,89.16,False,,,30,ccc82e3a6ad44c18b01b059d44527aa0,2021-05-06_09-14-05,1620292445,37.563894271850586,1127.628585577011,18594,ip-172-31-21-130,172.31.21.130,1127.628585577011,0,30,bc291486,0.045678483721006496,0.06357857941167368,0.0003006922724048476,0.2210340608447312,0.0006471703076241729
0.3288819697499275,89.04,0.33882408499717714,88.84,False,,,31,ccc82e3a6ad44c18b01b059d44527aa0,2021-05-06_09-14-43,1620292483,37.57686686515808,1165.2054524421692,18594,ip-172-31-21-130,172.31.21.130,1165.2054524421692,0,31,bc291486,0.045678483721006496,0.06357857941167368,0.0003006922724048476,0.2210340608447312,0.0006471703076241729
0.3597534254193306,88.7,0.37488101214170455,88.32,False,,,32,ccc82e3a6ad44c18b01b059d44527aa0,2021-05-06_09-15-21,1620292521,37.63992261886597,1202.8453750610352,18594,ip-172-31-21-130,172.31.21.130,1202.8453750610352,0,32,bc291486,0.045678483721006496,0.06357857941167368,0.0003006922724048476,0.2210340608447312,0.0006471703076241729
0.36566903948783874,88.48,0.3758951649069786,88.46,False,,,33,ccc82e3a6ad44c18b01b059d44527aa0,2021-05-06_09-15-58,1620292558,37.594298362731934,1240.439673423767,18594,ip-172-31-21-130,172.31.21.130,1240.439673423767,0,33,bc291486,0.045678483721006496,0.06357857941167368,0.0003006922724048476,0.2210340608447312,0.0006471703076241729
0.34619120717048646,88.86,0.3506153041124344,88.76,False,,,34,ccc82e3a6ad44c18b01b059d44527aa0,2021-05-06_09-16-36,1620292596,37.56694507598877,1278.0066184997559,18594,ip-172-31-21-130,172.31.21.130,1278.0066184997559,0,34,bc291486,0.045678483721006496,0.06357857941167368,0.0003006922724048476,0.2210340608447312,0.0006471703076241729
0.3252365902066231,89.46,0.32933602184057237,89.58,False,,,35,ccc82e3a6ad44c18b01b059d44527aa0,2021-05-06_09-17-13,1620292633,37.57441735267639,1315.5810358524323,18594,ip-172-31-21-130,172.31.21.130,1315.5810358524323,0,35,bc291486,0.045678483721006496,0.06357857941167368,0.0003006922724048476,0.2210340608447312,0.0006471703076241729
0.3041182428598404,89.98,0.30449298650026324,90.52,False,,,36,ccc82e3a6ad44c18b01b059d44527aa0,2021-05-06_09-17-51,1620292671,37.57151675224304,1353.1525526046753,18594,ip-172-31-21-130,172.31.21.130,1353.1525526046753,0,36,bc291486,0.045678483721006496,0.06357857941167368,0.0003006922724048476,0.2210340608447312,0.0006471703076241729
0.35252987951040266,89.22,0.35061524182558057,89.0,False,,,37,ccc82e3a6ad44c18b01b059d44527aa0,2021-05-06_09-18-28,1620292708,37.58541536331177,1390.737967967987,18594,ip-172-31-21-130,172.31.21.130,1390.737967967987,0,37,bc291486,0.045678483721006496,0.06357857941167368,0.0003006922724048476,0.2210340608447312,0.0006471703076241729
0.3486730656027794,89.32,0.34867035374045374,88.8,False,,,38,ccc82e3a6ad44c18b01b059d44527aa0,2021-05-06_09-19-06,1620292746,37.56990885734558,1428.3078768253326,18594,ip-172-31-21-130,172.31.21.130,1428.3078768253326,0,38,bc291486,0.045678483721006496,0.06357857941167368,0.0003006922724048476,0.2210340608447312,0.0006471703076241729
0.34714646846055985,89.4,0.339423051327467,89.44,False,,,39,ccc82e3a6ad44c18b01b059d44527aa0,2021-05-06_09-19-44,1620292784,37.570717573165894,1465.8785943984985,18594,ip-172-31-21-130,172.31.21.130,1465.8785943984985,0,39,bc291486,0.045678483721006496,0.06357857941167368,0.0003006922724048476,0.2210340608447312,0.0006471703076241729
0.30922984316945074,90.18,0.3107095494866371,90.16,False,,,40,ccc82e3a6ad44c18b01b059d44527aa0,2021-05-06_09-20-21,1620292821,37.57545042037964,1503.4540448188782,18594,ip-172-31-21-130,172.31.21.130,1503.4540448188782,0,40,bc291486,0.045678483721006496,0.06357857941167368,0.0003006922724048476,0.2210340608447312,0.0006471703076241729
0.3211472189426422,89.54,0.32440648049116133,89.56,False,,,41,ccc82e3a6ad44c18b01b059d44527aa0,2021-05-06_09-20-59,1620292859,37.561198234558105,1541.0152430534363,18594,ip-172-31-21-130,172.31.21.130,1541.0152430534363,0,41,bc291486,0.045678483721006496,0.06357857941167368,0.0003006922724048476,0.2210340608447312,0.0006471703076241729
0.3052933648228645,90.32,0.30537742778658866,90.32,False,,,42,ccc82e3a6ad44c18b01b059d44527aa0,2021-05-06_09-21-36,1620292896,37.56477236747742,1578.5800154209137,18594,ip-172-31-21-130,172.31.21.130,1578.5800154209137,0,42,bc291486,0.045678483721006496,0.06357857941167368,0.0003006922724048476,0.2210340608447312,0.0006471703076241729
0.33858736097812653,89.24,0.3434632208943367,89.48,False,,,43,ccc82e3a6ad44c18b01b059d44527aa0,2021-05-06_09-22-14,1620292934,37.57220125198364,1616.1522166728973,18594,ip-172-31-21-130,172.31.21.130,1616.1522166728973,0,43,bc291486,0.045678483721006496,0.06357857941167368,0.0003006922724048476,0.2210340608447312,0.0006471703076241729
0.3113555660843849,90.06,0.30963517233729365,90.52,False,,,44,ccc82e3a6ad44c18b01b059d44527aa0,2021-05-06_09-22-51,1620292971,37.5536150932312,1653.7058317661285,18594,ip-172-31-21-130,172.31.21.130,1653.7058317661285,0,44,bc291486,0.045678483721006496,0.06357857941167368,0.0003006922724048476,0.2210340608447312,0.0006471703076241729
0.3030830004811287,90.84,0.311244036257267,90.4,False,,,45,ccc82e3a6ad44c18b01b059d44527aa0,2021-05-06_09-23-29,1620293009,37.60503125190735,1691.310863018036,18594,ip-172-31-21-130,172.31.21.130,1691.310863018036,0,45,bc291486,0.045678483721006496,0.06357857941167368,0.0003006922724048476,0.2210340608447312,0.0006471703076241729
0.33760530591011045,89.64,0.3286124649643898,89.7,True,,,46,ccc82e3a6ad44c18b01b059d44527aa0,2021-05-06_09-24-07,1620293047,37.56732797622681,1728.8781909942627,18594,ip-172-31-21-130,172.31.21.130,1728.8781909942627,0,46,bc291486,0.045678483721006496,0.06357857941167368,0.0003006922724048476,0.2210340608447312,0.0006471703076241729
loss,acc,test_loss,test_acc,done,timesteps_total,episodes_total,training_iteration,experiment_id,date,timestamp,time_this_iter_s,time_total_s,pid,hostname,node_ip,time_since_restore,timesteps_since_restore,iterations_since_restore,trial_id,config/lr,config/drp,config/weight_decay,config/momentum,config/eps
1.2317543697357178,55.2,1.2302175402641295,55.74,False,,,1,243de1f0e47c499b8317249d31f73b4c,2021-05-06_09-25-05,1620293105,38.373674392700195,38.373674392700195,18591,ip-172-31-21-130,172.31.21.130,38.373674392700195,0,1,cea0f800,0.2170904076689021,0.14038873755829498,0.000522008621503965,0.065721187050366,0.005517875517485063
0.8930772626399994,68.32,0.9143952143192291,66.78,False,,,2,243de1f0e47c499b8317249d31f73b4c,2021-05-06_09-25-43,1620293143,37.452152252197266,75.82582664489746,18591,ip-172-31-21-130,172.31.21.130,75.82582664489746,0,2,cea0f800,0.2170904076689021,0.14038873755829498,0.000522008621503965,0.065721187050366,0.005517875517485063
0.8121768951416015,72.02,0.8297868478298187,71.74,False,,,3,243de1f0e47c499b8317249d31f73b4c,2021-05-06_09-26-20,1620293180,37.49860095977783,113.3244276046753,18591,ip-172-31-21-130,172.31.21.130,113.3244276046753,0,3,cea0f800,0.2170904076689021,0.14038873755829498,0.000522008621503965,0.065721187050366,0.005517875517485063
0.655624914765358,77.32,0.6499328881502151,77.1,False,,,4,243de1f0e47c499b8317249d31f73b4c,2021-05-06_09-26-58,1620293218,37.526909828186035,150.85133743286133,18591,ip-172-31-21-130,172.31.21.130,150.85133743286133,0,4,cea0f800,0.2170904076689021,0.14038873755829498,0.000522008621503965,0.065721187050366,0.005517875517485063
0.6182386463880539,78.98,0.6028151643276215,79.76,False,,,5,243de1f0e47c499b8317249d31f73b4c,2021-05-06_09-27-35,1620293255,37.533156633377075,188.3844940662384,18591,ip-172-31-21-130,172.31.21.130,188.3844940662384,0,5,cea0f800,0.2170904076689021,0.14038873755829498,0.000522008621503965,0.065721187050366,0.005517875517485063
0.6128540521860123,79.24,0.6110139638185501,79.7,False,,,6,243de1f0e47c499b8317249d31f73b4c,2021-05-06_09-28-13,1620293293,37.5372200012207,225.9217140674591,18591,ip-172-31-21-130,172.31.21.130,225.9217140674591,0,6,cea0f800,0.2170904076689021,0.14038873755829498,0.000522008621503965,0.065721187050366,0.005517875517485063
0.49022808074951174,83.08,0.48610710620880127,82.98,False,,,7,243de1f0e47c499b8317249d31f73b4c,2021-05-06_09-28-50,1620293330,37.53726053237915,263.45897459983826,18591,ip-172-31-21-130,172.31.21.130,263.45897459983826,0,7,cea0f800,0.2170904076689021,0.14038873755829498,0.000522008621503965,0.065721187050366,0.005517875517485063
0.5233822011947632,82.36,0.493351047039032,83.06,False,,,8,243de1f0e47c499b8317249d31f73b4c,2021-05-06_09-29-28,1620293368,37.53243136405945,300.9914059638977,18591,ip-172-31-21-130,172.31.21.130,300.9914059638977,0,8,cea0f800,0.2170904076689021,0.14038873755829498,0.000522008621503965,0.065721187050366,0.005517875517485063
0.5318022614717484,81.4,0.5385744816064835,81.46,False,,,9,243de1f0e47c499b8317249d31f73b4c,2021-05-06_09-30-05,1620293405,37.54123377799988,338.5326397418976,18591,ip-172-31-21-130,172.31.21.130,338.5326397418976,0,9,cea0f800,0.2170904076689021,0.14038873755829498,0.000522008621503965,0.065721187050366,0.005517875517485063
0.43235954195261,85.58,0.43675930321216583,85.3,False,,,10,243de1f0e47c499b8317249d31f73b4c,2021-05-06_09-30-43,1620293443,37.54556679725647,376.07820653915405,18591,ip-172-31-21-130,172.31.21.130,376.07820653915405,0,10,cea0f800,0.2170904076689021,0.14038873755829498,0.000522008621503965,0.065721187050366,0.005517875517485063
0.43247363328933713,85.36,0.43260889291763305,85.46,False,,,11,243de1f0e47c499b8317249d31f73b4c,2021-05-06_09-31-20,1620293480,37.525275468826294,413.60348200798035,18591,ip-172-31-21-130,172.31.21.130,413.60348200798035,0,11,cea0f800,0.2170904076689021,0.14038873755829498,0.000522008621503965,0.065721187050366,0.005517875517485063
0.4561139634251595,84.94,0.4688499009609222,84.22,False,,,12,243de1f0e47c499b8317249d31f73b4c,2021-05-06_09-31-58,1620293518,37.53530263900757,451.1387846469879,18591,ip-172-31-21-130,172.31.21.130,451.1387846469879,0,12,cea0f800,0.2170904076689021,0.14038873755829498,0.000522008621503965,0.065721187050366,0.005517875517485063
0.40982361644506454,85.64,0.40988934129476545,85.86,False,,,13,243de1f0e47c499b8317249d31f73b4c,2021-05-06_09-32-35,1620293555,37.53142523765564,488.67020988464355,18591,ip-172-31-21-130,172.31.21.130,488.67020988464355,0,13,cea0f800,0.2170904076689021,0.14038873755829498,0.000522008621503965,0.065721187050366,0.005517875517485063
0.38082088470458986,87.6,0.38773518830537795,87.16,False,,,14,243de1f0e47c499b8317249d31f73b4c,2021-05-06_09-33-13,1620293593,37.53081679344177,526.2010266780853,18591,ip-172-31-21-130,172.31.21.130,526.2010266780853,0,14,cea0f800,0.2170904076689021,0.14038873755829498,0.000522008621503965,0.065721187050366,0.005517875517485063
0.4786205893754959,83.78,0.4651408815383911,83.36,False,,,15,243de1f0e47c499b8317249d31f73b4c,2021-05-06_09-33-51,1620293631,37.51052451133728,563.7115511894226,18591,ip-172-31-21-130,172.31.21.130,563.7115511894226,0,15,cea0f800,0.2170904076689021,0.14038873755829498,0.000522008621503965,0.065721187050366,0.005517875517485063
0.36194718420505523,87.86,0.37232474744319916,87.36,False,,,16,243de1f0e47c499b8317249d31f73b4c,2021-05-06_09-34-28,1620293668,37.49854779243469,601.2100989818573,18591,ip-172-31-21-130,172.31.21.130,601.2100989818573,0,16,cea0f800,0.2170904076689021,0.14038873755829498,0.000522008621503965,0.065721187050366,0.005517875517485063
0.42259024918079374,85.72,0.42773790657520294,85.74,False,,,17,243de1f0e47c499b8317249d31f73b4c,2021-05-06_09-35-06,1620293706,37.58166718482971,638.791766166687,18591,ip-172-31-21-130,172.31.21.130,638.791766166687,0,17,cea0f800,0.2170904076689021,0.14038873755829498,0.000522008621503965,0.065721187050366,0.005517875517485063
0.3578241062164307,88.4,0.3581253880262375,88.02,False,,,18,243de1f0e47c499b8317249d31f73b4c,2021-05-06_09-35-43,1620293743,37.49808692932129,676.2898530960083,18591,ip-172-31-21-130,172.31.21.130,676.2898530960083,0,18,cea0f800,0.2170904076689021,0.14038873755829498,0.000522008621503965,0.065721187050366,0.005517875517485063
0.36303372591733934,87.6,0.36377758234739305,87.58,False,,,19,243de1f0e47c499b8317249d31f73b4c,2021-05-06_09-36-21,1620293781,37.52080702781677,713.8106601238251,18591,ip-172-31-21-130,172.31.21.130,713.8106601238251,0,19,cea0f800,0.2170904076689021,0.14038873755829498,0.000522008621503965,0.065721187050366,0.005517875517485063
0.40965785503387453,87.04,0.41781208246946333,86.16,False,,,20,243de1f0e47c499b8317249d31f73b4c,2021-05-06_09-36-58,1620293818,37.50471615791321,751.3153762817383,18591,ip-172-31-21-130,172.31.21.130,751.3153762817383,0,20,cea0f800,0.2170904076689021,0.14038873755829498,0.000522008621503965,0.065721187050366,0.005517875517485063
0.4096542558073997,86.64,0.4193015590310097,86.74,False,,,21,243de1f0e47c499b8317249d31f73b4c,2021-05-06_09-37-36,1620293856,37.48507380485535,788.8004500865936,18591,ip-172-31-21-130,172.31.21.130,788.8004500865936,0,21,cea0f800,0.2170904076689021,0.14038873755829498,0.000522008621503965,0.065721187050366,0.005517875517485063
0.3550236114859581,88.12,0.35082328200340274,88.4,False,,,22,243de1f0e47c499b8317249d31f73b4c,2021-05-06_09-38-13,1620293893,37.504560708999634,826.3050107955933,18591,ip-172-31-21-130,172.31.21.130,826.3050107955933,0,22,cea0f800,0.2170904076689021,0.14038873755829498,0.000522008621503965,0.065721187050366,0.005517875517485063
0.32565984517335894,88.92,0.343334444463253,88.3,False,,,23,243de1f0e47c499b8317249d31f73b4c,2021-05-06_09-38-51,1620293931,37.49214506149292,863.7971558570862,18591,ip-172-31-21-130,172.31.21.130,863.7971558570862,0,23,cea0f800,0.2170904076689021,0.14038873755829498,0.000522008621503965,0.065721187050366,0.005517875517485063
0.351660757958889,88.64,0.35587544679641725,88.36,False,,,24,243de1f0e47c499b8317249d31f73b4c,2021-05-06_09-39-28,1620293968,37.493123054504395,901.2902789115906,18591,ip-172-31-21-130,172.31.21.130,901.2902789115906,0,24,cea0f800,0.2170904076689021,0.14038873755829498,0.000522008621503965,0.065721187050366,0.005517875517485063
0.3839001747965813,87.56,0.3610925886034966,87.96,False,,,25,243de1f0e47c499b8317249d31f73b4c,2021-05-06_09-40-06,1620294006,37.47978115081787,938.7700600624084,18591,ip-172-31-21-130,172.31.21.130,938.7700600624084,0,25,cea0f800,0.2170904076689021,0.14038873755829498,0.000522008621503965,0.065721187050366,0.005517875517485063
0.4304156279563904,86.74,0.4269519060850143,86.46,False,,,26,243de1f0e47c499b8317249d31f73b4c,2021-05-06_09-40-43,1620294043,37.50146508216858,976.271525144577,18591,ip-172-31-21-130,172.31.21.130,976.271525144577,0,26,cea0f800,0.2170904076689021,0.14038873755829498,0.000522008621503965,0.065721187050366,0.005517875517485063
0.37851864874362945,87.18,0.3696133735775948,87.54,False,,,27,243de1f0e47c499b8317249d31f73b4c,2021-05-06_09-41-21,1620294081,37.506595611572266,1013.7781207561493,18591,ip-172-31-21-130,172.31.21.130,1013.7781207561493,0,27,cea0f800,0.2170904076689021,0.14038873755829498,0.000522008621503965,0.065721187050366,0.005517875517485063
0.3219016382098198,89.12,0.3343181690573692,88.8,False,,,28,243de1f0e47c499b8317249d31f73b4c,2021-05-06_09-41-58,1620294118,37.499590158462524,1051.2777109146118,18591,ip-172-31-21-130,172.31.21.130,1051.2777109146118,0,28,cea0f800,0.2170904076689021,0.14038873755829498,0.000522008621503965,0.065721187050366,0.005517875517485063
0.33028680115938186,89.32,0.3351457819342613,88.82,False,,,29,243de1f0e47c499b8317249d31f73b4c,2021-05-06_09-42-36,1620294156,37.4842255115509,1088.7619364261627,18591,ip-172-31-21-130,172.31.21.130,1088.7619364261627,0,29,cea0f800,0.2170904076689021,0.14038873755829498,0.000522008621503965,0.065721187050366,0.005517875517485063
0.35215314507484435,88.4,0.36182632386684416,87.9,False,,,30,243de1f0e47c499b8317249d31f73b4c,2021-05-06_09-43-13,1620294193,37.503456592559814,1126.2653930187225,18591,ip-172-31-21-130,172.31.21.130,1126.2653930187225,0,30,cea0f800,0.2170904076689021,0.14038873755829498,0.000522008621503965,0.065721187050366,0.005517875517485063
0.38585845321416856,87.42,0.3720623105764389,87.74,False,,,31,243de1f0e47c499b8317249d31f73b4c,2021-05-06_09-43-51,1620294231,37.487220764160156,1163.7526137828827,18591,ip-172-31-21-130,172.31.21.130,1163.7526137828827,0,31,cea0f800,0.2170904076689021,0.14038873755829498,0.000522008621503965,0.065721187050366,0.005517875517485063
0.36086042165756227,88.24,0.36653596311807635,87.72,False,,,32,243de1f0e47c499b8317249d31f73b4c,2021-05-06_09-44-28,1620294268,37.52122950553894,1201.2738432884216,18591,ip-172-31-21-130,172.31.21.130,1201.2738432884216,0,32,cea0f800,0.2170904076689021,0.14038873755829498,0.000522008621503965,0.065721187050366,0.005517875517485063
0.31937672436237335,88.96,0.3205667555332184,89.14,False,,,33,243de1f0e47c499b8317249d31f73b4c,2021-05-06_09-45-06,1620294306,37.56536149978638,1238.839204788208,18591,ip-172-31-21-130,172.31.21.130,1238.839204788208,0,33,cea0f800,0.2170904076689021,0.14038873755829498,0.000522008621503965,0.065721187050366,0.005517875517485063
0.3811976858973503,87.7,0.3702106635272503,87.84,False,,,34,243de1f0e47c499b8317249d31f73b4c,2021-05-06_09-45-43,1620294343,37.47337532043457,1276.3125801086426,18591,ip-172-31-21-130,172.31.21.130,1276.3125801086426,0,34,cea0f800,0.2170904076689021,0.14038873755829498,0.000522008621503965,0.065721187050366,0.005517875517485063
0.3525488781929016,87.98,0.3681567645072937,87.68,False,,,35,243de1f0e47c499b8317249d31f73b4c,2021-05-06_09-46-21,1620294381,37.46818137168884,1313.7807614803314,18591,ip-172-31-21-130,172.31.21.130,1313.7807614803314,0,35,cea0f800,0.2170904076689021,0.14038873755829498,0.000522008621503965,0.065721187050366,0.005517875517485063
0.2979146718978882,90.32,0.31239740550518036,89.58,False,,,36,243de1f0e47c499b8317249d31f73b4c,2021-05-06_09-46-58,1620294418,37.47067832946777,1351.2514398097992,18591,ip-172-31-21-130,172.31.21.130,1351.2514398097992,0,36,cea0f800,0.2170904076689021,0.14038873755829498,0.000522008621503965,0.065721187050366,0.005517875517485063
0.3400810632109642,88.6,0.3402717489004135,89.1,False,,,37,243de1f0e47c499b8317249d31f73b4c,2021-05-06_09-47-36,1620294456,37.49415302276611,1388.7455928325653,18591,ip-172-31-21-130,172.31.21.130,1388.7455928325653,0,37,cea0f800,0.2170904076689021,0.14038873755829498,0.000522008621503965,0.065721187050366,0.005517875517485063
0.3486528939008713,88.22,0.37071176260709765,87.46,False,,,38,243de1f0e47c499b8317249d31f73b4c,2021-05-06_09-48-13,1620294493,37.5060601234436,1426.251652956009,18591,ip-172-31-21-130,172.31.21.130,1426.251652956009,0,38,cea0f800,0.2170904076689021,0.14038873755829498,0.000522008621503965,0.065721187050366,0.005517875517485063
0.31414070442318914,89.72,0.32652853935956955,89.58,False,,,39,243de1f0e47c499b8317249d31f73b4c,2021-05-06_09-48-51,1620294531,37.48673367500305,1463.738386631012,18591,ip-172-31-21-130,172.31.21.130,1463.738386631012,0,39,cea0f800,0.2170904076689021,0.14038873755829498,0.000522008621503965,0.065721187050366,0.005517875517485063
0.38627356976270677,87.92,0.37353712230920794,87.86,False,,,40,243de1f0e47c499b8317249d31f73b4c,2021-05-06_09-49-28,1620294568,37.48074293136597,1501.219129562378,18591,ip-172-31-21-130,172.31.21.130,1501.219129562378,0,40,cea0f800,0.2170904076689021,0.14038873755829498,0.000522008621503965,0.065721187050366,0.005517875517485063
0.38541255831718446,87.34,0.3749677050113678,87.32,False,,,41,243de1f0e47c499b8317249d31f73b4c,2021-05-06_09-50-06,1620294606,37.47871780395508,1538.697847366333,18591,ip-172-31-21-130,172.31.21.130,1538.697847366333,0,41,cea0f800,0.2170904076689021,0.14038873755829498,0.000522008621503965,0.065721187050366,0.005517875517485063
0.29757761493325235,90.52,0.2954534663259983,90.14,False,,,42,243de1f0e47c499b8317249d31f73b4c,2021-05-06_09-50-43,1620294643,37.495734453201294,1576.1935818195343,18591,ip-172-31-21-130,172.31.21.130,1576.1935818195343,0,42,cea0f800,0.2170904076689021,0.14038873755829498,0.000522008621503965,0.065721187050366,0.005517875517485063
0.3658085733652115,88.38,0.3543605595827103,88.16,False,,,43,243de1f0e47c499b8317249d31f73b4c,2021-05-06_09-51-21,1620294681,37.49645471572876,1613.690036535263,18591,ip-172-31-21-130,172.31.21.130,1613.690036535263,0,43,cea0f800,0.2170904076689021,0.14038873755829498,0.000522008621503965,0.065721187050366,0.005517875517485063
0.39626960813999174,87.84,0.40926622718572614,87.06,False,,,44,243de1f0e47c499b8317249d31f73b4c,2021-05-06_09-51-58,1620294718,37.476632595062256,1651.1666691303253,18591,ip-172-31-21-130,172.31.21.130,1651.1666691303253,0,44,cea0f800,0.2170904076689021,0.14038873755829498,0.000522008621503965,0.065721187050366,0.005517875517485063
0.30988854855299,89.42,0.3019475024938583,89.92,False,,,45,243de1f0e47c499b8317249d31f73b4c,2021-05-06_09-52-36,1620294756,37.489185094833374,1688.6558542251587,18591,ip-172-31-21-130,172.31.21.130,1688.6558542251587,0,45,cea0f800,0.2170904076689021,0.14038873755829498,0.000522008621503965,0.065721187050366,0.005517875517485063
0.33198059916496275,89.06,0.3329234531521797,89.06,True,,,46,243de1f0e47c499b8317249d31f73b4c,2021-05-06_09-53-13,1620294793,37.48937368392944,1726.1452279090881,18591,ip-172-31-21-130,172.31.21.130,1726.1452279090881,0,46,cea0f800,0.2170904076689021,0.14038873755829498,0.000522008621503965,0.065721187050366,0.005517875517485063
loss,acc,test_loss,test_acc,done,timesteps_total,episodes_total,training_iteration,experiment_id,date,timestamp,time_this_iter_s,time_total_s,pid,hostname,node_ip,time_since_restore,timesteps_since_restore,iterations_since_restore,trial_id,config/lr,config/drp,config/weight_decay,config/momentum,config/eps
2.321185531616211,9.02,2.316427583694458,9.48,False,,,1,d9a01705bf9f40dc8f4d8ed80bab7772,2021-05-06_09-54-12,1620294852,38.37413930892944,38.37413930892944,18588,ip-172-31-21-130,172.31.21.130,38.37413930892944,0,1,df97b0b4,2.546039302604168e-05,0.12984884526946097,0.004274523865301122,0.021278315566781683,0.009840796467770108
2.316814970970154,9.12,2.3126997470855715,9.56,False,,,2,d9a01705bf9f40dc8f4d8ed80bab7772,2021-05-06_09-54-49,1620294889,37.48037791252136,75.8545172214508,18588,ip-172-31-21-130,172.31.21.130,75.8545172214508,0,2,df97b0b4,2.546039302604168e-05,0.12984884526946097,0.004274523865301122,0.021278315566781683,0.009840796467770108
2.3110829067230223,9.16,2.3077444648742675,9.78,False,,,3,d9a01705bf9f40dc8f4d8ed80bab7772,2021-05-06_09-55-27,1620294927,37.59604811668396,113.45056533813477,18588,ip-172-31-21-130,172.31.21.130,113.45056533813477,0,3,df97b0b4,2.546039302604168e-05,0.12984884526946097,0.004274523865301122,0.021278315566781683,0.009840796467770108
2.3068543672561646,9.56,2.3033181762695314,10.22,False,,,4,d9a01705bf9f40dc8f4d8ed80bab7772,2021-05-06_09-56-04,1620294964,37.54764270782471,150.99820804595947,18588,ip-172-31-21-130,172.31.21.130,150.99820804595947,0,4,df97b0b4,2.546039302604168e-05,0.12984884526946097,0.004274523865301122,0.021278315566781683,0.009840796467770108
2.3031859016418457,10.32,2.300274953842163,10.22,False,,,5,d9a01705bf9f40dc8f4d8ed80bab7772,2021-05-06_09-56-42,1620295002,37.56137728691101,188.55958533287048,18588,ip-172-31-21-130,172.31.21.130,188.55958533287048,0,5,df97b0b4,2.546039302604168e-05,0.12984884526946097,0.004274523865301122,0.021278315566781683,0.009840796467770108
2.2992938709259034,10.74,2.2969023895263674,10.92,False,,,6,d9a01705bf9f40dc8f4d8ed80bab7772,2021-05-06_09-57-19,1620295039,37.55056548118591,226.1101508140564,18588,ip-172-31-21-130,172.31.21.130,226.1101508140564,0,6,df97b0b4,2.546039302604168e-05,0.12984884526946097,0.004274523865301122,0.021278315566781683,0.009840796467770108
2.296025581359863,11.4,2.293934841156006,11.42,False,,,7,d9a01705bf9f40dc8f4d8ed80bab7772,2021-05-06_09-57-57,1620295077,37.56576085090637,263.67591166496277,18588,ip-172-31-21-130,172.31.21.130,263.67591166496277,0,7,df97b0b4,2.546039302604168e-05,0.12984884526946097,0.004274523865301122,0.021278315566781683,0.009840796467770108
2.293255076408386,11.94,2.2922262001037597,12.2,False,,,8,d9a01705bf9f40dc8f4d8ed80bab7772,2021-05-06_09-58-34,1620295114,37.532994508743286,301.20890617370605,18588,ip-172-31-21-130,172.31.21.130,301.20890617370605,0,8,df97b0b4,2.546039302604168e-05,0.12984884526946097,0.004274523865301122,0.021278315566781683,0.009840796467770108
2.290508213043213,12.5,2.2896457290649415,12.82,False,,,9,d9a01705bf9f40dc8f4d8ed80bab7772,2021-05-06_09-59-12,1620295152,37.5440936088562,338.75299978256226,18588,ip-172-31-21-130,172.31.21.130,338.75299978256226,0,9,df97b0b4,2.546039302604168e-05,0.12984884526946097,0.004274523865301122,0.021278315566781683,0.009840796467770108
2.287335834503174,13.02,2.2866315031051636,12.66,False,,,10,d9a01705bf9f40dc8f4d8ed80bab7772,2021-05-06_09-59-49,1620295189,37.52865743637085,376.2816572189331,18588,ip-172-31-21-130,172.31.21.130,376.2816572189331,0,10,df97b0b4,2.546039302604168e-05,0.12984884526946097,0.004274523865301122,0.021278315566781683,0.009840796467770108
2.2846953535079955,12.98,2.2844942569732667,12.88,False,,,11,d9a01705bf9f40dc8f4d8ed80bab7772,2021-05-06_10-00-27,1620295227,37.54067945480347,413.8223366737366,18588,ip-172-31-21-130,172.31.21.130,413.8223366737366,0,11,df97b0b4,2.546039302604168e-05,0.12984884526946097,0.004274523865301122,0.021278315566781683,0.009840796467770108
2.2836683225631713,13.0,2.2840277671813967,12.46,False,,,12,d9a01705bf9f40dc8f4d8ed80bab7772,2021-05-06_10-01-05,1620295265,37.53808808326721,451.3604247570038,18588,ip-172-31-21-130,172.31.21.130,451.3604247570038,0,12,df97b0b4,2.546039302604168e-05,0.12984884526946097,0.004274523865301122,0.021278315566781683,0.009840796467770108
2.280493721961975,12.84,2.281531023979187,12.64,False,,,13,d9a01705bf9f40dc8f4d8ed80bab7772,2021-05-06_10-01-42,1620295302,37.55935859680176,488.91978335380554,18588,ip-172-31-21-130,172.31.21.130,488.91978335380554,0,13,df97b0b4,2.546039302604168e-05,0.12984884526946097,0.004274523865301122,0.021278315566781683,0.009840796467770108
2.2783769607543944,12.98,2.2793260622024536,12.2,False,,,14,d9a01705bf9f40dc8f4d8ed80bab7772,2021-05-06_10-02-20,1620295340,37.57489991188049,526.494683265686,18588,ip-172-31-21-130,172.31.21.130,526.494683265686,0,14,df97b0b4,2.546039302604168e-05,0.12984884526946097,0.004274523865301122,0.021278315566781683,0.009840796467770108
2.275687589645386,12.72,2.2776441383361816,12.2,False,,,15,d9a01705bf9f40dc8f4d8ed80bab7772,2021-05-06_10-02-57,1620295377,37.55994892120361,564.0546321868896,18588,ip-172-31-21-130,172.31.21.130,564.0546321868896,0,15,df97b0b4,2.546039302604168e-05,0.12984884526946097,0.004274523865301122,0.021278315566781683,0.009840796467770108
2.2732574129104615,12.78,2.2753835487365723,12.36,False,,,16,d9a01705bf9f40dc8f4d8ed80bab7772,2021-05-06_10-03-35,1620295415,37.563849210739136,601.6184813976288,18588,ip-172-31-21-130,172.31.21.130,601.6184813976288,0,16,df97b0b4,2.546039302604168e-05,0.12984884526946097,0.004274523865301122,0.021278315566781683,0.009840796467770108
2.2737064933776856,12.76,2.275989637374878,12.22,False,,,17,d9a01705bf9f40dc8f4d8ed80bab7772,2021-05-06_10-04-12,1620295452,37.57217788696289,639.1906592845917,18588,ip-172-31-21-130,172.31.21.130,639.1906592845917,0,17,df97b0b4,2.546039302604168e-05,0.12984884526946097,0.004274523865301122,0.021278315566781683,0.009840796467770108
2.2703850412368776,12.64,2.272815842628479,12.38,False,,,18,d9a01705bf9f40dc8f4d8ed80bab7772,2021-05-06_10-04-50,1620295490,37.56548714637756,676.7561464309692,18588,ip-172-31-21-130,172.31.21.130,676.7561464309692,0,18,df97b0b4,2.546039302604168e-05,0.12984884526946097,0.004274523865301122,0.021278315566781683,0.009840796467770108
2.2671890830993653,12.76,2.2694852352142334,12.42,False,,,19,d9a01705bf9f40dc8f4d8ed80bab7772,2021-05-06_10-05-28,1620295528,37.63338494300842,714.3895313739777,18588,ip-172-31-21-130,172.31.21.130,714.3895313739777,0,19,df97b0b4,2.546039302604168e-05,0.12984884526946097,0.004274523865301122,0.021278315566781683,0.009840796467770108
2.270704941749573,12.48,2.2727001428604128,11.88,False,,,20,d9a01705bf9f40dc8f4d8ed80bab7772,2021-05-06_10-06-05,1620295565,37.553433418273926,751.9429647922516,18588,ip-172-31-21-130,172.31.21.130,751.9429647922516,0,20,df97b0b4,2.546039302604168e-05,0.12984884526946097,0.004274523865301122,0.021278315566781683,0.009840796467770108
2.2631879329681395,13.02,2.26559832572937,12.6,False,,,21,d9a01705bf9f40dc8f4d8ed80bab7772,2021-05-06_10-06-43,1620295603,37.545254945755005,789.4882197380066,18588,ip-172-31-21-130,172.31.21.130,789.4882197380066,0,21,df97b0b4,2.546039302604168e-05,0.12984884526946097,0.004274523865301122,0.021278315566781683,0.009840796467770108
2.263428874015808,12.8,2.26582453250885,12.34,False,,,22,d9a01705bf9f40dc8f4d8ed80bab7772,2021-05-06_10-07-20,1620295640,37.55508065223694,827.0433003902435,18588,ip-172-31-21-130,172.31.21.130,827.0433003902435,0,22,df97b0b4,2.546039302604168e-05,0.12984884526946097,0.004274523865301122,0.021278315566781683,0.009840796467770108
2.2619887685775755,12.96,2.2646625995635987,12.84,False,,,23,d9a01705bf9f40dc8f4d8ed80bab7772,2021-05-06_10-07-58,1620295678,37.554784297943115,864.5980846881866,18588,ip-172-31-21-130,172.31.21.130,864.5980846881866,0,23,df97b0b4,2.546039302604168e-05,0.12984884526946097,0.004274523865301122,0.021278315566781683,0.009840796467770108
2.2583173513412476,12.92,2.261219925880432,12.76,False,,,24,d9a01705bf9f40dc8f4d8ed80bab7772,2021-05-06_10-08-35,1620295715,37.547372817993164,902.1454575061798,18588,ip-172-31-21-130,172.31.21.130,902.1454575061798,0,24,df97b0b4,2.546039302604168e-05,0.12984884526946097,0.004274523865301122,0.021278315566781683,0.009840796467770108
2.2577982568740844,12.68,2.261459493637085,12.78,False,,,25,d9a01705bf9f40dc8f4d8ed80bab7772,2021-05-06_10-09-13,1620295753,37.54879355430603,939.6942510604858,18588,ip-172-31-21-130,172.31.21.130,939.6942510604858,0,25,df97b0b4,2.546039302604168e-05,0.12984884526946097,0.004274523865301122,0.021278315566781683,0.009840796467770108
2.2574993991851806,12.88,2.261187782287598,13.04,False,,,26,d9a01705bf9f40dc8f4d8ed80bab7772,2021-05-06_10-09-51,1620295791,37.560972929000854,977.2552239894867,18588,ip-172-31-21-130,172.31.21.130,977.2552239894867,0,26,df97b0b4,2.546039302604168e-05,0.12984884526946097,0.004274523865301122,0.021278315566781683,0.009840796467770108
2.2553558206558226,13.1,2.258690233230591,13.04,False,,,27,d9a01705bf9f40dc8f4d8ed80bab7772,2021-05-06_10-10-28,1620295828,37.57074189186096,1014.8259658813477,18588,ip-172-31-21-130,172.31.21.130,1014.8259658813477,0,27,df97b0b4,2.546039302604168e-05,0.12984884526946097,0.004274523865301122,0.021278315566781683,0.009840796467770108
2.256864318847656,13.1,2.2605605554580688,12.96,False,,,28,d9a01705bf9f40dc8f4d8ed80bab7772,2021-05-06_10-11-06,1620295866,37.54491949081421,1052.3708853721619,18588,ip-172-31-21-130,172.31.21.130,1052.3708853721619,0,28,df97b0b4,2.546039302604168e-05,0.12984884526946097,0.004274523865301122,0.021278315566781683,0.009840796467770108
2.2534655284881593,13.4,2.258096694946289,12.98,False,,,29,d9a01705bf9f40dc8f4d8ed80bab7772,2021-05-06_10-11-43,1620295903,37.564692735672,1089.9355781078339,18588,ip-172-31-21-130,172.31.21.130,1089.9355781078339,0,29,df97b0b4,2.546039302604168e-05,0.12984884526946097,0.004274523865301122,0.021278315566781683,0.009840796467770108
2.2463942050933836,13.94,2.2509915018081665,13.7,False,,,30,d9a01705bf9f40dc8f4d8ed80bab7772,2021-05-06_10-12-21,1620295941,37.57226824760437,1127.5078463554382,18588,ip-172-31-21-130,172.31.21.130,1127.5078463554382,0,30,df97b0b4,2.546039302604168e-05,0.12984884526946097,0.004274523865301122,0.021278315566781683,0.009840796467770108
2.2485885572433473,13.58,2.253040018081665,13.72,False,,,31,d9a01705bf9f40dc8f4d8ed80bab7772,2021-05-06_10-12-58,1620295978,37.56676745414734,1165.0746138095856,18588,ip-172-31-21-130,172.31.21.130,1165.0746138095856,0,31,df97b0b4,2.546039302604168e-05,0.12984884526946097,0.004274523865301122,0.021278315566781683,0.009840796467770108
2.247020025253296,13.72,2.2513440322875975,13.6,False,,,32,d9a01705bf9f40dc8f4d8ed80bab7772,2021-05-06_10-13-36,1620296016,37.57395553588867,1202.6485693454742,18588,ip-172-31-21-130,172.31.21.130,1202.6485693454742,0,32,df97b0b4,2.546039302604168e-05,0.12984884526946097,0.004274523865301122,0.021278315566781683,0.009840796467770108
2.2456127977371216,13.82,2.2502989912033082,13.68,False,,,33,d9a01705bf9f40dc8f4d8ed80bab7772,2021-05-06_10-14-14,1620296054,37.57319498062134,1240.2217643260956,18588,ip-172-31-21-130,172.31.21.130,1240.2217643260956,0,33,df97b0b4,2.546039302604168e-05,0.12984884526946097,0.004274523865301122,0.021278315566781683,0.009840796467770108
2.240200262069702,14.04,2.244306206703186,13.98,False,,,34,d9a01705bf9f40dc8f4d8ed80bab7772,2021-05-06_10-14-51,1620296091,37.556350231170654,1277.7781145572662,18588,ip-172-31-21-130,172.31.21.130,1277.7781145572662,0,34,df97b0b4,2.546039302604168e-05,0.12984884526946097,0.004274523865301122,0.021278315566781683,0.009840796467770108
2.2382433462142943,14.3,2.2427237367630006,14.28,False,,,35,d9a01705bf9f40dc8f4d8ed80bab7772,2021-05-06_10-15-29,1620296129,37.64942979812622,1315.4275443553925,18588,ip-172-31-21-130,172.31.21.130,1315.4275443553925,0,35,df97b0b4,2.546039302604168e-05,0.12984884526946097,0.004274523865301122,0.021278315566781683,0.009840796467770108
2.240551567077637,14.32,2.2449292755126953,14.22,False,,,36,d9a01705bf9f40dc8f4d8ed80bab7772,2021-05-06_10-16-06,1620296166,37.54412913322449,1352.971673488617,18588,ip-172-31-21-130,172.31.21.130,1352.971673488617,0,36,df97b0b4,2.546039302604168e-05,0.12984884526946097,0.004274523865301122,0.021278315566781683,0.009840796467770108
2.236690654754639,14.44,2.2406007385253908,14.18,False,,,37,d9a01705bf9f40dc8f4d8ed80bab7772,2021-05-06_10-16-44,1620296204,37.55174946784973,1390.5234229564667,18588,ip-172-31-21-130,172.31.21.130,1390.5234229564667,0,37,df97b0b4,2.546039302604168e-05,0.12984884526946097,0.004274523865301122,0.021278315566781683,0.009840796467770108
2.236351647377014,14.48,2.240193796157837,14.3,False,,,38,d9a01705bf9f40dc8f4d8ed80bab7772,2021-05-06_10-17-21,1620296241,37.548975229263306,1428.07239818573,18588,ip-172-31-21-130,172.31.21.130,1428.07239818573,0,38,df97b0b4,2.546039302604168e-05,0.12984884526946097,0.004274523865301122,0.021278315566781683,0.009840796467770108
2.2333472919464112,14.28,2.237157015800476,14.2,False,,,39,d9a01705bf9f40dc8f4d8ed80bab7772,2021-05-06_10-17-59,1620296279,37.560765504837036,1465.633163690567,18588,ip-172-31-21-130,172.31.21.130,1465.633163690567,0,39,df97b0b4,2.546039302604168e-05,0.12984884526946097,0.004274523865301122,0.021278315566781683,0.009840796467770108
2.2328747749328612,14.68,2.237158703804016,14.62,False,,,40,d9a01705bf9f40dc8f4d8ed80bab7772,2021-05-06_10-18-37,1620296317,37.554659605026245,1503.1878232955933,18588,ip-172-31-21-130,172.31.21.130,1503.1878232955933,0,40,df97b0b4,2.546039302604168e-05,0.12984884526946097,0.004274523865301122,0.021278315566781683,0.009840796467770108
2.2338519954681395,14.86,2.2382029914855956,14.3,False,,,41,d9a01705bf9f40dc8f4d8ed80bab7772,2021-05-06_10-19-14,1620296354,37.55896735191345,1540.7467906475067,18588,ip-172-31-21-130,172.31.21.130,1540.7467906475067,0,41,df97b0b4,2.546039302604168e-05,0.12984884526946097,0.004274523865301122,0.021278315566781683,0.009840796467770108
2.230744776725769,14.7,2.23464026927948,14.7,False,,,42,d9a01705bf9f40dc8f4d8ed80bab7772,2021-05-06_10-19-52,1620296392,37.54920697212219,1578.295997619629,18588,ip-172-31-21-130,172.31.21.130,1578.295997619629,0,42,df97b0b4,2.546039302604168e-05,0.12984884526946097,0.004274523865301122,0.021278315566781683,0.009840796467770108
2.2253437089920043,14.78,2.2293246841430663,14.98,False,,,43,d9a01705bf9f40dc8f4d8ed80bab7772,2021-05-06_10-20-29,1620296429,37.57709050178528,1615.8730881214142,18588,ip-172-31-21-130,172.31.21.130,1615.8730881214142,0,43,df97b0b4,2.546039302604168e-05,0.12984884526946097,0.004274523865301122,0.021278315566781683,0.009840796467770108
2.2197957038879395,15.14,2.2243138933181763,15.2,False,,,44,d9a01705bf9f40dc8f4d8ed80bab7772,2021-05-06_10-21-07,1620296467,37.556527853012085,1653.4296159744263,18588,ip-172-31-21-130,172.31.21.130,1653.4296159744263,0,44,df97b0b4,2.546039302604168e-05,0.12984884526946097,0.004274523865301122,0.021278315566781683,0.009840796467770108
2.225941734313965,14.72,2.2298612880706785,15.1,False,,,45,d9a01705bf9f40dc8f4d8ed80bab7772,2021-05-06_10-21-44,1620296504,37.573588132858276,1691.0032041072845,18588,ip-172-31-21-130,172.31.21.130,1691.0032041072845,0,45,df97b0b4,2.546039302604168e-05,0.12984884526946097,0.004274523865301122,0.021278315566781683,0.009840796467770108
2.220390348434448,15.14,2.225079908370972,15.04,True,,,46,d9a01705bf9f40dc8f4d8ed80bab7772,2021-05-06_10-22-22,1620296542,37.565767765045166,1728.5689718723297,18588,ip-172-31-21-130,172.31.21.130,1728.5689718723297,0,46,df97b0b4,2.546039302604168e-05,0.12984884526946097,0.004274523865301122,0.021278315566781683,0.009840796467770108
loss,acc,test_loss,test_acc,done,timesteps_total,episodes_total,training_iteration,experiment_id,date,timestamp,time_this_iter_s,time_total_s,pid,hostname,node_ip,time_since_restore,timesteps_since_restore,iterations_since_restore,trial_id,config/lr,config/drp,config/weight_decay,config/momentum,config/eps
2.3038187217712403,10.1,2.3074801206588744,10.32,False,,,1,6bcf84cdfdf7422aa6e8dfdf6ea3f594,2021-05-06_10-23-20,1620296600,38.35351848602295,38.35351848602295,18590,ip-172-31-21-130,172.31.21.130,38.35351848602295,0,1,f1fe301c,0.00014026252879867826,0.13949706552229668,0.0015357250692862392,0.17744022695595088,0.0008365610226430127
2.2918981409072874,11.0,2.2964688968658447,11.06,False,,,2,6bcf84cdfdf7422aa6e8dfdf6ea3f594,2021-05-06_10-23-58,1620296638,37.47031044960022,75.82382893562317,18590,ip-172-31-21-130,172.31.21.130,75.82382893562317,0,2,f1fe301c,0.00014026252879867826,0.13949706552229668,0.0015357250692862392,0.17744022695595088,0.0008365610226430127
2.281118459701538,11.78,2.2862165689468386,12.16,False,,,3,6bcf84cdfdf7422aa6e8dfdf6ea3f594,2021-05-06_10-24-35,1620296675,37.49001908302307,113.31384801864624,18590,ip-172-31-21-130,172.31.21.130,113.31384801864624,0,3,f1fe301c,0.00014026252879867826,0.13949706552229668,0.0015357250692862392,0.17744022695595088,0.0008365610226430127
2.270005941390991,12.62,2.2761039400100707,13.64,False,,,4,6bcf84cdfdf7422aa6e8dfdf6ea3f594,2021-05-06_10-25-13,1620296713,37.59190654754639,150.90575456619263,18590,ip-172-31-21-130,172.31.21.130,150.90575456619263,0,4,f1fe301c,0.00014026252879867826,0.13949706552229668,0.0015357250692862392,0.17744022695595088,0.0008365610226430127
2.2626845407485963,13.12,2.2693913793563842,13.82,False,,,5,6bcf84cdfdf7422aa6e8dfdf6ea3f594,2021-05-06_10-25-50,1620296750,37.51745939254761,188.42321395874023,18590,ip-172-31-21-130,172.31.21.130,188.42321395874023,0,5,f1fe301c,0.00014026252879867826,0.13949706552229668,0.0015357250692862392,0.17744022695595088,0.0008365610226430127
2.2534182500839233,13.26,2.2601616859436033,14.32,False,,,6,6bcf84cdfdf7422aa6e8dfdf6ea3f594,2021-05-06_10-26-28,1620296788,37.5284161567688,225.95163011550903,18590,ip-172-31-21-130,172.31.21.130,225.95163011550903,0,6,f1fe301c,0.00014026252879867826,0.13949706552229668,0.0015357250692862392,0.17744022695595088,0.0008365610226430127
2.2416490268707276,14.76,2.2496063899993897,15.18,False,,,7,6bcf84cdfdf7422aa6e8dfdf6ea3f594,2021-05-06_10-27-05,1620296825,37.541438817977905,263.49306893348694,18590,ip-172-31-21-130,172.31.21.130,263.49306893348694,0,7,f1fe301c,0.00014026252879867826,0.13949706552229668,0.0015357250692862392,0.17744022695595088,0.0008365610226430127
2.2260474014282225,15.72,2.2354006385803222,15.76,False,,,8,6bcf84cdfdf7422aa6e8dfdf6ea3f594,2021-05-06_10-27-43,1620296863,37.5423846244812,301.03545355796814,18590,ip-172-31-21-130,172.31.21.130,301.03545355796814,0,8,f1fe301c,0.00014026252879867826,0.13949706552229668,0.0015357250692862392,0.17744022695595088,0.0008365610226430127
2.216928701400757,15.74,2.2264793300628662,15.72,False,,,9,6bcf84cdfdf7422aa6e8dfdf6ea3f594,2021-05-06_10-28-20,1620296900,37.538888454437256,338.5743420124054,18590,ip-172-31-21-130,172.31.21.130,338.5743420124054,0,9,f1fe301c,0.00014026252879867826,0.13949706552229668,0.0015357250692862392,0.17744022695595088,0.0008365610226430127
2.202128977775574,16.64,2.2121911001205445,15.8,False,,,10,6bcf84cdfdf7422aa6e8dfdf6ea3f594,2021-05-06_10-28-58,1620296938,37.542903423309326,376.1172454357147,18590,ip-172-31-21-130,172.31.21.130,376.1172454357147,0,10,f1fe301c,0.00014026252879867826,0.13949706552229668,0.0015357250692862392,0.17744022695595088,0.0008365610226430127
2.1970363521575926,16.76,2.2070601272583006,15.86,False,,,11,6bcf84cdfdf7422aa6e8dfdf6ea3f594,2021-05-06_10-29-35,1620296975,37.53301119804382,413.65025663375854,18590,ip-172-31-21-130,172.31.21.130,413.65025663375854,0,11,f1fe301c,0.00014026252879867826,0.13949706552229668,0.0015357250692862392,0.17744022695595088,0.0008365610226430127
2.1757997417449952,17.72,2.186155319213867,16.54,False,,,12,6bcf84cdfdf7422aa6e8dfdf6ea3f594,2021-05-06_10-30-13,1620297013,37.554983615875244,451.2052402496338,18590,ip-172-31-21-130,172.31.21.130,451.2052402496338,0,12,f1fe301c,0.00014026252879867826,0.13949706552229668,0.0015357250692862392,0.17744022695595088,0.0008365610226430127
2.162636637687683,17.82,2.173345990180969,17.08,False,,,13,6bcf84cdfdf7422aa6e8dfdf6ea3f594,2021-05-06_10-30-51,1620297051,37.55396127700806,488.75920152664185,18590,ip-172-31-21-130,172.31.21.130,488.75920152664185,0,13,f1fe301c,0.00014026252879867826,0.13949706552229668,0.0015357250692862392,0.17744022695595088,0.0008365610226430127
2.1541383194923402,17.7,2.1646815443038943,17.22,False,,,14,6bcf84cdfdf7422aa6e8dfdf6ea3f594,2021-05-06_10-31-28,1620297088,37.54874300956726,526.3079445362091,18590,ip-172-31-21-130,172.31.21.130,526.3079445362091,0,14,f1fe301c,0.00014026252879867826,0.13949706552229668,0.0015357250692862392,0.17744022695595088,0.0008365610226430127
2.136125340461731,18.46,2.1455030918121336,17.66,False,,,15,6bcf84cdfdf7422aa6e8dfdf6ea3f594,2021-05-06_10-32-06,1620297126,37.54035782814026,563.8483023643494,18590,ip-172-31-21-130,172.31.21.130,563.8483023643494,0,15,f1fe301c,0.00014026252879867826,0.13949706552229668,0.0015357250692862392,0.17744022695595088,0.0008365610226430127
2.112759623527527,19.14,2.122164931297302,18.1,False,,,16,6bcf84cdfdf7422aa6e8dfdf6ea3f594,2021-05-06_10-32-43,1620297163,37.549050092697144,601.3973524570465,18590,ip-172-31-21-130,172.31.21.130,601.3973524570465,0,16,f1fe301c,0.00014026252879867826,0.13949706552229668,0.0015357250692862392,0.17744022695595088,0.0008365610226430127
2.107929677963257,19.28,2.117337636947632,18.5,False,,,17,6bcf84cdfdf7422aa6e8dfdf6ea3f594,2021-05-06_10-33-21,1620297201,37.5442008972168,638.9415533542633,18590,ip-172-31-21-130,172.31.21.130,638.9415533542633,0,17,f1fe301c,0.00014026252879867826,0.13949706552229668,0.0015357250692862392,0.17744022695595088,0.0008365610226430127
2.1077217984199526,19.02,2.117496612071991,18.5,False,,,18,6bcf84cdfdf7422aa6e8dfdf6ea3f594,2021-05-06_10-33-58,1620297238,37.534127712249756,676.4756810665131,18590,ip-172-31-21-130,172.31.21.130,676.4756810665131,0,18,f1fe301c,0.00014026252879867826,0.13949706552229668,0.0015357250692862392,0.17744022695595088,0.0008365610226430127
2.0748004484176636,20.18,2.0837988305091857,19.1,False,,,19,6bcf84cdfdf7422aa6e8dfdf6ea3f594,2021-05-06_10-34-36,1620297276,37.5323588848114,714.0080399513245,18590,ip-172-31-21-130,172.31.21.130,714.0080399513245,0,19,f1fe301c,0.00014026252879867826,0.13949706552229668,0.0015357250692862392,0.17744022695595088,0.0008365610226430127
2.06197968006134,20.52,2.0718011116981505,19.42,False,,,20,6bcf84cdfdf7422aa6e8dfdf6ea3f594,2021-05-06_10-35-13,1620297313,37.60464787483215,751.6126878261566,18590,ip-172-31-21-130,172.31.21.130,751.6126878261566,0,20,f1fe301c,0.00014026252879867826,0.13949706552229668,0.0015357250692862392,0.17744022695595088,0.0008365610226430127
2.039247148036957,21.36,2.048511252403259,20.3,False,,,21,6bcf84cdfdf7422aa6e8dfdf6ea3f594,2021-05-06_10-35-51,1620297351,37.53714895248413,789.1498367786407,18590,ip-172-31-21-130,172.31.21.130,789.1498367786407,0,21,f1fe301c,0.00014026252879867826,0.13949706552229668,0.0015357250692862392,0.17744022695595088,0.0008365610226430127
2.0392617130279542,21.36,2.0480220317840576,20.4,False,,,22,6bcf84cdfdf7422aa6e8dfdf6ea3f594,2021-05-06_10-36-29,1620297389,37.546130418777466,826.6959671974182,18590,ip-172-31-21-130,172.31.21.130,826.6959671974182,0,22,f1fe301c,0.00014026252879867826,0.13949706552229668,0.0015357250692862392,0.17744022695595088,0.0008365610226430127
2.0212103796005247,21.98,2.029794478416443,20.88,False,,,23,6bcf84cdfdf7422aa6e8dfdf6ea3f594,2021-05-06_10-37-06,1620297426,37.54641532897949,864.2423825263977,18590,ip-172-31-21-130,172.31.21.130,864.2423825263977,0,23,f1fe301c,0.00014026252879867826,0.13949706552229668,0.0015357250692862392,0.17744022695595088,0.0008365610226430127
2.025507047176361,21.86,2.033917841911316,20.56,False,,,24,6bcf84cdfdf7422aa6e8dfdf6ea3f594,2021-05-06_10-37-44,1620297464,37.54354643821716,901.7859289646149,18590,ip-172-31-21-130,172.31.21.130,901.7859289646149,0,24,f1fe301c,0.00014026252879867826,0.13949706552229668,0.0015357250692862392,0.17744022695595088,0.0008365610226430127
2.0141429233551027,22.16,2.0223121571540834,21.08,False,,,25,6bcf84cdfdf7422aa6e8dfdf6ea3f594,2021-05-06_10-38-21,1620297501,37.54277753829956,939.3287065029144,18590,ip-172-31-21-130,172.31.21.130,939.3287065029144,0,25,f1fe301c,0.00014026252879867826,0.13949706552229668,0.0015357250692862392,0.17744022695595088,0.0008365610226430127
2.001283688545227,22.46,2.0083961844444276,21.66,False,,,26,6bcf84cdfdf7422aa6e8dfdf6ea3f594,2021-05-06_10-38-59,1620297539,37.54799032211304,976.8766968250275,18590,ip-172-31-21-130,172.31.21.130,976.8766968250275,0,26,f1fe301c,0.00014026252879867826,0.13949706552229668,0.0015357250692862392,0.17744022695595088,0.0008365610226430127
1.9980535197257996,22.72,2.0057063913345337,21.8,False,,,27,6bcf84cdfdf7422aa6e8dfdf6ea3f594,2021-05-06_10-39-36,1620297576,37.54758858680725,1014.4242854118347,18590,ip-172-31-21-130,172.31.21.130,1014.4242854118347,0,27,f1fe301c,0.00014026252879867826,0.13949706552229668,0.0015357250692862392,0.17744022695595088,0.0008365610226430127
1.9915092277526856,22.88,1.999143934249878,22.18,False,,,28,6bcf84cdfdf7422aa6e8dfdf6ea3f594,2021-05-06_10-40-14,1620297614,37.536667346954346,1051.960952758789,18590,ip-172-31-21-130,172.31.21.130,1051.960952758789,0,28,f1fe301c,0.00014026252879867826,0.13949706552229668,0.0015357250692862392,0.17744022695595088,0.0008365610226430127
1.9783079648017883,23.4,1.9850437760353088,22.58,False,,,29,6bcf84cdfdf7422aa6e8dfdf6ea3f594,2021-05-06_10-40-51,1620297651,37.52837800979614,1089.4893307685852,18590,ip-172-31-21-130,172.31.21.130,1089.4893307685852,0,29,f1fe301c,0.00014026252879867826,0.13949706552229668,0.0015357250692862392,0.17744022695595088,0.0008365610226430127
1.964673900604248,24.06,1.9707018971443175,22.9,False,,,30,6bcf84cdfdf7422aa6e8dfdf6ea3f594,2021-05-06_10-41-29,1620297689,37.54319190979004,1127.0325226783752,18590,ip-172-31-21-130,172.31.21.130,1127.0325226783752,0,30,f1fe301c,0.00014026252879867826,0.13949706552229668,0.0015357250692862392,0.17744022695595088,0.0008365610226430127
1.97138046503067,24.1,1.9774815464019775,22.56,False,,,31,6bcf84cdfdf7422aa6e8dfdf6ea3f594,2021-05-06_10-42-06,1620297726,37.533461570739746,1164.565984249115,18590,ip-172-31-21-130,172.31.21.130,1164.565984249115,0,31,f1fe301c,0.00014026252879867826,0.13949706552229668,0.0015357250692862392,0.17744022695595088,0.0008365610226430127
1.9466855645179748,25.02,1.9515930700302124,23.94,False,,,32,6bcf84cdfdf7422aa6e8dfdf6ea3f594,2021-05-06_10-42-44,1620297764,37.543601751327515,1202.1095860004425,18590,ip-172-31-21-130,172.31.21.130,1202.1095860004425,0,32,f1fe301c,0.00014026252879867826,0.13949706552229668,0.0015357250692862392,0.17744022695595088,0.0008365610226430127
1.9427185606956483,24.98,1.9480820107460022,24.0,False,,,33,6bcf84cdfdf7422aa6e8dfdf6ea3f594,2021-05-06_10-43-22,1620297802,37.53217124938965,1239.6417572498322,18590,ip-172-31-21-130,172.31.21.130,1239.6417572498322,0,33,f1fe301c,0.00014026252879867826,0.13949706552229668,0.0015357250692862392,0.17744022695595088,0.0008365610226430127
1.936510763168335,25.72,1.941714107990265,24.34,False,,,34,6bcf84cdfdf7422aa6e8dfdf6ea3f594,2021-05-06_10-43-59,1620297839,37.53021597862244,1277.1719732284546,18590,ip-172-31-21-130,172.31.21.130,1277.1719732284546,0,34,f1fe301c,0.00014026252879867826,0.13949706552229668,0.0015357250692862392,0.17744022695595088,0.0008365610226430127
1.9334653472900392,25.8,1.9390352821350099,24.48,False,,,35,6bcf84cdfdf7422aa6e8dfdf6ea3f594,2021-05-06_10-44-37,1620297877,37.53630542755127,1314.7082786560059,18590,ip-172-31-21-130,172.31.21.130,1314.7082786560059,0,35,f1fe301c,0.00014026252879867826,0.13949706552229668,0.0015357250692862392,0.17744022695595088,0.0008365610226430127
1.9255311346054078,26.18,1.9304574871063231,24.86,False,,,36,6bcf84cdfdf7422aa6e8dfdf6ea3f594,2021-05-06_10-45-14,1620297914,37.61259055137634,1352.3208692073822,18590,ip-172-31-21-130,172.31.21.130,1352.3208692073822,0,36,f1fe301c,0.00014026252879867826,0.13949706552229668,0.0015357250692862392,0.17744022695595088,0.0008365610226430127
1.922447235584259,26.56,1.9278227186203003,25.2,False,,,37,6bcf84cdfdf7422aa6e8dfdf6ea3f594,2021-05-06_10-45-52,1620297952,37.55030107498169,1389.871170282364,18590,ip-172-31-21-130,172.31.21.130,1389.871170282364,0,37,f1fe301c,0.00014026252879867826,0.13949706552229668,0.0015357250692862392,0.17744022695595088,0.0008365610226430127
1.9122630906105043,27.3,1.9176195430755616,25.44,False,,,38,6bcf84cdfdf7422aa6e8dfdf6ea3f594,2021-05-06_10-46-29,1620297989,37.53891563415527,1427.4100859165192,18590,ip-172-31-21-130,172.31.21.130,1427.4100859165192,0,38,f1fe301c,0.00014026252879867826,0.13949706552229668,0.0015357250692862392,0.17744022695595088,0.0008365610226430127
1.9180925512313842,27.0,1.9225554585456848,25.7,False,,,39,6bcf84cdfdf7422aa6e8dfdf6ea3f594,2021-05-06_10-47-07,1620298027,37.55282425880432,1464.9629101753235,18590,ip-172-31-21-130,172.31.21.130,1464.9629101753235,0,39,f1fe301c,0.00014026252879867826,0.13949706552229668,0.0015357250692862392,0.17744022695595088,0.0008365610226430127
1.9058777499198913,27.44,1.9107574725151062,26.08,False,,,40,6bcf84cdfdf7422aa6e8dfdf6ea3f594,2021-05-06_10-47-44,1620298064,37.5346782207489,1502.4975883960724,18590,ip-172-31-21-130,172.31.21.130,1502.4975883960724,0,40,f1fe301c,0.00014026252879867826,0.13949706552229668,0.0015357250692862392,0.17744022695595088,0.0008365610226430127
1.8974945974349975,27.94,1.9029338264465332,26.76,False,,,41,6bcf84cdfdf7422aa6e8dfdf6ea3f594,2021-05-06_10-48-22,1620298102,37.55768799781799,1540.0552763938904,18590,ip-172-31-21-130,172.31.21.130,1540.0552763938904,0,41,f1fe301c,0.00014026252879867826,0.13949706552229668,0.0015357250692862392,0.17744022695595088,0.0008365610226430127
1.8868751215934754,28.4,1.892085771560669,27.02,False,,,42,6bcf84cdfdf7422aa6e8dfdf6ea3f594,2021-05-06_10-49-00,1620298140,37.54802894592285,1577.6033053398132,18590,ip-172-31-21-130,172.31.21.130,1577.6033053398132,0,42,f1fe301c,0.00014026252879867826,0.13949706552229668,0.0015357250692862392,0.17744022695595088,0.0008365610226430127
1.8928878235816955,28.36,1.8978095626831055,27.1,False,,,43,6bcf84cdfdf7422aa6e8dfdf6ea3f594,2021-05-06_10-49-37,1620298177,37.5297966003418,1615.133101940155,18590,ip-172-31-21-130,172.31.21.130,1615.133101940155,0,43,f1fe301c,0.00014026252879867826,0.13949706552229668,0.0015357250692862392,0.17744022695595088,0.0008365610226430127
1.883364200592041,28.54,1.888916380405426,27.58,False,,,44,6bcf84cdfdf7422aa6e8dfdf6ea3f594,2021-05-06_10-50-15,1620298215,37.55118703842163,1652.6842889785767,18590,ip-172-31-21-130,172.31.21.130,1652.6842889785767,0,44,f1fe301c,0.00014026252879867826,0.13949706552229668,0.0015357250692862392,0.17744022695595088,0.0008365610226430127
1.8918901181221008,28.38,1.8973028469085693,27.34,False,,,45,6bcf84cdfdf7422aa6e8dfdf6ea3f594,2021-05-06_10-50-52,1620298252,37.53007888793945,1690.214367866516,18590,ip-172-31-21-130,172.31.21.130,1690.214367866516,0,45,f1fe301c,0.00014026252879867826,0.13949706552229668,0.0015357250692862392,0.17744022695595088,0.0008365610226430127
1.8686874508857727,29.32,1.8749256134033203,28.32,True,,,46,6bcf84cdfdf7422aa6e8dfdf6ea3f594,2021-05-06_10-51-30,1620298290,37.546257734298706,1727.7606256008148,18590,ip-172-31-21-130,172.31.21.130,1727.7606256008148,0,46,f1fe301c,0.00014026252879867826,0.13949706552229668,0.0015357250692862392,0.17744022695595088,0.0008365610226430127
loss,acc,test_loss,test_acc,done,timesteps_total,episodes_total,training_iteration,experiment_id,date,timestamp,time_this_iter_s,time_total_s,pid,hostname,node_ip,time_since_restore,timesteps_since_restore,iterations_since_restore,trial_id,config/lr,config/drp,config/weight_decay,config/momentum,config/eps
2.333991265296936,10.08,2.3364444637298583,9.68,False,,,1,d7045e5eaa2e437a9c0fc5dd83a8986b,2021-05-06_10-52-28,1620298348,38.32048225402832,38.32048225402832,18589,ip-172-31-21-130,172.31.21.130,38.32048225402832,0,1,03bea6f2,2.9654468491868336e-08,0.10971106434930061,0.0011298694839144761,0.024679751192137,0.00013987675249315753
2.334569396972656,9.9,2.3365068149566652,9.98,False,,,2,d7045e5eaa2e437a9c0fc5dd83a8986b,2021-05-06_10-53-06,1620298386,37.46839451789856,75.78887677192688,18589,ip-172-31-21-130,172.31.21.130,75.78887677192688,0,2,03bea6f2,2.9654468491868336e-08,0.10971106434930061,0.0011298694839144761,0.024679751192137,0.00013987675249315753
2.332712759971619,10.18,2.3360333919525145,9.96,False,,,3,d7045e5eaa2e437a9c0fc5dd83a8986b,2021-05-06_10-53-43,1620298423,37.50281834602356,113.29169511795044,18589,ip-172-31-21-130,172.31.21.130,113.29169511795044,0,3,03bea6f2,2.9654468491868336e-08,0.10971106434930061,0.0011298694839144761,0.024679751192137,0.00013987675249315753
2.333992500305176,10.02,2.3370275259017945,9.68,False,,,4,d7045e5eaa2e437a9c0fc5dd83a8986b,2021-05-06_10-54-21,1620298461,37.52047824859619,150.81217336654663,18589,ip-172-31-21-130,172.31.21.130,150.81217336654663,0,4,03bea6f2,2.9654468491868336e-08,0.10971106434930061,0.0011298694839144761,0.024679751192137,0.00013987675249315753
2.33523175239563,9.92,2.3370435523986814,10.06,False,,,5,d7045e5eaa2e437a9c0fc5dd83a8986b,2021-05-06_10-54-58,1620298498,37.59894037246704,188.41111373901367,18589,ip-172-31-21-130,172.31.21.130,188.41111373901367,0,5,03bea6f2,2.9654468491868336e-08,0.10971106434930061,0.0011298694839144761,0.024679751192137,0.00013987675249315753
2.3347083711624146,10.0,2.3365352153778076,9.84,False,,,6,d7045e5eaa2e437a9c0fc5dd83a8986b,2021-05-06_10-55-36,1620298536,37.52165412902832,225.932767868042,18589,ip-172-31-21-130,172.31.21.130,225.932767868042,0,6,03bea6f2,2.9654468491868336e-08,0.10971106434930061,0.0011298694839144761,0.024679751192137,0.00013987675249315753
2.3340415382385253,9.9,2.3354867839813234,10.08,False,,,7,d7045e5eaa2e437a9c0fc5dd83a8986b,2021-05-06_10-56-13,1620298573,37.517677783966064,263.45044565200806,18589,ip-172-31-21-130,172.31.21.130,263.45044565200806,0,7,03bea6f2,2.9654468491868336e-08,0.10971106434930061,0.0011298694839144761,0.024679751192137,0.00013987675249315753
2.3337459421157836,10.22,2.3365962362289427,9.98,False,,,8,d7045e5eaa2e437a9c0fc5dd83a8986b,2021-05-06_10-56-51,1620298611,37.5239155292511,300.97436118125916,18589,ip-172-31-21-130,172.31.21.130,300.97436118125916,0,8,03bea6f2,2.9654468491868336e-08,0.10971106434930061,0.0011298694839144761,0.024679751192137,0.00013987675249315753
2.333710427284241,10.0,2.3365232706069947,9.94,False,,,9,d7045e5eaa2e437a9c0fc5dd83a8986b,2021-05-06_10-57-28,1620298648,37.54176449775696,338.5161256790161,18589,ip-172-31-21-130,172.31.21.130,338.5161256790161,0,9,03bea6f2,2.9654468491868336e-08,0.10971106434930061,0.0011298694839144761,0.024679751192137,0.00013987675249315753
2.335131969451904,10.08,2.3368929767608644,9.76,False,,,10,d7045e5eaa2e437a9c0fc5dd83a8986b,2021-05-06_10-58-06,1620298686,37.533499002456665,376.0496246814728,18589,ip-172-31-21-130,172.31.21.130,376.0496246814728,0,10,03bea6f2,2.9654468491868336e-08,0.10971106434930061,0.0011298694839144761,0.024679751192137,0.00013987675249315753
2.334464502334595,9.74,2.337325005531311,9.92,False,,,11,d7045e5eaa2e437a9c0fc5dd83a8986b,2021-05-06_10-58-44,1620298724,37.533780336380005,413.5834050178528,18589,ip-172-31-21-130,172.31.21.130,413.5834050178528,0,11,03bea6f2,2.9654468491868336e-08,0.10971106434930061,0.0011298694839144761,0.024679751192137,0.00013987675249315753
2.3342127799987793,10.0,2.3365844440460206,9.8,False,,,12,d7045e5eaa2e437a9c0fc5dd83a8986b,2021-05-06_10-59-21,1620298761,37.537631034851074,451.12103605270386,18589,ip-172-31-21-130,172.31.21.130,451.12103605270386,0,12,03bea6f2,2.9654468491868336e-08,0.10971106434930061,0.0011298694839144761,0.024679751192137,0.00013987675249315753
2.334320430755615,9.86,2.3359967279434204,10.12,False,,,13,d7045e5eaa2e437a9c0fc5dd83a8986b,2021-05-06_10-59-59,1620298799,37.53377556800842,488.6548116207123,18589,ip-172-31-21-130,172.31.21.130,488.6548116207123,0,13,03bea6f2,2.9654468491868336e-08,0.10971106434930061,0.0011298694839144761,0.024679751192137,0.00013987675249315753
2.3342867374420164,10.0,2.3372740030288695,9.74,False,,,14,d7045e5eaa2e437a9c0fc5dd83a8986b,2021-05-06_11-00-36,1620298836,37.51921725273132,526.1740288734436,18589,ip-172-31-21-130,172.31.21.130,526.1740288734436,0,14,03bea6f2,2.9654468491868336e-08,0.10971106434930061,0.0011298694839144761,0.024679751192137,0.00013987675249315753
2.334442663192749,10.16,2.336556463241577,10.02,False,,,15,d7045e5eaa2e437a9c0fc5dd83a8986b,2021-05-06_11-01-14,1620298874,37.5289146900177,563.7029435634613,18589,ip-172-31-21-130,172.31.21.130,563.7029435634613,0,15,03bea6f2,2.9654468491868336e-08,0.10971106434930061,0.0011298694839144761,0.024679751192137,0.00013987675249315753
2.3347599601745603,10.06,2.337438549995422,9.7,False,,,16,d7045e5eaa2e437a9c0fc5dd83a8986b,2021-05-06_11-01-51,1620298911,37.52106690406799,601.2240104675293,18589,ip-172-31-21-130,172.31.21.130,601.2240104675293,0,16,03bea6f2,2.9654468491868336e-08,0.10971106434930061,0.0011298694839144761,0.024679751192137,0.00013987675249315753
2.3354123067855834,9.86,2.3367498540878295,10.0,False,,,17,d7045e5eaa2e437a9c0fc5dd83a8986b,2021-05-06_11-02-29,1620298949,37.52479696273804,638.7488074302673,18589,ip-172-31-21-130,172.31.21.130,638.7488074302673,0,17,03bea6f2,2.9654468491868336e-08,0.10971106434930061,0.0011298694839144761,0.024679751192137,0.00013987675249315753
2.3338788652420046,9.82,2.3361461305618287,10.0,False,,,18,d7045e5eaa2e437a9c0fc5dd83a8986b,2021-05-06_11-03-06,1620298986,37.51886796951294,676.2676753997803,18589,ip-172-31-21-130,172.31.21.130,676.2676753997803,0,18,03bea6f2,2.9654468491868336e-08,0.10971106434930061,0.0011298694839144761,0.024679751192137,0.00013987675249315753
2.3344503116607664,9.76,2.3358774375915528,10.08,False,,,19,d7045e5eaa2e437a9c0fc5dd83a8986b,2021-05-06_11-03-44,1620299024,37.541545391082764,713.809220790863,18589,ip-172-31-21-130,172.31.21.130,713.809220790863,0,19,03bea6f2,2.9654468491868336e-08,0.10971106434930061,0.0011298694839144761,0.024679751192137,0.00013987675249315753
2.3346787548065184,10.14,2.3377095651626587,9.7,False,,,20,d7045e5eaa2e437a9c0fc5dd83a8986b,2021-05-06_11-04-21,1620299061,37.528796434402466,751.3380172252655,18589,ip-172-31-21-130,172.31.21.130,751.3380172252655,0,20,03bea6f2,2.9654468491868336e-08,0.10971106434930061,0.0011298694839144761,0.024679751192137,0.00013987675249315753
2.3344792222976682,9.76,2.336658215522766,10.02,False,,,21,d7045e5eaa2e437a9c0fc5dd83a8986b,2021-05-06_11-04-59,1620299099,37.59421443939209,788.9322316646576,18589,ip-172-31-21-130,172.31.21.130,788.9322316646576,0,21,03bea6f2,2.9654468491868336e-08,0.10971106434930061,0.0011298694839144761,0.024679751192137,0.00013987675249315753
2.3344819927215577,9.96,2.3359979343414308,10.34,False,,,22,d7045e5eaa2e437a9c0fc5dd83a8986b,2021-05-06_11-05-36,1620299136,37.513999938964844,826.4462316036224,18589,ip-172-31-21-130,172.31.21.130,826.4462316036224,0,22,03bea6f2,2.9654468491868336e-08,0.10971106434930061,0.0011298694839144761,0.024679751192137,0.00013987675249315753
2.3345074224472047,10.02,2.3358844089508057,9.86,False,,,23,d7045e5eaa2e437a9c0fc5dd83a8986b,2021-05-06_11-06-14,1620299174,37.5450074672699,863.9912390708923,18589,ip-172-31-21-130,172.31.21.130,863.9912390708923,0,23,03bea6f2,2.9654468491868336e-08,0.10971106434930061,0.0011298694839144761,0.024679751192137,0.00013987675249315753
2.3336836767196654,10.3,2.3362032556533814,9.82,False,,,24,d7045e5eaa2e437a9c0fc5dd83a8986b,2021-05-06_11-06-52,1620299212,37.52395987510681,901.5151989459991,18589,ip-172-31-21-130,172.31.21.130,901.5151989459991,0,24,03bea6f2,2.9654468491868336e-08,0.10971106434930061,0.0011298694839144761,0.024679751192137,0.00013987675249315753
2.3340129804611207,9.76,2.3361838912963866,10.06,False,,,25,d7045e5eaa2e437a9c0fc5dd83a8986b,2021-05-06_11-07-29,1620299249,37.518436431884766,939.0336353778839,18589,ip-172-31-21-130,172.31.21.130,939.0336353778839,0,25,03bea6f2,2.9654468491868336e-08,0.10971106434930061,0.0011298694839144761,0.024679751192137,0.00013987675249315753
2.3340292739868165,10.18,2.3358085632324217,9.92,False,,,26,d7045e5eaa2e437a9c0fc5dd83a8986b,2021-05-06_11-08-07,1620299287,37.52395987510681,976.5575952529907,18589,ip-172-31-21-130,172.31.21.130,976.5575952529907,0,26,03bea6f2,2.9654468491868336e-08,0.10971106434930061,0.0011298694839144761,0.024679751192137,0.00013987675249315753
2.334083957672119,9.84,2.335075616836548,9.9,False,,,27,d7045e5eaa2e437a9c0fc5dd83a8986b,2021-05-06_11-08-44,1620299324,37.53245997428894,1014.0900552272797,18589,ip-172-31-21-130,172.31.21.130,1014.0900552272797,0,27,03bea6f2,2.9654468491868336e-08,0.10971106434930061,0.0011298694839144761,0.024679751192137,0.00013987675249315753
2.333418397903442,9.64,2.335458030700684,9.9,False,,,28,d7045e5eaa2e437a9c0fc5dd83a8986b,2021-05-06_11-09-22,1620299362,37.52917170524597,1051.6192269325256,18589,ip-172-31-21-130,172.31.21.130,1051.6192269325256,0,28,03bea6f2,2.9654468491868336e-08,0.10971106434930061,0.0011298694839144761,0.024679751192137,0.00013987675249315753
2.334010934829712,10.14,2.3368675661087037,9.94,False,,,29,d7045e5eaa2e437a9c0fc5dd83a8986b,2021-05-06_11-09-59,1620299399,37.524821758270264,1089.144048690796,18589,ip-172-31-21-130,172.31.21.130,1089.144048690796,0,29,03bea6f2,2.9654468491868336e-08,0.10971106434930061,0.0011298694839144761,0.024679751192137,0.00013987675249315753
2.3343818044662474,9.92,2.3364677667617797,10.08,False,,,30,d7045e5eaa2e437a9c0fc5dd83a8986b,2021-05-06_11-10-37,1620299437,37.52064371109009,1126.664692401886,18589,ip-172-31-21-130,172.31.21.130,1126.664692401886,0,30,03bea6f2,2.9654468491868336e-08,0.10971106434930061,0.0011298694839144761,0.024679751192137,0.00013987675249315753
2.334167494773865,10.08,2.336342463493347,9.58,False,,,31,d7045e5eaa2e437a9c0fc5dd83a8986b,2021-05-06_11-11-14,1620299474,37.53589749336243,1164.2005898952484,18589,ip-172-31-21-130,172.31.21.130,1164.2005898952484,0,31,03bea6f2,2.9654468491868336e-08,0.10971106434930061,0.0011298694839144761,0.024679751192137,0.00013987675249315753
2.3338563680648803,10.12,2.336503291130066,9.92,False,,,32,d7045e5eaa2e437a9c0fc5dd83a8986b,2021-05-06_11-11-52,1620299512,37.53025269508362,1201.730842590332,18589,ip-172-31-21-130,172.31.21.130,1201.730842590332,0,32,03bea6f2,2.9654468491868336e-08,0.10971106434930061,0.0011298694839144761,0.024679751192137,0.00013987675249315753
2.3339700269699097,10.08,2.337255554199219,9.68,False,,,33,d7045e5eaa2e437a9c0fc5dd83a8986b,2021-05-06_11-12-29,1620299549,37.54119682312012,1239.2720394134521,18589,ip-172-31-21-130,172.31.21.130,1239.2720394134521,0,33,03bea6f2,2.9654468491868336e-08,0.10971106434930061,0.0011298694839144761,0.024679751192137,0.00013987675249315753
2.333633584976196,10.02,2.3360070753097535,10.0,False,,,34,d7045e5eaa2e437a9c0fc5dd83a8986b,2021-05-06_11-13-07,1620299587,37.542001485824585,1276.8140408992767,18589,ip-172-31-21-130,172.31.21.130,1276.8140408992767,0,34,03bea6f2,2.9654468491868336e-08,0.10971106434930061,0.0011298694839144761,0.024679751192137,0.00013987675249315753
2.3338286876678467,10.16,2.3360336923599245,9.88,False,,,35,d7045e5eaa2e437a9c0fc5dd83a8986b,2021-05-06_11-13-44,1620299624,37.52693176269531,1314.340972661972,18589,ip-172-31-21-130,172.31.21.130,1314.340972661972,0,35,03bea6f2,2.9654468491868336e-08,0.10971106434930061,0.0011298694839144761,0.024679751192137,0.00013987675249315753
2.334467821121216,10.16,2.336466836929321,9.96,False,,,36,d7045e5eaa2e437a9c0fc5dd83a8986b,2021-05-06_11-14-22,1620299662,37.534976959228516,1351.8759496212006,18589,ip-172-31-21-130,172.31.21.130,1351.8759496212006,0,36,03bea6f2,2.9654468491868336e-08,0.10971106434930061,0.0011298694839144761,0.024679751192137,0.00013987675249315753
2.335192155838013,9.88,2.3370622062683104,9.84,False,,,37,d7045e5eaa2e437a9c0fc5dd83a8986b,2021-05-06_11-15-00,1620299700,37.60492730140686,1389.4808769226074,18589,ip-172-31-21-130,172.31.21.130,1389.4808769226074,0,37,03bea6f2,2.9654468491868336e-08,0.10971106434930061,0.0011298694839144761,0.024679751192137,0.00013987675249315753
2.334519987106323,9.76,2.3351209926605225,9.92,False,,,38,d7045e5eaa2e437a9c0fc5dd83a8986b,2021-05-06_11-15-37,1620299737,37.52553105354309,1427.0064079761505,18589,ip-172-31-21-130,172.31.21.130,1427.0064079761505,0,38,03bea6f2,2.9654468491868336e-08,0.10971106434930061,0.0011298694839144761,0.024679751192137,0.00013987675249315753
2.3346996688842774,9.9,2.336458234786987,10.0,False,,,39,d7045e5eaa2e437a9c0fc5dd83a8986b,2021-05-06_11-16-15,1620299775,37.53775668144226,1464.5441646575928,18589,ip-172-31-21-130,172.31.21.130,1464.5441646575928,0,39,03bea6f2,2.9654468491868336e-08,0.10971106434930061,0.0011298694839144761,0.024679751192137,0.00013987675249315753
2.3334967708587646,9.94,2.3353031969070432,10.0,False,,,40,d7045e5eaa2e437a9c0fc5dd83a8986b,2021-05-06_11-16-52,1620299812,37.53102111816406,1502.0751857757568,18589,ip-172-31-21-130,172.31.21.130,1502.0751857757568,0,40,03bea6f2,2.9654468491868336e-08,0.10971106434930061,0.0011298694839144761,0.024679751192137,0.00013987675249315753
2.333816366195679,9.96,2.3354365634918213,9.88,False,,,41,d7045e5eaa2e437a9c0fc5dd83a8986b,2021-05-06_11-17-30,1620299850,37.52525019645691,1539.6004359722137,18589,ip-172-31-21-130,172.31.21.130,1539.6004359722137,0,41,03bea6f2,2.9654468491868336e-08,0.10971106434930061,0.0011298694839144761,0.024679751192137,0.00013987675249315753
2.3334791707992553,9.8,2.3352058792114256,10.0,False,,,42,d7045e5eaa2e437a9c0fc5dd83a8986b,2021-05-06_11-18-07,1620299887,37.542266845703125,1577.1427028179169,18589,ip-172-31-21-130,172.31.21.130,1577.1427028179169,0,42,03bea6f2,2.9654468491868336e-08,0.10971106434930061,0.0011298694839144761,0.024679751192137,0.00013987675249315753
2.33413281917572,10.02,2.3365223026275634,9.86,False,,,43,d7045e5eaa2e437a9c0fc5dd83a8986b,2021-05-06_11-18-45,1620299925,37.53597402572632,1614.6786768436432,18589,ip-172-31-21-130,172.31.21.130,1614.6786768436432,0,43,03bea6f2,2.9654468491868336e-08,0.10971106434930061,0.0011298694839144761,0.024679751192137,0.00013987675249315753
2.334150733947754,10.06,2.335939130783081,9.9,False,,,44,d7045e5eaa2e437a9c0fc5dd83a8986b,2021-05-06_11-19-22,1620299962,37.529152154922485,1652.2078289985657,18589,ip-172-31-21-130,172.31.21.130,1652.2078289985657,0,44,03bea6f2,2.9654468491868336e-08,0.10971106434930061,0.0011298694839144761,0.024679751192137,0.00013987675249315753
2.3347553491592405,10.1,2.337341380119324,9.92,False,,,45,d7045e5eaa2e437a9c0fc5dd83a8986b,2021-05-06_11-20-00,1620300000,37.53754425048828,1689.745373249054,18589,ip-172-31-21-130,172.31.21.130,1689.745373249054,0,45,03bea6f2,2.9654468491868336e-08,0.10971106434930061,0.0011298694839144761,0.024679751192137,0.00013987675249315753
2.333669214248657,10.18,2.336439642906189,9.64,True,,,46,d7045e5eaa2e437a9c0fc5dd83a8986b,2021-05-06_11-20-37,1620300037,37.52184796333313,1727.267221212387,18589,ip-172-31-21-130,172.31.21.130,1727.267221212387,0,46,03bea6f2,2.9654468491868336e-08,0.10971106434930061,0.0011298694839144761,0.024679751192137,0.00013987675249315753
loss,acc,test_loss,test_acc,done,timesteps_total,episodes_total,training_iteration,experiment_id,date,timestamp,time_this_iter_s,time_total_s,pid,hostname,node_ip,time_since_restore,timesteps_since_restore,iterations_since_restore,trial_id,config/lr,config/drp,config/weight_decay,config/momentum,config/eps
2.2035216760635374,14.68,2.2042857074737547,15.24,False,,,1,93e075e749534893994e059aff363e00,2021-05-06_11-21-36,1620300096,38.3429114818573,38.3429114818573,18592,ip-172-31-21-130,172.31.21.130,38.3429114818573,0,1,1572548a,0.0013110919644922171,0.13519308484053666,0.0030728065211790456,0.013858339048168272,0.002636560658010313
2.0730110144615175,20.92,2.079495053291321,20.8,False,,,2,93e075e749534893994e059aff363e00,2021-05-06_11-22-13,1620300133,37.4367949962616,75.7797064781189,18592,ip-172-31-21-130,172.31.21.130,75.7797064781189,0,2,1572548a,0.0013110919644922171,0.13519308484053666,0.0030728065211790456,0.013858339048168272,0.002636560658010313
1.9645024013519288,24.98,1.9705107665061952,25.02,False,,,3,93e075e749534893994e059aff363e00,2021-05-06_11-22-51,1620300171,37.47907376289368,113.25878024101257,18592,ip-172-31-21-130,172.31.21.130,113.25878024101257,0,3,1572548a,0.0013110919644922171,0.13519308484053666,0.0030728065211790456,0.013858339048168272,0.002636560658010313
1.933383514881134,26.34,1.9404812932014466,26.68,False,,,4,93e075e749534893994e059aff363e00,2021-05-06_11-23-28,1620300208,37.4843807220459,150.74316096305847,18592,ip-172-31-21-130,172.31.21.130,150.74316096305847,0,4,1572548a,0.0013110919644922171,0.13519308484053666,0.0030728065211790456,0.013858339048168272,0.002636560658010313
1.899998517036438,27.52,1.9058194303512572,28.0,False,,,5,93e075e749534893994e059aff363e00,2021-05-06_11-24-06,1620300246,37.498682498931885,188.24184346199036,18592,ip-172-31-21-130,172.31.21.130,188.24184346199036,0,5,1572548a,0.0013110919644922171,0.13519308484053666,0.0030728065211790456,0.013858339048168272,0.002636560658010313
