loss,test,done,timesteps_total,episodes_total,training_iteration,experiment_id,date,timestamp,time_this_iter_s,time_total_s,pid,hostname,node_ip,time_since_restore,timesteps_since_restore,iterations_since_restore,trial_id,config/sigmoid_func,config/hidden_dim,config/n_layer,config/lr,config/weight_decay,config/b1,config/b2,config/droupout_prob
0.1134,0.1136,False,,,1,e1b16e56993746bdb0ab20dae6835629,2021-03-22_11-38-15,1616413095,7.075908422470093,7.075908422470093,1852,2a81f27a3e9c,172.28.0.2,7.075908422470093,0,1,1011a2e8,1,43,2,0.022201696013356805,0.09085614311007341,0.9392739659648669,0.9941758899985245,0.2199783075376547
0.1134,0.1136,False,,,2,e1b16e56993746bdb0ab20dae6835629,2021-03-22_11-38-22,1616413102,7.141629219055176,14.217537641525269,1852,2a81f27a3e9c,172.28.0.2,14.217537641525269,0,2,1011a2e8,1,43,2,0.022201696013356805,0.09085614311007341,0.9392739659648669,0.9941758899985245,0.2199783075376547
loss,test,done,timesteps_total,episodes_total,training_iteration,experiment_id,date,timestamp,time_this_iter_s,time_total_s,pid,hostname,node_ip,time_since_restore,timesteps_since_restore,iterations_since_restore,trial_id,config/sigmoid_func,config/hidden_dim,config/n_layer,config/lr,config/weight_decay,config/b1,config/b2,config/droupout_prob
0.1128,0.1142,False,,,1,f320c0bd95f54861a085ec6d1d9e4171,2021-03-22_11-38-33,1616413113,7.278687477111816,7.278687477111816,1851,2a81f27a3e9c,172.28.0.2,7.278687477111816,0,1,101e41f6,1,43,2,0.018593514278012608,0.0635426819335331,0.9113140407716465,0.995958313051014,0.6571786039468075
0.1128,0.1142,False,,,2,f320c0bd95f54861a085ec6d1d9e4171,2021-03-22_11-38-41,1616413121,7.260541200637817,14.539228677749634,1851,2a81f27a3e9c,172.28.0.2,14.539228677749634,0,2,101e41f6,1,43,2,0.018593514278012608,0.0635426819335331,0.9113140407716465,0.995958313051014,0.6571786039468075
loss,test,done,timesteps_total,episodes_total,training_iteration,experiment_id,date,timestamp,time_this_iter_s,time_total_s,pid,hostname,node_ip,time_since_restore,timesteps_since_restore,iterations_since_restore,trial_id,config/sigmoid_func,config/hidden_dim,config/n_layer,config/lr,config/weight_decay,config/b1,config/b2,config/droupout_prob
0.115,0.112,False,,,1,3085132084b740038d339519c8cec53c,2021-03-22_11-38-53,1616413133,7.159101486206055,7.159101486206055,1924,2a81f27a3e9c,172.28.0.2,7.159101486206055,0,1,1b3b58e4,1,43,2,0.02424602290761436,0.028710110490538385,0.9297226789930424,0.9987156282073152,0.333933580856912
0.115,0.112,False,,,2,3085132084b740038d339519c8cec53c,2021-03-22_11-39-00,1616413140,7.033775329589844,14.192876815795898,1924,2a81f27a3e9c,172.28.0.2,14.192876815795898,0,2,1b3b58e4,1,43,2,0.02424602290761436,0.028710110490538385,0.9297226789930424,0.9987156282073152,0.333933580856912
loss,test,done,timesteps_total,episodes_total,training_iteration,experiment_id,date,timestamp,time_this_iter_s,time_total_s,pid,hostname,node_ip,time_since_restore,timesteps_since_restore,iterations_since_restore,trial_id,config/sigmoid_func,config/hidden_dim,config/n_layer,config/lr,config/weight_decay,config/b1,config/b2,config/droupout_prob
0.9288,0.923,False,,,1,20eb83b545ff48f0bf044e2c42414cb0,2021-03-22_11-39-12,1616413152,7.029812335968018,7.029812335968018,1945,2a81f27a3e9c,172.28.0.2,7.029812335968018,0,1,268994b8,1,43,2,0.02234018442570784,0.01824213890236591,0.9944906892152635,0.9974583422213671,0.774450758535942
0.9228,0.9222,False,,,2,20eb83b545ff48f0bf044e2c42414cb0,2021-03-22_11-39-19,1616413159,6.982429504394531,14.012241840362549,1945,2a81f27a3e9c,172.28.0.2,14.012241840362549,0,2,268994b8,1,43,2,0.02234018442570784,0.01824213890236591,0.9944906892152635,0.9974583422213671,0.774450758535942
loss,test,done,timesteps_total,episodes_total,training_iteration,experiment_id,date,timestamp,time_this_iter_s,time_total_s,pid,hostname,node_ip,time_since_restore,timesteps_since_restore,iterations_since_restore,trial_id,config/sigmoid_func,config/hidden_dim,config/n_layer,config/lr,config/weight_decay,config/b1,config/b2,config/droupout_prob
0.8548,0.855,False,,,1,cccc4730ac9c437380cf72086e38c187,2021-03-22_11-39-31,1616413171,7.036044120788574,7.036044120788574,1967,2a81f27a3e9c,172.28.0.2,7.036044120788574,0,1,31fcac5e,1,43,2,0.05863807439090137,0.05230858438141962,0.9793226692602179,0.9932108535998091,0.5019554375000315
0.8538,0.856,False,,,2,cccc4730ac9c437380cf72086e38c187,2021-03-22_11-39-38,1616413178,6.935180902481079,13.971225023269653,1967,2a81f27a3e9c,172.28.0.2,13.971225023269653,0,2,31fcac5e,1,43,2,0.05863807439090137,0.05230858438141962,0.9793226692602179,0.9932108535998091,0.5019554375000315
loss,test,done,timesteps_total,episodes_total,training_iteration,experiment_id,date,timestamp,time_this_iter_s,time_total_s,pid,hostname,node_ip,time_since_restore,timesteps_since_restore,iterations_since_restore,trial_id,config/sigmoid_func,config/hidden_dim,config/n_layer,config/lr,config/weight_decay,config/b1,config/b2,config/droupout_prob
0.9462,0.9456,False,,,1,caab28b58065436582b5cdf7b4244673,2021-03-22_11-39-50,1616413190,6.814146995544434,6.814146995544434,1991,2a81f27a3e9c,172.28.0.2,6.814146995544434,0,1,3d5bceae,1,43,2,0.020821728134363327,0.010629968167803748,0.9492655959733923,0.9912259917443546,0.33581221341777884
0.9552,0.9488,False,,,2,caab28b58065436582b5cdf7b4244673,2021-03-22_11-39-56,1616413196,6.663081407546997,13.47722840309143,1991,2a81f27a3e9c,172.28.0.2,13.47722840309143,0,2,3d5bceae,1,43,2,0.020821728134363327,0.010629968167803748,0.9492655959733923,0.9912259917443546,0.33581221341777884
loss,test,done,timesteps_total,episodes_total,training_iteration,experiment_id,date,timestamp,time_this_iter_s,time_total_s,pid,hostname,node_ip,time_since_restore,timesteps_since_restore,iterations_since_restore,trial_id,config/sigmoid_func,config/hidden_dim,config/n_layer,config/lr,config/weight_decay,config/b1,config/b2,config/droupout_prob
0.1046,0.101,False,,,1,10037e974d1f42d79af1d6c35a12bc61,2021-03-22_11-40-09,1616413209,7.259350776672363,7.259350776672363,2014,2a81f27a3e9c,172.28.0.2,7.259350776672363,0,1,48b0ccb4,1,43,2,0.01651062578668871,0.06004837552077794,0.9026809332305807,0.9919671906259554,0.4660634996117809
0.117,0.11,False,,,2,10037e974d1f42d79af1d6c35a12bc61,2021-03-22_11-40-16,1616413216,6.950011730194092,14.209362506866455,2014,2a81f27a3e9c,172.28.0.2,14.209362506866455,0,2,48b0ccb4,1,43,2,0.01651062578668871,0.06004837552077794,0.9026809332305807,0.9919671906259554,0.4660634996117809
loss,test,done,timesteps_total,episodes_total,training_iteration,experiment_id,date,timestamp,time_this_iter_s,time_total_s,pid,hostname,node_ip,time_since_restore,timesteps_since_restore,iterations_since_restore,trial_id,config/sigmoid_func,config/hidden_dim,config/n_layer,config/lr,config/weight_decay,config/b1,config/b2,config/droupout_prob
0.1038,0.1026,False,,,1,7bbc09e33cd54386b1397192e5a4da68,2021-03-22_11-40-27,1616413227,6.823625564575195,6.823625564575195,2036,2a81f27a3e9c,172.28.0.2,6.823625564575195,0,1,53b0998c,1,43,2,0.07645537230775624,0.0707102407778976,0.9339189786836172,0.996731813641788,0.17835589925198087
0.1114,0.1156,False,,,2,7bbc09e33cd54386b1397192e5a4da68,2021-03-22_11-40-34,1616413234,6.637643575668335,13.46126914024353,2036,2a81f27a3e9c,172.28.0.2,13.46126914024353,0,2,53b0998c,1,43,2,0.07645537230775624,0.0707102407778976,0.9339189786836172,0.996731813641788,0.17835589925198087
loss,test,done,timesteps_total,episodes_total,training_iteration,experiment_id,date,timestamp,time_this_iter_s,time_total_s,pid,hostname,node_ip,time_since_restore,timesteps_since_restore,iterations_since_restore,trial_id,config/sigmoid_func,config/hidden_dim,config/n_layer,config/lr,config/weight_decay,config/b1,config/b2,config/droupout_prob
0.1006,0.1014,False,,,1,5985b2305fcf4239892a79ce5880a9b3,2021-03-22_11-40-46,1616413246,6.78214955329895,6.78214955329895,2057,2a81f27a3e9c,172.28.0.2,6.78214955329895,0,1,5f20d7a0,1,43,2,0.048200582299290966,0.04361308919283754,0.9533475535113238,0.9904150536499146,0.7766172276079147
0.1114,0.1156,False,,,2,5985b2305fcf4239892a79ce5880a9b3,2021-03-22_11-40-52,1616413252,6.651791572570801,13.433941125869751,2057,2a81f27a3e9c,172.28.0.2,13.433941125869751,0,2,5f20d7a0,1,43,2,0.048200582299290966,0.04361308919283754,0.9533475535113238,0.9904150536499146,0.7766172276079147
loss,test,done,timesteps_total,episodes_total,training_iteration,experiment_id,date,timestamp,time_this_iter_s,time_total_s,pid,hostname,node_ip,time_since_restore,timesteps_since_restore,iterations_since_restore,trial_id,config/sigmoid_func,config/hidden_dim,config/n_layer,config/lr,config/weight_decay,config/b1,config/b2,config/droupout_prob
0.1116,0.1154,False,,,1,094b09ad1c9b4487846cc2fc3880f585,2021-03-22_11-41-04,1616413264,6.742239475250244,6.742239475250244,2080,2a81f27a3e9c,172.28.0.2,6.742239475250244,0,1,6a16958c,1,43,2,0.01147227695080844,0.07807492140216243,0.9073605745319667,0.9982345166305743,0.8325792128973273
0.1116,0.1154,False,,,2,094b09ad1c9b4487846cc2fc3880f585,2021-03-22_11-41-11,1616413271,6.79522705078125,13.537466526031494,2080,2a81f27a3e9c,172.28.0.2,13.537466526031494,0,2,6a16958c,1,43,2,0.01147227695080844,0.07807492140216243,0.9073605745319667,0.9982345166305743,0.8325792128973273
loss,test,done,timesteps_total,episodes_total,training_iteration,experiment_id,date,timestamp,time_this_iter_s,time_total_s,pid,hostname,node_ip,time_since_restore,timesteps_since_restore,iterations_since_restore,trial_id,config/sigmoid_func,config/hidden_dim,config/n_layer,config/lr,config/weight_decay,config/b1,config/b2,config/droupout_prob
0.1026,0.0994,False,,,1,8f213ff057c94f1ebee9934718655a70,2021-03-22_11-41-22,1616413282,6.805207967758179,6.805207967758179,2101,2a81f27a3e9c,172.28.0.2,6.805207967758179,0,1,74f67616,1,43,2,0.04355495266149291,0.06557146341005683,0.9216378226359144,0.9911830202119666,0.7923856248734031
0.1026,0.0994,False,,,2,8f213ff057c94f1ebee9934718655a70,2021-03-22_11-41-29,1616413289,7.036612033843994,13.841820001602173,2101,2a81f27a3e9c,172.28.0.2,13.841820001602173,0,2,74f67616,1,43,2,0.04355495266149291,0.06557146341005683,0.9216378226359144,0.9911830202119666,0.7923856248734031
loss,test,done,timesteps_total,episodes_total,training_iteration,experiment_id,date,timestamp,time_this_iter_s,time_total_s,pid,hostname,node_ip,time_since_restore,timesteps_since_restore,iterations_since_restore,trial_id,config/sigmoid_func,config/hidden_dim,config/n_layer,config/lr,config/weight_decay,config/b1,config/b2,config/droupout_prob
0.934,0.9206,False,,,1,85f71cae13ae4b9d82f3469f9f20ca56,2021-03-22_11-41-41,1616413301,6.7466113567352295,6.7466113567352295,2123,2a81f27a3e9c,172.28.0.2,6.7466113567352295,0,1,7fea0286,1,43,2,0.028259454638828566,0.01155326517527496,0.9153115164192026,0.991067056781143,0.41699728098610206
0.9396,0.9382,False,,,2,85f71cae13ae4b9d82f3469f9f20ca56,2021-03-22_11-41-48,1616413308,6.685807228088379,13.432418584823608,2123,2a81f27a3e9c,172.28.0.2,13.432418584823608,0,2,7fea0286,1,43,2,0.028259454638828566,0.01155326517527496,0.9153115164192026,0.991067056781143,0.41699728098610206
loss,test,done,timesteps_total,episodes_total,training_iteration,experiment_id,date,timestamp,time_this_iter_s,time_total_s,pid,hostname,node_ip,time_since_restore,timesteps_since_restore,iterations_since_restore,trial_id,config/sigmoid_func,config/hidden_dim,config/n_layer,config/lr,config/weight_decay,config/b1,config/b2,config/droupout_prob
0.8684,0.8694,False,,,1,788af630569b4fffab7ebb1b7c7bb96d,2021-03-22_11-41-59,1616413319,6.692667245864868,6.692667245864868,2147,2a81f27a3e9c,172.28.0.2,6.692667245864868,0,1,8b17c242,1,43,2,0.08226354458568345,0.03762241102949623,0.9782858995856832,0.9995055716487251,0.032409970330110095
0.8636,0.8642,False,,,2,788af630569b4fffab7ebb1b7c7bb96d,2021-03-22_11-42-06,1616413326,6.803389310836792,13.49605655670166,2147,2a81f27a3e9c,172.28.0.2,13.49605655670166,0,2,8b17c242,1,43,2,0.08226354458568345,0.03762241102949623,0.9782858995856832,0.9995055716487251,0.032409970330110095
loss,test,done,timesteps_total,episodes_total,training_iteration,experiment_id,date,timestamp,time_this_iter_s,time_total_s,pid,hostname,node_ip,time_since_restore,timesteps_since_restore,iterations_since_restore,trial_id,config/sigmoid_func,config/hidden_dim,config/n_layer,config/lr,config/weight_decay,config/b1,config/b2,config/droupout_prob
0.1142,0.1128,False,,,1,a71912ba60c14ac082b87e5cc3e74a9a,2021-03-22_11-42-18,1616413338,7.073737621307373,7.073737621307373,2168,2a81f27a3e9c,172.28.0.2,7.073737621307373,0,1,9627f5ee,1,43,2,0.019422289700241395,0.032492187417203305,0.9556802903318661,0.9920895512106336,0.7126381324478742
0.0946,0.097,False,,,2,a71912ba60c14ac082b87e5cc3e74a9a,2021-03-22_11-42-25,1616413345,7.1162800788879395,14.190017700195312,2168,2a81f27a3e9c,172.28.0.2,14.190017700195312,0,2,9627f5ee,1,43,2,0.019422289700241395,0.032492187417203305,0.9556802903318661,0.9920895512106336,0.7126381324478742
loss,test,done,timesteps_total,episodes_total,training_iteration,experiment_id,date,timestamp,time_this_iter_s,time_total_s,pid,hostname,node_ip,time_since_restore,timesteps_since_restore,iterations_since_restore,trial_id,config/sigmoid_func,config/hidden_dim,config/n_layer,config/lr,config/weight_decay,config/b1,config/b2,config/droupout_prob
0.7298,0.7268,False,,,1,901fc7a13f964037a93dfedd3b021475,2021-03-22_11-42-37,1616413357,7.040128469467163,7.040128469467163,2190,2a81f27a3e9c,172.28.0.2,7.040128469467163,0,1,a121459a,1,43,2,0.058050817029670215,0.011345370846851445,0.984660064599645,0.9951018310398775,0.8570047990454253
0.8168,0.8094,False,,,2,901fc7a13f964037a93dfedd3b021475,2021-03-22_11-42-45,1616413365,7.239284992218018,14.27941346168518,2190,2a81f27a3e9c,172.28.0.2,14.27941346168518,0,2,a121459a,1,43,2,0.058050817029670215,0.011345370846851445,0.984660064599645,0.9951018310398775,0.8570047990454253
loss,test,done,timesteps_total,episodes_total,training_iteration,experiment_id,date,timestamp,time_this_iter_s,time_total_s,pid,hostname,node_ip,time_since_restore,timesteps_since_restore,iterations_since_restore,trial_id,config/sigmoid_func,config/hidden_dim,config/n_layer,config/lr,config/weight_decay,config/b1,config/b2,config/droupout_prob
0.9172,0.9086,False,,,1,c2a4de24695b4955a4282f225a0a5c76,2021-03-22_11-42-56,1616413376,6.879382371902466,6.879382371902466,2212,2a81f27a3e9c,172.28.0.2,6.879382371902466,0,1,ac8e21be,1,43,2,0.03897982078220582,0.007970251372325597,0.9341737714272851,0.994474769096241,0.13724534518447393
0.925,0.9168,False,,,2,c2a4de24695b4955a4282f225a0a5c76,2021-03-22_11-43-03,1616413383,6.968283414840698,13.847665786743164,2212,2a81f27a3e9c,172.28.0.2,13.847665786743164,0,2,ac8e21be,1,43,2,0.03897982078220582,0.007970251372325597,0.9341737714272851,0.994474769096241,0.13724534518447393
loss,test,done,timesteps_total,episodes_total,training_iteration,experiment_id,date,timestamp,time_this_iter_s,time_total_s,pid,hostname,node_ip,time_since_restore,timesteps_since_restore,iterations_since_restore,trial_id,config/sigmoid_func,config/hidden_dim,config/n_layer,config/lr,config/weight_decay,config/b1,config/b2,config/droupout_prob
0.0992,0.0924,False,,,1,2a19622f93ad4203b7e2bc99476dd8c0,2021-03-22_11-43-15,1616413395,6.932298421859741,6.932298421859741,2234,2a81f27a3e9c,172.28.0.2,6.932298421859741,0,1,b7f8c4aa,1,43,2,0.04493381964337202,0.015088140004488377,0.9088130213285146,0.9977590496417994,0.7441046590652051
0.1034,0.0986,False,,,2,2a19622f93ad4203b7e2bc99476dd8c0,2021-03-22_11-43-22,1616413402,6.990279674530029,13.92257809638977,2234,2a81f27a3e9c,172.28.0.2,13.92257809638977,0,2,b7f8c4aa,1,43,2,0.04493381964337202,0.015088140004488377,0.9088130213285146,0.9977590496417994,0.7441046590652051
loss,test,done,timesteps_total,episodes_total,training_iteration,experiment_id,date,timestamp,time_this_iter_s,time_total_s,pid,hostname,node_ip,time_since_restore,timesteps_since_restore,iterations_since_restore,trial_id,config/sigmoid_func,config/hidden_dim,config/n_layer,config/lr,config/weight_decay,config/b1,config/b2,config/droupout_prob
0.105,0.0968,False,,,1,2aaf3b46ae594d74b75897cb87279002,2021-03-22_11-43-35,1616413415,7.060437917709351,7.060437917709351,2256,2a81f27a3e9c,172.28.0.2,7.060437917709351,0,1,c33938ae,1,43,2,0.08114312332638411,0.006418872572246933,0.9118030173628799,0.9909823980189449,0.755908766915867
0.105,0.0968,False,,,2,2aaf3b46ae594d74b75897cb87279002,2021-03-22_11-43-42,1616413422,7.151860952377319,14.21229887008667,2256,2a81f27a3e9c,172.28.0.2,14.21229887008667,0,2,c33938ae,1,43,2,0.08114312332638411,0.006418872572246933,0.9118030173628799,0.9909823980189449,0.755908766915867
loss,test,done,timesteps_total,episodes_total,training_iteration,experiment_id,date,timestamp,time_this_iter_s,time_total_s,pid,hostname,node_ip,time_since_restore,timesteps_since_restore,iterations_since_restore,trial_id,config/sigmoid_func,config/hidden_dim,config/n_layer,config/lr,config/weight_decay,config/b1,config/b2,config/droupout_prob
0.929,0.9278,False,,,1,6e787f9e24b64ce4bbc97f38e4b70093,2021-03-22_11-43-54,1616413434,7.022931337356567,7.022931337356567,2282,2a81f27a3e9c,172.28.0.2,7.022931337356567,0,1,ce802498,1,43,2,0.031849060901975895,0.0048165682646201064,0.9003606963600121,0.9927623806062073,0.2313518417703187
0.9374,0.937,False,,,2,6e787f9e24b64ce4bbc97f38e4b70093,2021-03-22_11-44-01,1616413441,7.079717397689819,14.102648735046387,2282,2a81f27a3e9c,172.28.0.2,14.102648735046387,0,2,ce802498,1,43,2,0.031849060901975895,0.0048165682646201064,0.9003606963600121,0.9927623806062073,0.2313518417703187
loss,test,done,timesteps_total,episodes_total,training_iteration,experiment_id,date,timestamp,time_this_iter_s,time_total_s,pid,hostname,node_ip,time_since_restore,timesteps_since_restore,iterations_since_restore,trial_id,config/sigmoid_func,config/hidden_dim,config/n_layer,config/lr,config/weight_decay,config/b1,config/b2,config/droupout_prob
0.625,0.6214,False,,,1,55e579307e6b4a7abe3b87d8054eeeef,2021-03-22_11-44-13,1616413453,7.171513557434082,7.171513557434082,2304,2a81f27a3e9c,172.28.0.2,7.171513557434082,0,1,d9fad9e4,1,43,2,0.0960352593449505,0.05343475959303596,0.9287171237807115,0.9937909673141153,0.33793584028553214
0.5138,0.5182,False,,,2,55e579307e6b4a7abe3b87d8054eeeef,2021-03-22_11-44-20,1616413460,7.117626667022705,14.289140224456787,2304,2a81f27a3e9c,172.28.0.2,14.289140224456787,0,2,d9fad9e4,1,43,2,0.0960352593449505,0.05343475959303596,0.9287171237807115,0.9937909673141153,0.33793584028553214
loss,test,done,timesteps_total,episodes_total,training_iteration,experiment_id,date,timestamp,time_this_iter_s,time_total_s,pid,hostname,node_ip,time_since_restore,timesteps_since_restore,iterations_since_restore,trial_id,config/sigmoid_func,config/hidden_dim,config/n_layer,config/lr,config/weight_decay,config/b1,config/b2,config/droupout_prob
0.105,0.1006,False,,,1,86e77c19c3624c12bb07f04288b90dae,2021-03-22_11-44-32,1616413472,7.153701543807983,7.153701543807983,2326,2a81f27a3e9c,172.28.0.2,7.153701543807983,0,1,e575a074,1,43,2,0.07494235099363514,0.09618394092130542,0.9437117737116024,0.9953377521119505,0.9954599289520892
0.111,0.116,False,,,2,86e77c19c3624c12bb07f04288b90dae,2021-03-22_11-44-40,1616413480,7.22199273109436,14.375694274902344,2326,2a81f27a3e9c,172.28.0.2,14.375694274902344,0,2,e575a074,1,43,2,0.07494235099363514,0.09618394092130542,0.9437117737116024,0.9953377521119505,0.9954599289520892
loss,test,done,timesteps_total,episodes_total,training_iteration,experiment_id,date,timestamp,time_this_iter_s,time_total_s,pid,hostname,node_ip,time_since_restore,timesteps_since_restore,iterations_since_restore,trial_id,config/sigmoid_func,config/hidden_dim,config/n_layer,config/lr,config/weight_decay,config/b1,config/b2,config/droupout_prob
0.1188,0.1082,False,,,1,ae31257ebd3b4c979a29dc88f861c48c,2021-03-22_11-44-52,1616413492,7.175888776779175,7.175888776779175,2349,2a81f27a3e9c,172.28.0.2,7.175888776779175,0,1,f100b938,1,43,2,0.001547826460695824,0.09883182201680299,0.9631615086098516,0.9929737212161699,0.019147912029772007
0.1188,0.1082,False,,,2,ae31257ebd3b4c979a29dc88f861c48c,2021-03-22_11-44-59,1616413499,7.237915992736816,14.413804769515991,2349,2a81f27a3e9c,172.28.0.2,14.413804769515991,0,2,f100b938,1,43,2,0.001547826460695824,0.09883182201680299,0.9631615086098516,0.9929737212161699,0.019147912029772007
loss,test,done,timesteps_total,episodes_total,training_iteration,experiment_id,date,timestamp,time_this_iter_s,time_total_s,pid,hostname,node_ip,time_since_restore,timesteps_since_restore,iterations_since_restore,trial_id,config/sigmoid_func,config/hidden_dim,config/n_layer,config/lr,config/weight_decay,config/b1,config/b2,config/droupout_prob
0.0982,0.0934,False,,,1,9419065157ed498eb06f698befd636eb,2021-03-22_11-45-11,1616413511,7.244733810424805,7.244733810424805,2371,2a81f27a3e9c,172.28.0.2,7.244733810424805,0,1,fc844fc2,1,43,2,0.09930567374557356,0.08751232512182279,0.9414168003611564,0.9938617966547526,0.5627570393193356
0.0972,0.0976,False,,,2,9419065157ed498eb06f698befd636eb,2021-03-22_11-45-18,1616413518,7.157361030578613,14.402094841003418,2371,2a81f27a3e9c,172.28.0.2,14.402094841003418,0,2,fc844fc2,1,43,2,0.09930567374557356,0.08751232512182279,0.9414168003611564,0.9938617966547526,0.5627570393193356
loss,test,done,timesteps_total,episodes_total,training_iteration,experiment_id,date,timestamp,time_this_iter_s,time_total_s,pid,hostname,node_ip,time_since_restore,timesteps_since_restore,iterations_since_restore,trial_id,config/sigmoid_func,config/hidden_dim,config/n_layer,config/lr,config/weight_decay,config/b1,config/b2,config/droupout_prob
0.109,0.118,False,,,1,22a850ef1fb04101947cf77e35ed0571,2021-03-22_11-45-31,1616413531,7.058940649032593,7.058940649032593,2393,2a81f27a3e9c,172.28.0.2,7.058940649032593,0,1,0812d4bc,1,43,2,0.06878366168964041,0.09523106726943137,0.9447611809525911,0.9960206027916083,0.975510428269003
0.1042,0.1014,False,,,2,22a850ef1fb04101947cf77e35ed0571,2021-03-22_11-45-38,1616413538,7.160091876983643,14.219032526016235,2393,2a81f27a3e9c,172.28.0.2,14.219032526016235,0,2,0812d4bc,1,43,2,0.06878366168964041,0.09523106726943137,0.9447611809525911,0.9960206027916083,0.975510428269003
loss,test,done,timesteps_total,episodes_total,training_iteration,experiment_id,date,timestamp,time_this_iter_s,time_total_s,pid,hostname,node_ip,time_since_restore,timesteps_since_restore,iterations_since_restore,trial_id,config/sigmoid_func,config/hidden_dim,config/n_layer,config/lr,config/weight_decay,config/b1,config/b2,config/droupout_prob
0.115,0.112,False,,,1,1132a7839ded4ce8b03a9931f2ebbdc6,2021-03-22_11-45-50,1616413550,7.18641471862793,7.18641471862793,2414,2a81f27a3e9c,172.28.0.2,7.18641471862793,0,1,13ac40ba,1,43,2,0.0017105979848957217,0.08645130259262826,0.9643014684462498,0.9943118311738779,0.003429747793271175
0.115,0.112,False,,,2,1132a7839ded4ce8b03a9931f2ebbdc6,2021-03-22_11-45-57,1616413557,7.264095306396484,14.450510025024414,2414,2a81f27a3e9c,172.28.0.2,14.450510025024414,0,2,13ac40ba,1,43,2,0.0017105979848957217,0.08645130259262826,0.9643014684462498,0.9943118311738779,0.003429747793271175
0.1122,0.1148,False,,,3,e1b16e56993746bdb0ab20dae6835629,2021-03-22_11-46-10,1616413570,7.24348783493042,21.46102547645569,2438,2a81f27a3e9c,172.28.0.2,7.24348783493042,0,1,1011a2e8,1,43,2,0.022201696013356805,0.09085614311007341,0.9392739659648669,0.9941758899985245,0.2199783075376547
0.1034,0.0984,False,,,4,e1b16e56993746bdb0ab20dae6835629,2021-03-22_11-46-17,1616413577,7.192504644393921,28.65353012084961,2438,2a81f27a3e9c,172.28.0.2,14.43599247932434,0,2,1011a2e8,1,43,2,0.022201696013356805,0.09085614311007341,0.9392739659648669,0.9941758899985245,0.2199783075376547
0.9588,0.9564,False,,,3,caab28b58065436582b5cdf7b4244673,2021-03-22_11-46-29,1616413589,7.311830520629883,20.789058923721313,2459,2a81f27a3e9c,172.28.0.2,7.311830520629883,0,1,1011a2e8,1,43,2,0.020821728134363327,0.010629968167803748,0.9492655959733923,0.9912259917443546,0.33581221341777884
0.9502,0.9454,False,,,4,caab28b58065436582b5cdf7b4244673,2021-03-22_11-46-37,1616413597,7.364747524261475,28.153806447982788,2459,2a81f27a3e9c,172.28.0.2,14.676578044891357,0,2,1011a2e8,1,43,2,0.020821728134363327,0.010629968167803748,0.9492655959733923,0.9912259917443546,0.33581221341777884
0.0978,0.0982,False,,,3,f320c0bd95f54861a085ec6d1d9e4171,2021-03-22_11-46-49,1616413609,7.16599702835083,21.705225706100464,2481,2a81f27a3e9c,172.28.0.2,7.16599702835083,0,1,101e41f6,1,43,2,0.018593514278012608,0.0635426819335331,0.9113140407716465,0.995958313051014,0.6571786039468075
0.1156,0.1114,False,,,4,f320c0bd95f54861a085ec6d1d9e4171,2021-03-22_11-46-56,1616413616,7.164790868759155,28.87001657485962,2481,2a81f27a3e9c,172.28.0.2,14.330787897109985,0,2,101e41f6,1,43,2,0.018593514278012608,0.0635426819335331,0.9113140407716465,0.995958313051014,0.6571786039468075
0.095,0.1106,False,,,3,3085132084b740038d339519c8cec53c,2021-03-22_11-47-09,1616413629,7.404831409454346,21.597708225250244,2505,2a81f27a3e9c,172.28.0.2,7.404831409454346,0,1,1b3b58e4,1,43,2,0.02424602290761436,0.028710110490538385,0.9297226789930424,0.9987156282073152,0.333933580856912
0.0952,0.1012,False,,,4,3085132084b740038d339519c8cec53c,2021-03-22_11-47-16,1616413636,7.347928762435913,28.945636987686157,2505,2a81f27a3e9c,172.28.0.2,14.752760171890259,0,2,1b3b58e4,1,43,2,0.02424602290761436,0.028710110490538385,0.9297226789930424,0.9987156282073152,0.333933580856912
0.9158,0.9212,False,,,3,c2a4de24695b4955a4282f225a0a5c76,2021-03-22_11-47-28,1616413648,7.207303285598755,21.05496907234192,2527,2a81f27a3e9c,172.28.0.2,7.207303285598755,0,1,1b3b58e4,1,43,2,0.03897982078220582,0.007970251372325597,0.9341737714272851,0.994474769096241,0.13724534518447393
0.8884,0.8892,False,,,4,c2a4de24695b4955a4282f225a0a5c76,2021-03-22_11-47-36,1616413656,7.219434499740601,28.27440357208252,2527,2a81f27a3e9c,172.28.0.2,14.426737785339355,0,2,1b3b58e4,1,43,2,0.03897982078220582,0.007970251372325597,0.9341737714272851,0.994474769096241,0.13724534518447393
0.9202,0.9182,False,,,3,20eb83b545ff48f0bf044e2c42414cb0,2021-03-22_11-47-48,1616413668,7.459407329559326,21.471649169921875,2549,2a81f27a3e9c,172.28.0.2,7.459407329559326,0,1,268994b8,1,43,2,0.02234018442570784,0.01824213890236591,0.9944906892152635,0.9974583422213671,0.774450758535942
0.9288,0.929,False,,,4,20eb83b545ff48f0bf044e2c42414cb0,2021-03-22_11-47-56,1616413676,7.3712992668151855,28.84294843673706,2549,2a81f27a3e9c,172.28.0.2,14.830706596374512,0,2,268994b8,1,43,2,0.02234018442570784,0.01824213890236591,0.9944906892152635,0.9974583422213671,0.774450758535942
0.818,0.8226,False,,,3,cccc4730ac9c437380cf72086e38c187,2021-03-22_11-48-08,1616413688,7.0986597537994385,21.069884777069092,2574,2a81f27a3e9c,172.28.0.2,7.0986597537994385,0,1,31fcac5e,1,43,2,0.05863807439090137,0.05230858438141962,0.9793226692602179,0.9932108535998091,0.5019554375000315
0.8564,0.853,False,,,4,cccc4730ac9c437380cf72086e38c187,2021-03-22_11-48-15,1616413695,7.054771661758423,28.124656438827515,2574,2a81f27a3e9c,172.28.0.2,14.153431415557861,0,2,31fcac5e,1,43,2,0.05863807439090137,0.05230858438141962,0.9793226692602179,0.9932108535998091,0.5019554375000315
0.9474,0.952,False,,,3,caab28b58065436582b5cdf7b4244673,2021-03-22_11-48-27,1616413707,7.313451051712036,20.790679454803467,2594,2a81f27a3e9c,172.28.0.2,7.313451051712036,0,1,3d5bceae,1,43,2,0.020821728134363327,0.010629968167803748,0.9492655959733923,0.9912259917443546,0.33581221341777884
0.9528,0.9512,False,,,4,caab28b58065436582b5cdf7b4244673,2021-03-22_11-48-35,1616413715,7.103251695632935,27.8939311504364,2594,2a81f27a3e9c,172.28.0.2,14.41670274734497,0,2,3d5bceae,1,43,2,0.020821728134363327,0.010629968167803748,0.9492655959733923,0.9912259917443546,0.33581221341777884
0.1156,0.1114,False,,,3,10037e974d1f42d79af1d6c35a12bc61,2021-03-22_11-48-47,1616413727,7.364414691925049,21.573777198791504,2616,2a81f27a3e9c,172.28.0.2,7.364414691925049,0,1,48b0ccb4,1,43,2,0.01651062578668871,0.06004837552077794,0.9026809332305807,0.9919671906259554,0.4660634996117809
0.1156,0.1114,False,,,4,10037e974d1f42d79af1d6c35a12bc61,2021-03-22_11-48-54,1616413734,7.255718946456909,28.829496145248413,2616,2a81f27a3e9c,172.28.0.2,14.620133638381958,0,2,48b0ccb4,1,43,2,0.01651062578668871,0.06004837552077794,0.9026809332305807,0.9919671906259554,0.4660634996117809
0.9268,0.93,False,,,3,20eb83b545ff48f0bf044e2c42414cb0,2021-03-22_11-49-07,1616413747,7.443258762359619,21.455500602722168,2639,2a81f27a3e9c,172.28.0.2,7.443258762359619,0,1,53b0998c,1,43,2,0.02234018442570784,0.01824213890236591,0.9944906892152635,0.9974583422213671,0.774450758535942
0.926,0.9242,False,,,4,20eb83b545ff48f0bf044e2c42414cb0,2021-03-22_11-49-14,1616413754,7.513373374938965,28.968873977661133,2639,2a81f27a3e9c,172.28.0.2,14.956632137298584,0,2,53b0998c,1,43,2,0.02234018442570784,0.01824213890236591,0.9944906892152635,0.9974583422213671,0.774450758535942
0.8528,0.8576,False,,,3,cccc4730ac9c437380cf72086e38c187,2021-03-22_11-49-27,1616413767,7.421194553375244,21.392419576644897,2660,2a81f27a3e9c,172.28.0.2,7.421194553375244,0,1,5f20d7a0,1,43,2,0.05863807439090137,0.05230858438141962,0.9793226692602179,0.9932108535998091,0.5019554375000315
0.831,0.8282,False,,,4,cccc4730ac9c437380cf72086e38c187,2021-03-22_11-49-34,1616413774,7.458160161972046,28.850579738616943,2660,2a81f27a3e9c,172.28.0.2,14.87935471534729,0,2,5f20d7a0,1,43,2,0.05863807439090137,0.05230858438141962,0.9793226692602179,0.9932108535998091,0.5019554375000315
0.8598,0.8608,False,,,3,cccc4730ac9c437380cf72086e38c187,2021-03-22_11-49-47,1616413787,7.506216287612915,21.47744131088257,2684,2a81f27a3e9c,172.28.0.2,7.506216287612915,0,1,6a16958c,1,43,2,0.05863807439090137,0.05230858438141962,0.9793226692602179,0.9932108535998091,0.5019554375000315
0.859,0.8552,False,,,4,cccc4730ac9c437380cf72086e38c187,2021-03-22_11-49-54,1616413794,7.282402276992798,28.759843587875366,2684,2a81f27a3e9c,172.28.0.2,14.788618564605713,0,2,6a16958c,1,43,2,0.05863807439090137,0.05230858438141962,0.9793226692602179,0.9932108535998091,0.5019554375000315
0.953,0.9568,False,,,3,caab28b58065436582b5cdf7b4244673,2021-03-22_11-50-07,1616413807,7.2989821434021,20.77621054649353,2708,2a81f27a3e9c,172.28.0.2,7.2989821434021,0,1,74f67616,1,43,2,0.020821728134363327,0.010629968167803748,0.9492655959733923,0.9912259917443546,0.33581221341777884
0.954,0.9532,False,,,4,caab28b58065436582b5cdf7b4244673,2021-03-22_11-50-14,1616413814,7.332576036453247,28.108786582946777,2708,2a81f27a3e9c,172.28.0.2,14.631558179855347,0,2,74f67616,1,43,2,0.020821728134363327,0.010629968167803748,0.9492655959733923,0.9912259917443546,0.33581221341777884
0.9122,0.9112,False,,,3,85f71cae13ae4b9d82f3469f9f20ca56,2021-03-22_11-50-27,1616413827,7.329331398010254,20.761749982833862,2730,2a81f27a3e9c,172.28.0.2,7.329331398010254,0,1,7fea0286,1,43,2,0.028259454638828566,0.01155326517527496,0.9153115164192026,0.991067056781143,0.41699728098610206
0.9434,0.9392,False,,,4,85f71cae13ae4b9d82f3469f9f20ca56,2021-03-22_11-50-34,1616413834,7.190407037734985,27.952157020568848,2730,2a81f27a3e9c,172.28.0.2,14.51973843574524,0,2,7fea0286,1,43,2,0.028259454638828566,0.01155326517527496,0.9153115164192026,0.991067056781143,0.41699728098610206
0.8492,0.843,False,,,3,788af630569b4fffab7ebb1b7c7bb96d,2021-03-22_11-50-46,1616413846,7.226582765579224,20.722639322280884,2751,2a81f27a3e9c,172.28.0.2,7.226582765579224,0,1,8b17c242,1,43,2,0.08226354458568345,0.03762241102949623,0.9782858995856832,0.9995055716487251,0.032409970330110095
0.8626,0.8458,False,,,4,788af630569b4fffab7ebb1b7c7bb96d,2021-03-22_11-50-53,1616413853,7.196261882781982,27.918901205062866,2751,2a81f27a3e9c,172.28.0.2,14.422844648361206,0,2,8b17c242,1,43,2,0.08226354458568345,0.03762241102949623,0.9782858995856832,0.9995055716487251,0.032409970330110095
0.943,0.9356,False,,,3,85f71cae13ae4b9d82f3469f9f20ca56,2021-03-22_11-51-06,1616413866,7.17100977897644,20.60342836380005,2776,2a81f27a3e9c,172.28.0.2,7.17100977897644,0,1,9627f5ee,1,43,2,0.028259454638828566,0.01155326517527496,0.9153115164192026,0.991067056781143,0.41699728098610206
0.9344,0.9312,False,,,4,85f71cae13ae4b9d82f3469f9f20ca56,2021-03-22_11-51-13,1616413873,7.278831720352173,27.88226008415222,2776,2a81f27a3e9c,172.28.0.2,14.449841499328613,0,2,9627f5ee,1,43,2,0.028259454638828566,0.01155326517527496,0.9153115164192026,0.991067056781143,0.41699728098610206
0.8054,0.8018,False,,,3,901fc7a13f964037a93dfedd3b021475,2021-03-22_11-51-25,1616413885,7.2154295444488525,21.494843006134033,2796,2a81f27a3e9c,172.28.0.2,7.2154295444488525,0,1,a121459a,1,43,2,0.058050817029670215,0.011345370846851445,0.984660064599645,0.9951018310398775,0.8570047990454253
0.7604,0.7538,False,,,4,901fc7a13f964037a93dfedd3b021475,2021-03-22_11-51-32,1616413892,7.279436826705933,28.774279832839966,2796,2a81f27a3e9c,172.28.0.2,14.494866371154785,0,2,a121459a,1,43,2,0.058050817029670215,0.011345370846851445,0.984660064599645,0.9951018310398775,0.8570047990454253
0.915,0.9198,False,,,3,c2a4de24695b4955a4282f225a0a5c76,2021-03-22_11-51-44,1616413904,6.948756456375122,20.796422243118286,2817,2a81f27a3e9c,172.28.0.2,6.948756456375122,0,1,ac8e21be,1,43,2,0.03897982078220582,0.007970251372325597,0.9341737714272851,0.994474769096241,0.13724534518447393
0.9328,0.933,False,,,4,c2a4de24695b4955a4282f225a0a5c76,2021-03-22_11-51-51,1616413911,6.986234188079834,27.78265643119812,2817,2a81f27a3e9c,172.28.0.2,13.934990644454956,0,2,ac8e21be,1,43,2,0.03897982078220582,0.007970251372325597,0.9341737714272851,0.994474769096241,0.13724534518447393
0.9612,0.9594,False,,,3,caab28b58065436582b5cdf7b4244673,2021-03-22_11-52-04,1616413924,7.252810478210449,20.73003888130188,2841,2a81f27a3e9c,172.28.0.2,7.252810478210449,0,1,b7f8c4aa,1,43,2,0.020821728134363327,0.010629968167803748,0.9492655959733923,0.9912259917443546,0.33581221341777884
0.9494,0.954,False,,,4,caab28b58065436582b5cdf7b4244673,2021-03-22_11-52-11,1616413931,7.194202184677124,27.924241065979004,2841,2a81f27a3e9c,172.28.0.2,14.447012662887573,0,2,b7f8c4aa,1,43,2,0.020821728134363327,0.010629968167803748,0.9492655959733923,0.9912259917443546,0.33581221341777884
0.8226,0.8198,False,,,3,788af630569b4fffab7ebb1b7c7bb96d,2021-03-22_11-52-23,1616413943,7.017719984054565,20.513776540756226,2862,2a81f27a3e9c,172.28.0.2,7.017719984054565,0,1,c33938ae,1,43,2,0.08226354458568345,0.03762241102949623,0.9782858995856832,0.9995055716487251,0.032409970330110095
0.864,0.8744,False,,,4,788af630569b4fffab7ebb1b7c7bb96d,2021-03-22_11-52-30,1616413950,7.020485162734985,27.53426170349121,2862,2a81f27a3e9c,172.28.0.2,14.03820514678955,0,2,c33938ae,1,43,2,0.08226354458568345,0.03762241102949623,0.9782858995856832,0.9995055716487251,0.032409970330110095
0.933,0.9278,False,,,3,6e787f9e24b64ce4bbc97f38e4b70093,2021-03-22_11-52-42,1616413962,7.072599172592163,21.17524790763855,2884,2a81f27a3e9c,172.28.0.2,7.072599172592163,0,1,ce802498,1,43,2,0.031849060901975895,0.0048165682646201064,0.9003606963600121,0.9927623806062073,0.2313518417703187
0.9406,0.9354,False,,,4,6e787f9e24b64ce4bbc97f38e4b70093,2021-03-22_11-52-49,1616413969,7.142687559127808,28.317935466766357,2884,2a81f27a3e9c,172.28.0.2,14.21528673171997,0,2,ce802498,1,43,2,0.031849060901975895,0.0048165682646201064,0.9003606963600121,0.9927623806062073,0.2313518417703187
0.6828,0.6852,False,,,3,55e579307e6b4a7abe3b87d8054eeeef,2021-03-22_11-53-02,1616413982,7.228255033493042,21.51739525794983,2908,2a81f27a3e9c,172.28.0.2,7.228255033493042,0,1,d9fad9e4,1,43,2,0.0960352593449505,0.05343475959303596,0.9287171237807115,0.9937909673141153,0.33793584028553214
0.7898,0.7914,False,,,4,55e579307e6b4a7abe3b87d8054eeeef,2021-03-22_11-53-09,1616413989,7.324398517608643,28.84179377555847,2908,2a81f27a3e9c,172.28.0.2,14.552653551101685,0,2,d9fad9e4,1,43,2,0.0960352593449505,0.05343475959303596,0.9287171237807115,0.9937909673141153,0.33793584028553214
0.8782,0.8888,False,,,3,788af630569b4fffab7ebb1b7c7bb96d,2021-03-22_11-53-21,1616414001,7.247687101364136,20.743743658065796,2930,2a81f27a3e9c,172.28.0.2,7.247687101364136,0,1,e575a074,1,43,2,0.08226354458568345,0.03762241102949623,0.9782858995856832,0.9995055716487251,0.032409970330110095
0.8034,0.8004,False,,,4,788af630569b4fffab7ebb1b7c7bb96d,2021-03-22_11-53-29,1616414009,7.206770896911621,27.950514554977417,2930,2a81f27a3e9c,172.28.0.2,14.454457998275757,0,2,e575a074,1,43,2,0.08226354458568345,0.03762241102949623,0.9782858995856832,0.9995055716487251,0.032409970330110095
0.1156,0.1114,False,,,3,ae31257ebd3b4c979a29dc88f861c48c,2021-03-22_11-53-41,1616414021,7.114308834075928,21.52811360359192,2952,2a81f27a3e9c,172.28.0.2,7.114308834075928,0,1,f100b938,1,43,2,0.001547826460695824,0.09883182201680299,0.9631615086098516,0.9929737212161699,0.019147912029772007
0.1156,0.1114,False,,,4,ae31257ebd3b4c979a29dc88f861c48c,2021-03-22_11-53-48,1616414028,7.011028289794922,28.53914189338684,2952,2a81f27a3e9c,172.28.0.2,14.12533712387085,0,2,f100b938,1,43,2,0.001547826460695824,0.09883182201680299,0.9631615086098516,0.9929737212161699,0.019147912029772007
0.9454,0.9418,False,,,3,6e787f9e24b64ce4bbc97f38e4b70093,2021-03-22_11-54-00,1616414040,7.243590831756592,21.34623956680298,2973,2a81f27a3e9c,172.28.0.2,7.243590831756592,0,1,fc844fc2,1,43,2,0.031849060901975895,0.0048165682646201064,0.9003606963600121,0.9927623806062073,0.2313518417703187
0.9216,0.9232,False,,,4,6e787f9e24b64ce4bbc97f38e4b70093,2021-03-22_11-54-07,1616414047,7.192509651184082,28.53874921798706,2973,2a81f27a3e9c,172.28.0.2,14.436100482940674,0,2,fc844fc2,1,43,2,0.031849060901975895,0.0048165682646201064,0.9003606963600121,0.9927623806062073,0.2313518417703187
0.8674,0.8724,False,,,3,788af630569b4fffab7ebb1b7c7bb96d,2021-03-22_11-54-20,1616414060,7.309033155441284,20.805089712142944,2996,2a81f27a3e9c,172.28.0.2,7.309033155441284,0,1,0812d4bc,1,43,2,0.08226354458568345,0.03762241102949623,0.9782858995856832,0.9995055716487251,0.032409970330110095
0.8868,0.8918,False,,,4,788af630569b4fffab7ebb1b7c7bb96d,2021-03-22_11-54-27,1616414067,7.350698947906494,28.15578866004944,2996,2a81f27a3e9c,172.28.0.2,14.659732103347778,0,2,0812d4bc,1,43,2,0.08226354458568345,0.03762241102949623,0.9782858995856832,0.9995055716487251,0.032409970330110095
0.1188,0.1082,False,,,3,1132a7839ded4ce8b03a9931f2ebbdc6,2021-03-22_11-54-39,1616414079,7.334041118621826,21.78455114364624,3018,2a81f27a3e9c,172.28.0.2,7.334041118621826,0,1,13ac40ba,1,43,2,0.0017105979848957217,0.08645130259262826,0.9643014684462498,0.9943118311738779,0.003429747793271175
loss,test,done,timesteps_total,episodes_total,training_iteration,experiment_id,date,timestamp,time_this_iter_s,time_total_s,pid,hostname,node_ip,time_since_restore,timesteps_since_restore,iterations_since_restore,trial_id,config/sigmoid_func,config/hidden_dim,config/n_layer,config/lr,config/weight_decay,config/b1,config/b2,config/droupout_prob
0.8792,0.8814,False,,,1,dab46d830cc948678882e8d8ee978ebd,2021-03-22_11-54-59,1616414099,7.0940070152282715,7.0940070152282715,3039,2a81f27a3e9c,172.28.0.2,7.0940070152282715,0,1,66273308,1,43,2,0.00044845976258312513,0.0860635221401327,0.9646008953145054,0.9943318643178918,0.021677180288470547
0.9062,0.9156,False,,,2,dab46d830cc948678882e8d8ee978ebd,2021-03-22_11-55-06,1616414106,7.140376567840576,14.234383583068848,3039,2a81f27a3e9c,172.28.0.2,14.234383583068848,0,2,66273308,1,43,2,0.00044845976258312513,0.0860635221401327,0.9646008953145054,0.9943318643178918,0.021677180288470547
0.914,0.9188,False,,,3,dab46d830cc948678882e8d8ee978ebd,2021-03-22_11-55-18,1616414118,7.064771413803101,21.29915499687195,3063,2a81f27a3e9c,172.28.0.2,7.064771413803101,0,1,66273308,1,43,2,0.00044845976258312513,0.0860635221401327,0.9646008953145054,0.9943318643178918,0.021677180288470547
0.9202,0.9236,False,,,4,dab46d830cc948678882e8d8ee978ebd,2021-03-22_11-55-25,1616414125,7.142368793487549,28.441523790359497,3063,2a81f27a3e9c,172.28.0.2,14.20714020729065,0,2,66273308,1,43,2,0.00044845976258312513,0.0860635221401327,0.9646008953145054,0.9943318643178918,0.021677180288470547
0.9434,0.9424,False,,,5,caab28b58065436582b5cdf7b4244673,2021-03-22_11-55-36,1616414136,6.766435623168945,34.92024207115173,3084,2a81f27a3e9c,172.28.0.2,6.766435623168945,0,1,1011a2e8,1,43,2,0.020821728134363327,0.010629968167803748,0.9492655959733923,0.9912259917443546,0.33581221341777884
0.9562,0.9602,False,,,6,caab28b58065436582b5cdf7b4244673,2021-03-22_11-55-43,1616414143,6.820006608963013,41.740248680114746,3084,2a81f27a3e9c,172.28.0.2,13.586442232131958,0,2,1011a2e8,1,43,2,0.020821728134363327,0.010629968167803748,0.9492655959733923,0.9912259917443546,0.33581221341777884
0.1004,0.1052,False,,,5,f320c0bd95f54861a085ec6d1d9e4171,2021-03-22_11-55-55,1616414155,7.311888217926025,36.181904792785645,3106,2a81f27a3e9c,172.28.0.2,7.311888217926025,0,1,101e41f6,1,43,2,0.018593514278012608,0.0635426819335331,0.9113140407716465,0.995958313051014,0.6571786039468075
0.1142,0.1128,False,,,6,f320c0bd95f54861a085ec6d1d9e4171,2021-03-22_11-56-03,1616414163,7.175904273986816,43.35780906677246,3106,2a81f27a3e9c,172.28.0.2,14.487792491912842,0,2,101e41f6,1,43,2,0.018593514278012608,0.0635426819335331,0.9113140407716465,0.995958313051014,0.6571786039468075
0.9554,0.9612,False,,,5,caab28b58065436582b5cdf7b4244673,2021-03-22_11-56-16,1616414176,7.117777347564697,35.0117084980011,3129,2a81f27a3e9c,172.28.0.2,7.117777347564697,0,1,101e41f6,1,43,2,0.1,0.070575595,0.9104971,0.9931578,0.2692722
0.9564,0.9568,False,,,6,caab28b58065436582b5cdf7b4244673,2021-03-22_11-56-24,1616414184,7.193617105484009,42.20532560348511,3129,2a81f27a3e9c,172.28.0.2,14.311394453048706,0,2,101e41f6,1,43,2,0.1,0.070575595,0.9104971,0.9931578,0.2692722
0.9272,0.9268,False,,,5,c2a4de24695b4955a4282f225a0a5c76,2021-03-22_11-56-35,1616414195,6.750036716461182,35.0244402885437,3150,2a81f27a3e9c,172.28.0.2,6.750036716461182,0,1,1b3b58e4,1,43,2,0.03897982078220582,0.007970251372325597,0.9341737714272851,0.994474769096241,0.13724534518447393
0.9288,0.9288,False,,,6,c2a4de24695b4955a4282f225a0a5c76,2021-03-22_11-56-42,1616414202,6.801321268081665,41.825761556625366,3150,2a81f27a3e9c,172.28.0.2,13.551357984542847,0,2,1b3b58e4,1,43,2,0.03897982078220582,0.007970251372325597,0.9341737714272851,0.994474769096241,0.13724534518447393
0.9324,0.9282,False,,,5,20eb83b545ff48f0bf044e2c42414cb0,2021-03-22_11-56-54,1616414214,6.717125177383423,35.56007361412048,3172,2a81f27a3e9c,172.28.0.2,6.717125177383423,0,1,268994b8,1,43,2,0.02234018442570784,0.01824213890236591,0.9944906892152635,0.9974583422213671,0.774450758535942
0.9222,0.9212,False,,,6,20eb83b545ff48f0bf044e2c42414cb0,2021-03-22_11-57-00,1616414220,6.803248882293701,42.363322496414185,3172,2a81f27a3e9c,172.28.0.2,13.520374059677124,0,2,268994b8,1,43,2,0.02234018442570784,0.01824213890236591,0.9944906892152635,0.9974583422213671,0.774450758535942
0.861,0.8694,False,,,5,cccc4730ac9c437380cf72086e38c187,2021-03-22_11-57-12,1616414232,6.798222303390503,34.92287874221802,3194,2a81f27a3e9c,172.28.0.2,6.798222303390503,0,1,31fcac5e,1,43,2,0.05863807439090137,0.05230858438141962,0.9793226692602179,0.9932108535998091,0.5019554375000315
0.8638,0.8658,False,,,6,cccc4730ac9c437380cf72086e38c187,2021-03-22_11-57-19,1616414239,6.769930601119995,41.69280934333801,3194,2a81f27a3e9c,172.28.0.2,13.568152904510498,0,2,31fcac5e,1,43,2,0.05863807439090137,0.05230858438141962,0.9793226692602179,0.9932108535998091,0.5019554375000315
0.9522,0.9572,False,,,5,caab28b58065436582b5cdf7b4244673,2021-03-22_11-57-31,1616414251,6.906030893325806,34.79996204376221,3216,2a81f27a3e9c,172.28.0.2,6.906030893325806,0,1,3d5bceae,1,43,2,0.020821728134363327,0.010629968167803748,0.9492655959733923,0.9912259917443546,0.33581221341777884
0.953,0.9552,False,,,6,caab28b58065436582b5cdf7b4244673,2021-03-22_11-57-37,1616414257,6.875152349472046,41.67511439323425,3216,2a81f27a3e9c,172.28.0.2,13.781183242797852,0,2,3d5bceae,1,43,2,0.020821728134363327,0.010629968167803748,0.9492655959733923,0.9912259917443546,0.33581221341777884
0.1006,0.1058,False,,,5,10037e974d1f42d79af1d6c35a12bc61,2021-03-22_11-57-49,1616414269,6.606968402862549,35.43646454811096,3238,2a81f27a3e9c,172.28.0.2,6.606968402862549,0,1,48b0ccb4,1,43,2,0.01651062578668871,0.06004837552077794,0.9026809332305807,0.9919671906259554,0.4660634996117809
0.1094,0.1176,False,,,6,10037e974d1f42d79af1d6c35a12bc61,2021-03-22_11-57-55,1616414275,6.636015176773071,42.07247972488403,3238,2a81f27a3e9c,172.28.0.2,13.24298357963562,0,2,48b0ccb4,1,43,2,0.01651062578668871,0.06004837552077794,0.9026809332305807,0.9919671906259554,0.4660634996117809
0.9526,0.951,False,,,5,caab28b58065436582b5cdf7b4244673,2021-03-22_11-58-07,1616414287,6.976498126983643,35.08528470993042,3261,2a81f27a3e9c,172.28.0.2,6.976498126983643,0,1,48b0ccb4,1,43,2,0.020821728134363327,0.010629968167803748,0.9492655959733923,0.9912259917443546,0.33581221341777884
0.9566,0.953,False,,,6,caab28b58065436582b5cdf7b4244673,2021-03-22_11-58-14,1616414294,6.869788885116577,41.955073595047,3261,2a81f27a3e9c,172.28.0.2,13.84628701210022,0,2,48b0ccb4,1,43,2,0.020821728134363327,0.010629968167803748,0.9492655959733923,0.9912259917443546,0.33581221341777884
0.9214,0.9316,False,,,5,20eb83b545ff48f0bf044e2c42414cb0,2021-03-22_11-58-25,1616414305,6.591442346572876,35.56031632423401,3283,2a81f27a3e9c,172.28.0.2,6.591442346572876,0,1,53b0998c,1,43,2,0.02234018442570784,0.01824213890236591,0.9944906892152635,0.9974583422213671,0.774450758535942
0.9212,0.9312,False,,,6,20eb83b545ff48f0bf044e2c42414cb0,2021-03-22_11-58-32,1616414312,6.65925145149231,42.21956777572632,3283,2a81f27a3e9c,172.28.0.2,13.250693798065186,0,2,53b0998c,1,43,2,0.02234018442570784,0.01824213890236591,0.9944906892152635,0.9974583422213671,0.774450758535942
0.8564,0.8484,False,,,5,cccc4730ac9c437380cf72086e38c187,2021-03-22_11-58-44,1616414324,6.75617241859436,35.606752157211304,3304,2a81f27a3e9c,172.28.0.2,6.75617241859436,0,1,5f20d7a0,1,43,2,0.05863807439090137,0.05230858438141962,0.9793226692602179,0.9932108535998091,0.5019554375000315
0.8708,0.8642,False,,,6,cccc4730ac9c437380cf72086e38c187,2021-03-22_11-58-50,1616414330,6.707334041595459,42.31408619880676,3304,2a81f27a3e9c,172.28.0.2,13.46350646018982,0,2,5f20d7a0,1,43,2,0.05863807439090137,0.05230858438141962,0.9793226692602179,0.9932108535998091,0.5019554375000315
0.8814,0.8746,False,,,5,cccc4730ac9c437380cf72086e38c187,2021-03-22_11-59-02,1616414342,6.915692090988159,35.675535678863525,3326,2a81f27a3e9c,172.28.0.2,6.915692090988159,0,1,6a16958c,1,43,2,0.05863807439090137,0.05230858438141962,0.9793226692602179,0.9932108535998091,0.5019554375000315
0.8748,0.87,False,,,6,cccc4730ac9c437380cf72086e38c187,2021-03-22_11-59-09,1616414349,6.9516072273254395,42.627142906188965,3326,2a81f27a3e9c,172.28.0.2,13.867299318313599,0,2,6a16958c,1,43,2,0.05863807439090137,0.05230858438141962,0.9793226692602179,0.9932108535998091,0.5019554375000315
0.9568,0.9624,False,,,5,caab28b58065436582b5cdf7b4244673,2021-03-22_11-59-21,1616414361,6.776079416275024,34.8848659992218,3350,2a81f27a3e9c,172.28.0.2,6.776079416275024,0,1,74f67616,1,43,2,0.020821728134363327,0.010629968167803748,0.9492655959733923,0.9912259917443546,0.33581221341777884
0.9492,0.9508,False,,,6,caab28b58065436582b5cdf7b4244673,2021-03-22_11-59-28,1616414368,6.888803720474243,41.773669719696045,3350,2a81f27a3e9c,172.28.0.2,13.664883136749268,0,2,74f67616,1,43,2,0.020821728134363327,0.010629968167803748,0.9492655959733923,0.9912259917443546,0.33581221341777884
0.941,0.9432,False,,,5,85f71cae13ae4b9d82f3469f9f20ca56,2021-03-22_11-59-39,1616414379,6.970674753189087,34.922831773757935,3372,2a81f27a3e9c,172.28.0.2,6.970674753189087,0,1,7fea0286,1,43,2,0.028259454638828566,0.01155326517527496,0.9153115164192026,0.991067056781143,0.41699728098610206
0.9404,0.9414,False,,,6,85f71cae13ae4b9d82f3469f9f20ca56,2021-03-22_11-59-46,1616414386,6.930948972702026,41.85378074645996,3372,2a81f27a3e9c,172.28.0.2,13.901623725891113,0,2,7fea0286,1,43,2,0.028259454638828566,0.01155326517527496,0.9153115164192026,0.991067056781143,0.41699728098610206
0.8412,0.8514,False,,,5,788af630569b4fffab7ebb1b7c7bb96d,2021-03-22_11-59-58,1616414398,7.013236999511719,34.932138204574585,3393,2a81f27a3e9c,172.28.0.2,7.013236999511719,0,1,8b17c242,1,43,2,0.08226354458568345,0.03762241102949623,0.9782858995856832,0.9995055716487251,0.032409970330110095
0.8686,0.8786,False,,,6,788af630569b4fffab7ebb1b7c7bb96d,2021-03-22_12-00-05,1616414405,6.9810590744018555,41.91319727897644,3393,2a81f27a3e9c,172.28.0.2,13.994296073913574,0,2,8b17c242,1,43,2,0.08226354458568345,0.03762241102949623,0.9782858995856832,0.9995055716487251,0.032409970330110095
0.9452,0.947,False,,,5,85f71cae13ae4b9d82f3469f9f20ca56,2021-03-22_12-00-18,1616414418,6.922468662261963,34.804728746414185,3416,2a81f27a3e9c,172.28.0.2,6.922468662261963,0,1,9627f5ee,1,43,2,0.028259454638828566,0.01155326517527496,0.9153115164192026,0.991067056781143,0.41699728098610206
0.9306,0.9254,False,,,6,85f71cae13ae4b9d82f3469f9f20ca56,2021-03-22_12-00-25,1616414425,6.85055947303772,41.655288219451904,3416,2a81f27a3e9c,172.28.0.2,13.773028135299683,0,2,9627f5ee,1,43,2,0.028259454638828566,0.01155326517527496,0.9153115164192026,0.991067056781143,0.41699728098610206
0.7768,0.7688,False,,,5,901fc7a13f964037a93dfedd3b021475,2021-03-22_12-00-37,1616414437,6.780785322189331,35.5550651550293,3437,2a81f27a3e9c,172.28.0.2,6.780785322189331,0,1,a121459a,1,43,2,0.058050817029670215,0.011345370846851445,0.984660064599645,0.9951018310398775,0.8570047990454253
0.8402,0.8292,False,,,6,901fc7a13f964037a93dfedd3b021475,2021-03-22_12-00-43,1616414443,6.838675022125244,42.39374017715454,3437,2a81f27a3e9c,172.28.0.2,13.619460344314575,0,2,a121459a,1,43,2,0.058050817029670215,0.011345370846851445,0.984660064599645,0.9951018310398775,0.8570047990454253
0.9256,0.929,False,,,5,c2a4de24695b4955a4282f225a0a5c76,2021-03-22_12-00-57,1616414457,6.864062070846558,34.64671850204468,3459,2a81f27a3e9c,172.28.0.2,6.864062070846558,0,1,ac8e21be,1,43,2,0.03897982078220582,0.007970251372325597,0.9341737714272851,0.994474769096241,0.13724534518447393
0.9058,0.9178,False,,,6,c2a4de24695b4955a4282f225a0a5c76,2021-03-22_12-01-04,1616414464,6.8315887451171875,41.478307247161865,3459,2a81f27a3e9c,172.28.0.2,13.695650815963745,0,2,ac8e21be,1,43,2,0.03897982078220582,0.007970251372325597,0.9341737714272851,0.994474769096241,0.13724534518447393
0.9526,0.9562,False,,,5,caab28b58065436582b5cdf7b4244673,2021-03-22_12-01-15,1616414475,6.709455966949463,34.63369703292847,3482,2a81f27a3e9c,172.28.0.2,6.709455966949463,0,1,b7f8c4aa,1,43,2,0.020821728134363327,0.010629968167803748,0.9492655959733923,0.9912259917443546,0.33581221341777884
0.9548,0.9548,False,,,6,caab28b58065436582b5cdf7b4244673,2021-03-22_12-01-22,1616414482,6.769812107086182,41.40350914001465,3482,2a81f27a3e9c,172.28.0.2,13.479268074035645,0,2,b7f8c4aa,1,43,2,0.020821728134363327,0.010629968167803748,0.9492655959733923,0.9912259917443546,0.33581221341777884
0.8172,0.828,False,,,5,788af630569b4fffab7ebb1b7c7bb96d,2021-03-22_12-01-33,1616414493,6.561355352401733,34.095617055892944,3503,2a81f27a3e9c,172.28.0.2,6.561355352401733,0,1,c33938ae,1,43,2,0.08226354458568345,0.03762241102949623,0.9782858995856832,0.9995055716487251,0.032409970330110095
0.8472,0.8464,False,,,6,788af630569b4fffab7ebb1b7c7bb96d,2021-03-22_12-01-40,1616414500,6.5089476108551025,40.60456466674805,3503,2a81f27a3e9c,172.28.0.2,13.070302963256836,0,2,c33938ae,1,43,2,0.08226354458568345,0.03762241102949623,0.9782858995856832,0.9995055716487251,0.032409970330110095
0.925,0.9322,False,,,5,6e787f9e24b64ce4bbc97f38e4b70093,2021-03-22_12-01-53,1616414513,6.684563398361206,35.00249886512756,3525,2a81f27a3e9c,172.28.0.2,6.684563398361206,0,1,ce802498,1,43,2,0.031849060901975895,0.0048165682646201064,0.9003606963600121,0.9927623806062073,0.2313518417703187
0.9264,0.9248,False,,,6,6e787f9e24b64ce4bbc97f38e4b70093,2021-03-22_12-02-00,1616414520,6.720698356628418,41.72319722175598,3525,2a81f27a3e9c,172.28.0.2,13.405261754989624,0,2,ce802498,1,43,2,0.031849060901975895,0.0048165682646201064,0.9003606963600121,0.9927623806062073,0.2313518417703187
0.8298,0.827,False,,,5,55e579307e6b4a7abe3b87d8054eeeef,2021-03-22_12-02-11,1616414531,6.964731216430664,35.806524991989136,3549,2a81f27a3e9c,172.28.0.2,6.964731216430664,0,1,d9fad9e4,1,43,2,0.0960352593449505,0.05343475959303596,0.9287171237807115,0.9937909673141153,0.33793584028553214
0.6916,0.692,False,,,6,55e579307e6b4a7abe3b87d8054eeeef,2021-03-22_12-02-18,1616414538,6.962265729904175,42.76879072189331,3549,2a81f27a3e9c,172.28.0.2,13.926996946334839,0,2,d9fad9e4,1,43,2,0.0960352593449505,0.05343475959303596,0.9287171237807115,0.9937909673141153,0.33793584028553214
0.7992,0.7992,False,,,5,788af630569b4fffab7ebb1b7c7bb96d,2021-03-22_12-02-32,1616414552,6.984511613845825,34.93502616882324,3570,2a81f27a3e9c,172.28.0.2,6.984511613845825,0,1,e575a074,1,43,2,0.08226354458568345,0.03762241102949623,0.9782858995856832,0.9995055716487251,0.032409970330110095
0.8044,0.8054,False,,,6,788af630569b4fffab7ebb1b7c7bb96d,2021-03-22_12-02-39,1616414559,6.9232025146484375,41.85822868347168,3570,2a81f27a3e9c,172.28.0.2,13.907714128494263,0,2,e575a074,1,43,2,0.08226354458568345,0.03762241102949623,0.9782858995856832,0.9995055716487251,0.032409970330110095
0.9556,0.9574,False,,,5,caab28b58065436582b5cdf7b4244673,2021-03-22_12-02-52,1616414572,6.880047559738159,34.80428862571716,3591,2a81f27a3e9c,172.28.0.2,6.880047559738159,0,1,f100b938,1,43,2,0.020821728134363327,0.010629968167803748,0.9492655959733923,0.9912259917443546,0.33581221341777884
0.9406,0.9416,False,,,6,caab28b58065436582b5cdf7b4244673,2021-03-22_12-02-58,1616414578,6.923102855682373,41.727391481399536,3591,2a81f27a3e9c,172.28.0.2,13.803150415420532,0,2,f100b938,1,43,2,0.020821728134363327,0.010629968167803748,0.9492655959733923,0.9912259917443546,0.33581221341777884
0.9358,0.9254,False,,,5,6e787f9e24b64ce4bbc97f38e4b70093,2021-03-22_12-03-10,1616414590,6.880803346633911,35.41955256462097,3613,2a81f27a3e9c,172.28.0.2,6.880803346633911,0,1,fc844fc2,1,43,2,0.031849060901975895,0.0048165682646201064,0.9003606963600121,0.9927623806062073,0.2313518417703187
0.9504,0.9496,False,,,6,6e787f9e24b64ce4bbc97f38e4b70093,2021-03-22_12-03-17,1616414597,6.840729713439941,42.26028227806091,3613,2a81f27a3e9c,172.28.0.2,13.721533060073853,0,2,fc844fc2,1,43,2,0.031849060901975895,0.0048165682646201064,0.9003606963600121,0.9927623806062073,0.2313518417703187
0.8488,0.8388,False,,,5,788af630569b4fffab7ebb1b7c7bb96d,2021-03-22_12-03-29,1616414609,6.758912563323975,34.91470122337341,3636,2a81f27a3e9c,172.28.0.2,6.758912563323975,0,1,0812d4bc,1,43,2,0.08226354458568345,0.03762241102949623,0.9782858995856832,0.9995055716487251,0.032409970330110095
0.8384,0.8272,False,,,6,788af630569b4fffab7ebb1b7c7bb96d,2021-03-22_12-03-35,1616414615,6.753804922103882,41.668506145477295,3636,2a81f27a3e9c,172.28.0.2,13.512717485427856,0,2,0812d4bc,1,43,2,0.08226354458568345,0.03762241102949623,0.9782858995856832,0.9995055716487251,0.032409970330110095
0.9202,0.9248,False,,,5,dab46d830cc948678882e8d8ee978ebd,2021-03-22_12-03-49,1616414629,6.826807260513306,35.2683310508728,3657,2a81f27a3e9c,172.28.0.2,6.826807260513306,0,1,66273308,1,43,2,0.00044845976258312513,0.0860635221401327,0.9646008953145054,0.9943318643178918,0.021677180288470547
0.9252,0.9298,False,,,6,dab46d830cc948678882e8d8ee978ebd,2021-03-22_12-03-56,1616414636,6.902209520339966,42.17054057121277,3657,2a81f27a3e9c,172.28.0.2,13.729016780853271,0,2,66273308,1,43,2,0.00044845976258312513,0.0860635221401327,0.9646008953145054,0.9943318643178918,0.021677180288470547
0.9478,0.9572,False,,,7,caab28b58065436582b5cdf7b4244673,2021-03-22_12-04-08,1616414648,6.994408130645752,48.7346568107605,3679,2a81f27a3e9c,172.28.0.2,6.994408130645752,0,1,1011a2e8,1,43,2,0.020821728134363327,0.010629968167803748,0.9492655959733923,0.9912259917443546,0.33581221341777884
0.957,0.9624,False,,,8,caab28b58065436582b5cdf7b4244673,2021-03-22_12-04-15,1616414655,6.897480487823486,55.632137298583984,3679,2a81f27a3e9c,172.28.0.2,13.891888618469238,0,2,1011a2e8,1,43,2,0.020821728134363327,0.010629968167803748,0.9492655959733923,0.9912259917443546,0.33581221341777884
0.9574,0.9562,False,,,7,caab28b58065436582b5cdf7b4244673,2021-03-22_12-04-26,1616414666,6.9295814037323,49.13490700721741,3703,2a81f27a3e9c,172.28.0.2,6.9295814037323,0,1,101e41f6,1,43,2,0.1,0.070575595,0.9104971,0.9931578,0.2692722
0.959,0.9602,False,,,8,caab28b58065436582b5cdf7b4244673,2021-03-22_12-04-33,1616414673,6.9380784034729,56.07298541069031,3703,2a81f27a3e9c,172.28.0.2,13.8676598072052,0,2,101e41f6,1,43,2,0.1,0.070575595,0.9104971,0.9931578,0.2692722
0.9294,0.9354,False,,,7,c2a4de24695b4955a4282f225a0a5c76,2021-03-22_12-04-45,1616414685,7.06378960609436,48.88955116271973,3725,2a81f27a3e9c,172.28.0.2,7.06378960609436,0,1,1b3b58e4,1,43,2,0.03897982078220582,0.007970251372325597,0.9341737714272851,0.994474769096241,0.13724534518447393
0.9082,0.9202,False,,,8,c2a4de24695b4955a4282f225a0a5c76,2021-03-22_12-04-52,1616414692,6.966887950897217,55.85643911361694,3725,2a81f27a3e9c,172.28.0.2,14.030677556991577,0,2,1b3b58e4,1,43,2,0.03897982078220582,0.007970251372325597,0.9341737714272851,0.994474769096241,0.13724534518447393
0.9242,0.9288,False,,,7,20eb83b545ff48f0bf044e2c42414cb0,2021-03-22_12-05-04,1616414704,7.069930791854858,49.43325328826904,3746,2a81f27a3e9c,172.28.0.2,7.069930791854858,0,1,268994b8,1,43,2,0.02234018442570784,0.01824213890236591,0.9944906892152635,0.9974583422213671,0.774450758535942
0.9108,0.9196,False,,,8,20eb83b545ff48f0bf044e2c42414cb0,2021-03-22_12-05-11,1616414711,6.982283353805542,56.415536642074585,3746,2a81f27a3e9c,172.28.0.2,14.0522141456604,0,2,268994b8,1,43,2,0.02234018442570784,0.01824213890236591,0.9944906892152635,0.9974583422213671,0.774450758535942
0.7934,0.8026,False,,,7,cccc4730ac9c437380cf72086e38c187,2021-03-22_12-05-23,1616414723,7.020068883895874,48.71287822723389,3769,2a81f27a3e9c,172.28.0.2,7.020068883895874,0,1,31fcac5e,1,43,2,0.05863807439090137,0.05230858438141962,0.9793226692602179,0.9932108535998091,0.5019554375000315
0.8616,0.8642,False,,,8,cccc4730ac9c437380cf72086e38c187,2021-03-22_12-05-30,1616414730,7.013855218887329,55.726733446121216,3769,2a81f27a3e9c,172.28.0.2,14.033924102783203,0,2,31fcac5e,1,43,2,0.05863807439090137,0.05230858438141962,0.9793226692602179,0.9932108535998091,0.5019554375000315
0.9548,0.952,False,,,7,caab28b58065436582b5cdf7b4244673,2021-03-22_12-05-44,1616414744,6.9845757484436035,48.9396493434906,3791,2a81f27a3e9c,172.28.0.2,6.9845757484436035,0,1,31fcac5e,1,43,2,0.1,0.047165494,0.94379324,0.9926022,0.422975
0.9504,0.9522,False,,,8,caab28b58065436582b5cdf7b4244673,2021-03-22_12-05-51,1616414751,7.034095525741577,55.97374486923218,3791,2a81f27a3e9c,172.28.0.2,14.01867127418518,0,2,31fcac5e,1,43,2,0.1,0.047165494,0.94379324,0.9926022,0.422975
0.963,0.958,False,,,7,caab28b58065436582b5cdf7b4244673,2021-03-22_12-06-03,1616414763,7.044929265975952,48.720043659210205,3813,2a81f27a3e9c,172.28.0.2,7.044929265975952,0,1,3d5bceae,1,43,2,0.020821728134363327,0.010629968167803748,0.9492655959733923,0.9912259917443546,0.33581221341777884
0.9564,0.9566,False,,,8,caab28b58065436582b5cdf7b4244673,2021-03-22_12-06-10,1616414770,7.113251447677612,55.83329510688782,3813,2a81f27a3e9c,172.28.0.2,14.158180713653564,0,2,3d5bceae,1,43,2,0.020821728134363327,0.010629968167803748,0.9492655959733923,0.9912259917443546,0.33581221341777884
0.948,0.9444,False,,,7,caab28b58065436582b5cdf7b4244673,2021-03-22_12-06-21,1616414781,6.953658819198608,48.908732414245605,3836,2a81f27a3e9c,172.28.0.2,6.953658819198608,0,1,48b0ccb4,1,43,2,0.020821728134363327,0.010629968167803748,0.9492655959733923,0.9912259917443546,0.33581221341777884
0.9596,0.9506,False,,,8,caab28b58065436582b5cdf7b4244673,2021-03-22_12-06-28,1616414788,7.019851207733154,55.92858362197876,3836,2a81f27a3e9c,172.28.0.2,13.973510026931763,0,2,48b0ccb4,1,43,2,0.020821728134363327,0.010629968167803748,0.9492655959733923,0.9912259917443546,0.33581221341777884
0.9232,0.9268,False,,,7,20eb83b545ff48f0bf044e2c42414cb0,2021-03-22_12-06-40,1616414800,7.020694732666016,49.240262508392334,3857,2a81f27a3e9c,172.28.0.2,7.020694732666016,0,1,53b0998c,1,43,2,0.02234018442570784,0.01824213890236591,0.9944906892152635,0.9974583422213671,0.774450758535942
0.9244,0.9264,False,,,8,20eb83b545ff48f0bf044e2c42414cb0,2021-03-22_12-06-47,1616414807,7.022172451019287,56.26243495941162,3857,2a81f27a3e9c,172.28.0.2,14.042867183685303,0,2,53b0998c,1,43,2,0.02234018442570784,0.01824213890236591,0.9944906892152635,0.9974583422213671,0.774450758535942
0.829,0.826,False,,,7,cccc4730ac9c437380cf72086e38c187,2021-03-22_12-06-59,1616414819,7.0405871868133545,49.35467338562012,3879,2a81f27a3e9c,172.28.0.2,7.0405871868133545,0,1,5f20d7a0,1,43,2,0.05863807439090137,0.05230858438141962,0.9793226692602179,0.9932108535998091,0.5019554375000315
0.8768,0.8792,False,,,8,cccc4730ac9c437380cf72086e38c187,2021-03-22_12-07-06,1616414826,6.976561069488525,56.33123445510864,3879,2a81f27a3e9c,172.28.0.2,14.01714825630188,0,2,5f20d7a0,1,43,2,0.05863807439090137,0.05230858438141962,0.9793226692602179,0.9932108535998091,0.5019554375000315
0.8726,0.872,False,,,7,cccc4730ac9c437380cf72086e38c187,2021-03-22_12-07-18,1616414838,6.809516191482544,49.43665909767151,3902,2a81f27a3e9c,172.28.0.2,6.809516191482544,0,1,6a16958c,1,43,2,0.05863807439090137,0.05230858438141962,0.9793226692602179,0.9932108535998091,0.5019554375000315
0.8372,0.8304,False,,,8,cccc4730ac9c437380cf72086e38c187,2021-03-22_12-07-25,1616414845,6.81212854385376,56.24878764152527,3902,2a81f27a3e9c,172.28.0.2,13.621644735336304,0,2,6a16958c,1,43,2,0.05863807439090137,0.05230858438141962,0.9793226692602179,0.9932108535998091,0.5019554375000315
0.961,0.9608,False,,,7,caab28b58065436582b5cdf7b4244673,2021-03-22_12-07-37,1616414857,6.7992942333221436,48.57296395301819,3924,2a81f27a3e9c,172.28.0.2,6.7992942333221436,0,1,74f67616,1,43,2,0.020821728134363327,0.010629968167803748,0.9492655959733923,0.9912259917443546,0.33581221341777884
0.9474,0.957,False,,,8,caab28b58065436582b5cdf7b4244673,2021-03-22_12-07-44,1616414864,6.74190878868103,55.31487274169922,3924,2a81f27a3e9c,172.28.0.2,13.541203022003174,0,2,74f67616,1,43,2,0.020821728134363327,0.010629968167803748,0.9492655959733923,0.9912259917443546,0.33581221341777884
0.9346,0.9422,False,,,7,85f71cae13ae4b9d82f3469f9f20ca56,2021-03-22_12-07-56,1616414876,6.673156023025513,48.526936769485474,3945,2a81f27a3e9c,172.28.0.2,6.673156023025513,0,1,7fea0286,1,43,2,0.028259454638828566,0.01155326517527496,0.9153115164192026,0.991067056781143,0.41699728098610206
0.9426,0.9486,False,,,8,85f71cae13ae4b9d82f3469f9f20ca56,2021-03-22_12-08-02,1616414882,6.755725145339966,55.28266191482544,3945,2a81f27a3e9c,172.28.0.2,13.428881168365479,0,2,7fea0286,1,43,2,0.028259454638828566,0.01155326517527496,0.9153115164192026,0.991067056781143,0.41699728098610206
0.9544,0.9532,False,,,7,caab28b58065436582b5cdf7b4244673,2021-03-22_12-08-14,1616414894,6.931867599487305,48.8869411945343,3966,2a81f27a3e9c,172.28.0.2,6.931867599487305,0,1,8b17c242,1,43,2,0.1,0.045658205,0.9375439,0.9922039,0.26730183
0.9624,0.954,False,,,8,caab28b58065436582b5cdf7b4244673,2021-03-22_12-08-21,1616414901,6.9814276695251465,55.86836886405945,3966,2a81f27a3e9c,172.28.0.2,13.913295269012451,0,2,8b17c242,1,43,2,0.1,0.045658205,0.9375439,0.9922039,0.26730183
0.945,0.9458,False,,,7,85f71cae13ae4b9d82f3469f9f20ca56,2021-03-22_12-08-32,1616414912,6.67016077041626,48.325448989868164,3989,2a81f27a3e9c,172.28.0.2,6.67016077041626,0,1,9627f5ee,1,43,2,0.028259454638828566,0.01155326517527496,0.9153115164192026,0.991067056781143,0.41699728098610206
0.9338,0.9364,False,,,8,85f71cae13ae4b9d82f3469f9f20ca56,2021-03-22_12-08-39,1616414919,6.674212694168091,54.999661684036255,3989,2a81f27a3e9c,172.28.0.2,13.34437346458435,0,2,9627f5ee,1,43,2,0.028259454638828566,0.01155326517527496,0.9153115164192026,0.991067056781143,0.41699728098610206
0.9092,0.9136,False,,,7,caab28b58065436582b5cdf7b4244673,2021-03-22_12-08-51,1616414931,6.740775108337402,48.51444482803345,4010,2a81f27a3e9c,172.28.0.2,6.740775108337402,0,1,a121459a,1,43,2,0.1,0.055555068,0.9,0.9976842,0.8504514
0.9082,0.9124,False,,,8,caab28b58065436582b5cdf7b4244673,2021-03-22_12-08-57,1616414937,6.708031415939331,55.22247624397278,4010,2a81f27a3e9c,172.28.0.2,13.448806524276733,0,2,a121459a,1,43,2,0.1,0.055555068,0.9,0.9976842,0.8504514
0.9234,0.9282,False,,,7,c2a4de24695b4955a4282f225a0a5c76,2021-03-22_12-09-09,1616414949,6.9170331954956055,48.39534044265747,4031,2a81f27a3e9c,172.28.0.2,6.9170331954956055,0,1,ac8e21be,1,43,2,0.03897982078220582,0.007970251372325597,0.9341737714272851,0.994474769096241,0.13724534518447393
0.9176,0.9232,False,,,8,c2a4de24695b4955a4282f225a0a5c76,2021-03-22_12-09-16,1616414956,6.816604852676392,55.21194529533386,4031,2a81f27a3e9c,172.28.0.2,13.733638048171997,0,2,ac8e21be,1,43,2,0.03897982078220582,0.007970251372325597,0.9341737714272851,0.994474769096241,0.13724534518447393
0.9492,0.9502,False,,,7,caab28b58065436582b5cdf7b4244673,2021-03-22_12-09-28,1616414968,6.870771646499634,48.27428078651428,4055,2a81f27a3e9c,172.28.0.2,6.870771646499634,0,1,b7f8c4aa,1,43,2,0.020821728134363327,0.010629968167803748,0.9492655959733923,0.9912259917443546,0.33581221341777884
0.954,0.953,False,,,8,caab28b58065436582b5cdf7b4244673,2021-03-22_12-09-34,1616414974,6.860419750213623,55.134700536727905,4055,2a81f27a3e9c,172.28.0.2,13.731191396713257,0,2,b7f8c4aa,1,43,2,0.020821728134363327,0.010629968167803748,0.9492655959733923,0.9912259917443546,0.33581221341777884
0.8576,0.86,False,,,7,caab28b58065436582b5cdf7b4244673,2021-03-22_12-09-46,1616414986,6.995027780532837,48.398536920547485,4076,2a81f27a3e9c,172.28.0.2,6.995027780532837,0,1,c33938ae,1,43,2,0.1,0.1,0.9404234,0.99,0.90004605
0.8656,0.8692,False,,,8,caab28b58065436582b5cdf7b4244673,2021-03-22_12-09-53,1616414993,7.070155382156372,55.46869230270386,4076,2a81f27a3e9c,172.28.0.2,14.065183162689209,0,2,c33938ae,1,43,2,0.1,0.1,0.9404234,0.99,0.90004605
0.9478,0.951,False,,,7,6e787f9e24b64ce4bbc97f38e4b70093,2021-03-22_12-10-06,1616415006,7.089995384216309,49.35027766227722,4097,2a81f27a3e9c,172.28.0.2,7.089995384216309,0,1,c33938ae,1,43,2,0.1,1e-10,1.0,0.99,1e-10
0.9454,0.9482,False,,,8,6e787f9e24b64ce4bbc97f38e4b70093,2021-03-22_12-10-13,1616415013,7.051252126693726,56.40152978897095,4097,2a81f27a3e9c,172.28.0.2,14.141247510910034,0,2,c33938ae,1,43,2,0.1,1e-10,1.0,0.99,1e-10
0.9222,0.9234,False,,,7,6e787f9e24b64ce4bbc97f38e4b70093,2021-03-22_12-10-25,1616415025,6.949207544326782,48.672404766082764,4121,2a81f27a3e9c,172.28.0.2,6.949207544326782,0,1,ce802498,1,43,2,0.031849060901975895,0.0048165682646201064,0.9003606963600121,0.9927623806062073,0.2313518417703187
0.9378,0.9342,False,,,8,6e787f9e24b64ce4bbc97f38e4b70093,2021-03-22_12-10-32,1616415032,7.005742788314819,55.67814755439758,4121,2a81f27a3e9c,172.28.0.2,13.954950332641602,0,2,ce802498,1,43,2,0.031849060901975895,0.0048165682646201064,0.9003606963600121,0.9927623806062073,0.2313518417703187
0.9546,0.9516,False,,,7,caab28b58065436582b5cdf7b4244673,2021-03-22_12-10-44,1616415044,6.731625318527222,48.68669891357422,4143,2a81f27a3e9c,172.28.0.2,6.731625318527222,0,1,d9fad9e4,1,43,2,0.1,0.046264768,0.9504719,0.99367195,0.45908037
0.9522,0.9504,False,,,8,caab28b58065436582b5cdf7b4244673,2021-03-22_12-10-50,1616415050,6.75508975982666,55.44178867340088,4143,2a81f27a3e9c,172.28.0.2,13.486715078353882,0,2,d9fad9e4,1,43,2,0.1,0.046264768,0.9504719,0.99367195,0.45908037
0.9278,0.9344,False,,,7,caab28b58065436582b5cdf7b4244673,2021-03-22_12-11-02,1616415062,6.652749300003052,48.0562584400177,4164,2a81f27a3e9c,172.28.0.2,6.652749300003052,0,1,e575a074,1,43,2,0.00034912553,0.1,1.0,0.99,0.7716068
0.9196,0.9206,False,,,8,caab28b58065436582b5cdf7b4244673,2021-03-22_12-11-09,1616415069,6.8325440883636475,54.88880252838135,4164,2a81f27a3e9c,172.28.0.2,13.4852933883667,0,2,e575a074,1,43,2,0.00034912553,0.1,1.0,0.99,0.7716068
0.9526,0.9582,False,,,7,caab28b58065436582b5cdf7b4244673,2021-03-22_12-11-20,1616415080,6.563677787780762,48.2910692691803,4187,2a81f27a3e9c,172.28.0.2,6.563677787780762,0,1,f100b938,1,43,2,0.020821728134363327,0.010629968167803748,0.9492655959733923,0.9912259917443546,0.33581221341777884
0.9514,0.9544,False,,,8,caab28b58065436582b5cdf7b4244673,2021-03-22_12-11-27,1616415087,6.620993614196777,54.912062883377075,4187,2a81f27a3e9c,172.28.0.2,13.184671401977539,0,2,f100b938,1,43,2,0.020821728134363327,0.010629968167803748,0.9492655959733923,0.9912259917443546,0.33581221341777884
0.9302,0.9292,False,,,7,6e787f9e24b64ce4bbc97f38e4b70093,2021-03-22_12-11-38,1616415098,6.997989177703857,49.25827145576477,4208,2a81f27a3e9c,172.28.0.2,6.997989177703857,0,1,fc844fc2,1,43,2,0.031849060901975895,0.0048165682646201064,0.9003606963600121,0.9927623806062073,0.2313518417703187
0.9548,0.9524,False,,,8,6e787f9e24b64ce4bbc97f38e4b70093,2021-03-22_12-11-45,1616415105,6.972562074661255,56.230833530426025,4208,2a81f27a3e9c,172.28.0.2,13.970551252365112,0,2,fc844fc2,1,43,2,0.031849060901975895,0.0048165682646201064,0.9003606963600121,0.9927623806062073,0.2313518417703187
0.9498,0.96,False,,,7,caab28b58065436582b5cdf7b4244673,2021-03-22_12-11-57,1616415117,7.0925610065460205,49.04763460159302,4229,2a81f27a3e9c,172.28.0.2,7.0925610065460205,0,1,0812d4bc,1,43,2,0.1,0.038452577,0.9279383,0.9928975,0.39634123
0.9488,0.9564,False,,,8,caab28b58065436582b5cdf7b4244673,2021-03-22_12-12-05,1616415125,7.099369049072266,56.14700365066528,4229,2a81f27a3e9c,172.28.0.2,14.191930055618286,0,2,0812d4bc,1,43,2,0.1,0.038452577,0.9279383,0.9928975,0.39634123
0.9218,0.929,False,,,7,dab46d830cc948678882e8d8ee978ebd,2021-03-22_12-12-16,1616415136,6.490844249725342,48.66138482093811,4251,2a81f27a3e9c,172.28.0.2,6.490844249725342,0,1,66273308,1,43,2,0.00044845976258312513,0.0860635221401327,0.9646008953145054,0.9943318643178918,0.021677180288470547
0.9206,0.931,False,,,8,dab46d830cc948678882e8d8ee978ebd,2021-03-22_12-12-22,1616415142,6.433355331420898,55.09474015235901,4251,2a81f27a3e9c,172.28.0.2,12.92419958114624,0,2,66273308,1,43,2,0.00044845976258312513,0.0860635221401327,0.9646008953145054,0.9943318643178918,0.021677180288470547
0.9558,0.9538,False,,,9,caab28b58065436582b5cdf7b4244673,2021-03-22_12-12-34,1616415154,6.704082489013672,62.336219787597656,4275,2a81f27a3e9c,172.28.0.2,6.704082489013672,0,1,1011a2e8,1,43,2,0.020821728134363327,0.010629968167803748,0.9492655959733923,0.9912259917443546,0.33581221341777884
0.9586,0.9594,True,,,10,caab28b58065436582b5cdf7b4244673,2021-03-22_12-12-41,1616415161,6.692897081375122,69.02911686897278,4275,2a81f27a3e9c,172.28.0.2,13.396979570388794,0,2,1011a2e8,1,43,2,0.020821728134363327,0.010629968167803748,0.9492655959733923,0.9912259917443546,0.33581221341777884
loss,test,done,timesteps_total,episodes_total,training_iteration,experiment_id,date,timestamp,time_this_iter_s,time_total_s,pid,hostname,node_ip,time_since_restore,timesteps_since_restore,iterations_since_restore,trial_id,config/sigmoid_func,config/hidden_dim,config/n_layer,config/lr,config/weight_decay,config/b1,config/b2,config/droupout_prob
0.1,0.102,False,,,1,cb1ada6d62bf48baa06768e833caf1b6,2021-03-22_12-12-52,1616415172,6.411318063735962,6.411318063735962,4297,2a81f27a3e9c,172.28.0.2,6.411318063735962,0,1,e6629088,1,43,2,0.09695255485969281,0.08828714335453483,0.9412240933925164,0.9940068679519726,0.5994510809788653
0.0982,0.0966,False,,,2,cb1ada6d62bf48baa06768e833caf1b6,2021-03-22_12-12-58,1616415178,6.444270610809326,12.855588674545288,4297,2a81f27a3e9c,172.28.0.2,12.855588674545288,0,2,e6629088,1,43,2,0.09695255485969281,0.08828714335453483,0.9412240933925164,0.9940068679519726,0.5994510809788653
0.9548,0.9562,False,,,9,caab28b58065436582b5cdf7b4244673,2021-03-22_12-13-10,1616415190,6.59104323387146,62.66402864456177,4319,2a81f27a3e9c,172.28.0.2,6.59104323387146,0,1,101e41f6,1,43,2,0.1,0.070575595,0.9104971,0.9931578,0.2692722
0.9554,0.9546,True,,,10,caab28b58065436582b5cdf7b4244673,2021-03-22_12-13-17,1616415197,6.468261480331421,69.13229012489319,4319,2a81f27a3e9c,172.28.0.2,13.05930471420288,0,2,101e41f6,1,43,2,0.1,0.070575595,0.9104971,0.9931578,0.2692722
loss,test,done,timesteps_total,episodes_total,training_iteration,experiment_id,date,timestamp,time_this_iter_s,time_total_s,pid,hostname,node_ip,time_since_restore,timesteps_since_restore,iterations_since_restore,trial_id,config/sigmoid_func,config/hidden_dim,config/n_layer,config/lr,config/weight_decay,config/b1,config/b2,config/droupout_prob
0.114,0.113,False,,,1,a665d581970040b7a12e2a43dc856672,2021-03-22_12-13-28,1616415208,6.725616931915283,6.725616931915283,4343,2a81f27a3e9c,172.28.0.2,6.725616931915283,0,1,fbf737f0,1,43,2,0.008770331396639929,0.07626321544235445,0.918822586194373,0.996076002990618,0.6267249618464821
0.114,0.113,False,,,2,a665d581970040b7a12e2a43dc856672,2021-03-22_12-13-35,1616415215,6.808625221252441,13.534242153167725,4343,2a81f27a3e9c,172.28.0.2,13.534242153167725,0,2,fbf737f0,1,43,2,0.008770331396639929,0.07626321544235445,0.918822586194373,0.996076002990618,0.6267249618464821
0.9294,0.9232,False,,,9,c2a4de24695b4955a4282f225a0a5c76,2021-03-22_12-13-47,1616415227,6.7260661125183105,62.582505226135254,4365,2a81f27a3e9c,172.28.0.2,6.7260661125183105,0,1,1b3b58e4,1,43,2,0.03897982078220582,0.007970251372325597,0.9341737714272851,0.994474769096241,0.13724534518447393
0.9338,0.9326,True,,,10,c2a4de24695b4955a4282f225a0a5c76,2021-03-22_12-13-54,1616415234,6.683375358581543,69.2658805847168,4365,2a81f27a3e9c,172.28.0.2,13.409441471099854,0,2,1b3b58e4,1,43,2,0.03897982078220582,0.007970251372325597,0.9341737714272851,0.994474769096241,0.13724534518447393
loss,test,done,timesteps_total,episodes_total,training_iteration,experiment_id,date,timestamp,time_this_iter_s,time_total_s,pid,hostname,node_ip,time_since_restore,timesteps_since_restore,iterations_since_restore,trial_id,config/sigmoid_func,config/hidden_dim,config/n_layer,config/lr,config/weight_decay,config/b1,config/b2,config/droupout_prob
0.1094,0.1176,False,,,1,fd78165b58d646d3b0281b4646c9e95a,2021-03-22_12-14-05,1616415245,6.494823694229126,6.494823694229126,4388,2a81f27a3e9c,172.28.0.2,6.494823694229126,0,1,120a21f6,1,43,2,0.03749429125613633,0.06002456446707759,0.9268865952068799,0.9965720458670153,0.9233687330450231
0.097,0.105,False,,,2,fd78165b58d646d3b0281b4646c9e95a,2021-03-22_12-14-12,1616415252,6.539249897003174,13.0340735912323,4388,2a81f27a3e9c,172.28.0.2,13.0340735912323,0,2,120a21f6,1,43,2,0.03749429125613633,0.06002456446707759,0.9268865952068799,0.9965720458670153,0.9233687330450231
0.9304,0.9288,False,,,9,20eb83b545ff48f0bf044e2c42414cb0,2021-03-22_12-14-24,1616415264,6.681552410125732,63.09708905220032,4412,2a81f27a3e9c,172.28.0.2,6.681552410125732,0,1,268994b8,1,43,2,0.02234018442570784,0.01824213890236591,0.9944906892152635,0.9974583422213671,0.774450758535942
0.9326,0.9322,True,,,10,20eb83b545ff48f0bf044e2c42414cb0,2021-03-22_12-14-31,1616415271,6.7152464389801025,69.81233549118042,4412,2a81f27a3e9c,172.28.0.2,13.396798849105835,0,2,268994b8,1,43,2,0.02234018442570784,0.01824213890236591,0.9944906892152635,0.9974583422213671,0.774450758535942
loss,test,done,timesteps_total,episodes_total,training_iteration,experiment_id,date,timestamp,time_this_iter_s,time_total_s,pid,hostname,node_ip,time_since_restore,timesteps_since_restore,iterations_since_restore,trial_id,config/sigmoid_func,config/hidden_dim,config/n_layer,config/lr,config/weight_decay,config/b1,config/b2,config/droupout_prob
0.8682,0.864,False,,,1,42a2c856d53747698eeec6a006b9546d,2021-03-22_12-14-42,1616415282,6.72812819480896,6.72812819480896,4434,2a81f27a3e9c,172.28.0.2,6.72812819480896,0,1,27ea87b8,1,43,2,0.007291686710834699,0.07909439797043767,0.963676065481272,0.995186072599107,0.25900984722505777
0.8934,0.897,False,,,2,42a2c856d53747698eeec6a006b9546d,2021-03-22_12-14-49,1616415289,6.763990879058838,13.492119073867798,4434,2a81f27a3e9c,172.28.0.2,13.492119073867798,0,2,27ea87b8,1,43,2,0.007291686710834699,0.07909439797043767,0.963676065481272,0.995186072599107,0.25900984722505777
0.9532,0.9534,False,,,9,caab28b58065436582b5cdf7b4244673,2021-03-22_12-15-01,1616415301,6.784014463424683,62.75775933265686,4456,2a81f27a3e9c,172.28.0.2,6.784014463424683,0,1,31fcac5e,1,43,2,0.1,0.047165494,0.94379324,0.9926022,0.422975
0.9566,0.9546,True,,,10,caab28b58065436582b5cdf7b4244673,2021-03-22_12-15-08,1616415308,6.772665739059448,69.53042507171631,4456,2a81f27a3e9c,172.28.0.2,13.55668020248413,0,2,31fcac5e,1,43,2,0.1,0.047165494,0.94379324,0.9926022,0.422975
0.9584,0.9604,False,,,9,caab28b58065436582b5cdf7b4244673,2021-03-22_12-15-19,1616415319,6.545586585998535,62.37888169288635,4478,2a81f27a3e9c,172.28.0.2,6.545586585998535,0,1,3d5bceae,1,43,2,0.020821728134363327,0.010629968167803748,0.9492655959733923,0.9912259917443546,0.33581221341777884
0.9582,0.9608,True,,,10,caab28b58065436582b5cdf7b4244673,2021-03-22_12-15-26,1616415326,6.512608528137207,68.89149022102356,4478,2a81f27a3e9c,172.28.0.2,13.058195114135742,0,2,3d5bceae,1,43,2,0.020821728134363327,0.010629968167803748,0.9492655959733923,0.9912259917443546,0.33581221341777884
0.9518,0.9506,False,,,9,caab28b58065436582b5cdf7b4244673,2021-03-22_12-15-37,1616415337,6.476785898208618,62.40536952018738,4503,2a81f27a3e9c,172.28.0.2,6.476785898208618,0,1,48b0ccb4,1,43,2,0.020821728134363327,0.010629968167803748,0.9492655959733923,0.9912259917443546,0.33581221341777884
0.9632,0.9576,True,,,10,caab28b58065436582b5cdf7b4244673,2021-03-22_12-15-43,1616415343,6.603832721710205,69.00920224189758,4503,2a81f27a3e9c,172.28.0.2,13.080618619918823,0,2,48b0ccb4,1,43,2,0.020821728134363327,0.010629968167803748,0.9492655959733923,0.9912259917443546,0.33581221341777884
0.9272,0.9278,False,,,9,20eb83b545ff48f0bf044e2c42414cb0,2021-03-22_12-15-55,1616415355,6.729986190795898,62.99242115020752,4524,2a81f27a3e9c,172.28.0.2,6.729986190795898,0,1,53b0998c,1,43,2,0.02234018442570784,0.01824213890236591,0.9944906892152635,0.9974583422213671,0.774450758535942
0.9224,0.9212,True,,,10,20eb83b545ff48f0bf044e2c42414cb0,2021-03-22_12-16-02,1616415362,6.694042921066284,69.6864640712738,4524,2a81f27a3e9c,172.28.0.2,13.424029111862183,0,2,53b0998c,1,43,2,0.02234018442570784,0.01824213890236591,0.9944906892152635,0.9974583422213671,0.774450758535942
0.884,0.8804,False,,,9,cccc4730ac9c437380cf72086e38c187,2021-03-22_12-16-13,1616415373,6.775310039520264,63.106544494628906,4547,2a81f27a3e9c,172.28.0.2,6.775310039520264,0,1,5f20d7a0,1,43,2,0.05863807439090137,0.05230858438141962,0.9793226692602179,0.9932108535998091,0.5019554375000315
0.851,0.8408,True,,,10,cccc4730ac9c437380cf72086e38c187,2021-03-22_12-16-20,1616415380,6.526627540588379,69.63317203521729,4547,2a81f27a3e9c,172.28.0.2,13.301937580108643,0,2,5f20d7a0,1,43,2,0.05863807439090137,0.05230858438141962,0.9793226692602179,0.9932108535998091,0.5019554375000315
0.1014,0.0946,False,,,9,caab28b58065436582b5cdf7b4244673,2021-03-22_12-16-31,1616415391,6.799483060836792,62.63277816772461,4570,2a81f27a3e9c,172.28.0.2,6.799483060836792,0,1,6a16958c,1,43,2,0.1,0.1,0.9,1.0,1.0
0.1076,0.098,True,,,10,caab28b58065436582b5cdf7b4244673,2021-03-22_12-16-38,1616415398,6.788203477859497,69.4209816455841,4570,2a81f27a3e9c,172.28.0.2,13.587686538696289,0,2,6a16958c,1,43,2,0.1,0.1,0.9,1.0,1.0
0.9616,0.9576,False,,,9,caab28b58065436582b5cdf7b4244673,2021-03-22_12-16-49,1616415409,6.832791328430176,62.147664070129395,4592,2a81f27a3e9c,172.28.0.2,6.832791328430176,0,1,74f67616,1,43,2,0.020821728134363327,0.010629968167803748,0.9492655959733923,0.9912259917443546,0.33581221341777884
0.9568,0.9498,True,,,10,caab28b58065436582b5cdf7b4244673,2021-03-22_12-16-56,1616415416,6.707589626312256,68.85525369644165,4592,2a81f27a3e9c,172.28.0.2,13.540380954742432,0,2,74f67616,1,43,2,0.020821728134363327,0.010629968167803748,0.9492655959733923,0.9912259917443546,0.33581221341777884
0.9382,0.9348,False,,,9,85f71cae13ae4b9d82f3469f9f20ca56,2021-03-22_12-17-07,1616415427,6.798877239227295,62.081539154052734,4614,2a81f27a3e9c,172.28.0.2,6.798877239227295,0,1,7fea0286,1,43,2,0.028259454638828566,0.01155326517527496,0.9153115164192026,0.991067056781143,0.41699728098610206
0.9288,0.9348,True,,,10,85f71cae13ae4b9d82f3469f9f20ca56,2021-03-22_12-17-14,1616415434,6.758023500442505,68.83956265449524,4614,2a81f27a3e9c,172.28.0.2,13.5569007396698,0,2,7fea0286,1,43,2,0.028259454638828566,0.01155326517527496,0.9153115164192026,0.991067056781143,0.41699728098610206
0.953,0.951,False,,,9,caab28b58065436582b5cdf7b4244673,2021-03-22_12-17-26,1616415446,6.776549339294434,62.64491820335388,4637,2a81f27a3e9c,172.28.0.2,6.776549339294434,0,1,8b17c242,1,43,2,0.1,0.045658205,0.9375439,0.9922039,0.26730183
0.9588,0.9564,True,,,10,caab28b58065436582b5cdf7b4244673,2021-03-22_12-17-33,1616415453,6.818988800048828,69.46390700340271,4637,2a81f27a3e9c,172.28.0.2,13.595538139343262,0,2,8b17c242,1,43,2,0.1,0.045658205,0.9375439,0.9922039,0.26730183
0.9286,0.9338,False,,,9,85f71cae13ae4b9d82f3469f9f20ca56,2021-03-22_12-17-44,1616415464,6.471602916717529,61.471264600753784,4659,2a81f27a3e9c,172.28.0.2,6.471602916717529,0,1,9627f5ee,1,43,2,0.028259454638828566,0.01155326517527496,0.9153115164192026,0.991067056781143,0.41699728098610206
0.9354,0.9392,True,,,10,85f71cae13ae4b9d82f3469f9f20ca56,2021-03-22_12-17-50,1616415470,6.530160427093506,68.00142502784729,4659,2a81f27a3e9c,172.28.0.2,13.001763343811035,0,2,9627f5ee,1,43,2,0.028259454638828566,0.01155326517527496,0.9153115164192026,0.991067056781143,0.41699728098610206
0.8944,0.8982,False,,,9,caab28b58065436582b5cdf7b4244673,2021-03-22_12-18-02,1616415482,6.527151346206665,61.74962759017944,4681,2a81f27a3e9c,172.28.0.2,6.527151346206665,0,1,a121459a,1,43,2,0.1,0.055555068,0.9,0.9976842,0.8504514
0.9074,0.9078,True,,,10,caab28b58065436582b5cdf7b4244673,2021-03-22_12-18-08,1616415488,6.484189748764038,68.23381733894348,4681,2a81f27a3e9c,172.28.0.2,13.011341094970703,0,2,a121459a,1,43,2,0.1,0.055555068,0.9,0.9976842,0.8504514
0.9226,0.923,False,,,9,c2a4de24695b4955a4282f225a0a5c76,2021-03-22_12-18-20,1616415500,6.835698843002319,62.04764413833618,4702,2a81f27a3e9c,172.28.0.2,6.835698843002319,0,1,ac8e21be,1,43,2,0.03897982078220582,0.007970251372325597,0.9341737714272851,0.994474769096241,0.13724534518447393
0.9238,0.9216,True,,,10,c2a4de24695b4955a4282f225a0a5c76,2021-03-22_12-18-26,1616415506,6.816248416900635,68.86389255523682,4702,2a81f27a3e9c,172.28.0.2,13.651947259902954,0,2,ac8e21be,1,43,2,0.03897982078220582,0.007970251372325597,0.9341737714272851,0.994474769096241,0.13724534518447393
0.9478,0.9556,False,,,9,caab28b58065436582b5cdf7b4244673,2021-03-22_12-18-38,1616415518,6.477914571762085,61.61261510848999,4726,2a81f27a3e9c,172.28.0.2,6.477914571762085,0,1,b7f8c4aa,1,43,2,0.020821728134363327,0.010629968167803748,0.9492655959733923,0.9912259917443546,0.33581221341777884
0.9498,0.9586,True,,,10,caab28b58065436582b5cdf7b4244673,2021-03-22_12-18-44,1616415524,6.504129886627197,68.11674499511719,4726,2a81f27a3e9c,172.28.0.2,12.982044458389282,0,2,b7f8c4aa,1,43,2,0.020821728134363327,0.010629968167803748,0.9492655959733923,0.9912259917443546,0.33581221341777884
0.9566,0.962,False,,,9,6e787f9e24b64ce4bbc97f38e4b70093,2021-03-22_12-18-56,1616415536,6.882582902908325,63.28411269187927,4748,2a81f27a3e9c,172.28.0.2,6.882582902908325,0,1,c33938ae,1,43,2,0.1,1e-10,1.0,0.99,1e-10
0.961,0.9612,True,,,10,6e787f9e24b64ce4bbc97f38e4b70093,2021-03-22_12-19-03,1616415543,6.842632055282593,70.12674474716187,4748,2a81f27a3e9c,172.28.0.2,13.725214958190918,0,2,c33938ae,1,43,2,0.1,1e-10,1.0,0.99,1e-10
0.944,0.9386,False,,,9,6e787f9e24b64ce4bbc97f38e4b70093,2021-03-22_12-19-14,1616415554,6.714180946350098,62.39232850074768,4770,2a81f27a3e9c,172.28.0.2,6.714180946350098,0,1,ce802498,1,43,2,0.031849060901975895,0.0048165682646201064,0.9003606963600121,0.9927623806062073,0.2313518417703187
0.9358,0.936,True,,,10,6e787f9e24b64ce4bbc97f38e4b70093,2021-03-22_12-19-21,1616415561,6.630347728729248,69.02267622947693,4770,2a81f27a3e9c,172.28.0.2,13.344528675079346,0,2,ce802498,1,43,2,0.031849060901975895,0.0048165682646201064,0.9003606963600121,0.9927623806062073,0.2313518417703187
0.9512,0.9496,False,,,9,caab28b58065436582b5cdf7b4244673,2021-03-22_12-19-32,1616415572,6.654771566390991,62.09656023979187,4794,2a81f27a3e9c,172.28.0.2,6.654771566390991,0,1,d9fad9e4,1,43,2,0.1,0.046264768,0.9504719,0.99367195,0.45908037
0.9506,0.949,True,,,10,caab28b58065436582b5cdf7b4244673,2021-03-22_12-19-39,1616415579,6.78602409362793,68.8825843334198,4794,2a81f27a3e9c,172.28.0.2,13.440795660018921,0,2,d9fad9e4,1,43,2,0.1,0.046264768,0.9504719,0.99367195,0.45908037
0.9418,0.939,False,,,9,caab28b58065436582b5cdf7b4244673,2021-03-22_12-19-50,1616415590,6.560565710067749,61.4493682384491,4818,2a81f27a3e9c,172.28.0.2,6.560565710067749,0,1,e575a074,1,43,2,0.00034912553,0.1,1.0,0.99,0.7716068
0.938,0.9382,True,,,10,caab28b58065436582b5cdf7b4244673,2021-03-22_12-19-57,1616415597,6.565016746520996,68.01438498497009,4818,2a81f27a3e9c,172.28.0.2,13.125582456588745,0,2,e575a074,1,43,2,0.00034912553,0.1,1.0,0.99,0.7716068
0.9604,0.9552,False,,,9,caab28b58065436582b5cdf7b4244673,2021-03-22_12-20-08,1616415608,6.9870383739471436,61.89910125732422,4840,2a81f27a3e9c,172.28.0.2,6.9870383739471436,0,1,f100b938,1,43,2,0.020821728134363327,0.010629968167803748,0.9492655959733923,0.9912259917443546,0.33581221341777884
0.9488,0.9432,True,,,10,caab28b58065436582b5cdf7b4244673,2021-03-22_12-20-15,1616415615,6.969201564788818,68.86830282211304,4840,2a81f27a3e9c,172.28.0.2,13.956239938735962,0,2,f100b938,1,43,2,0.020821728134363327,0.010629968167803748,0.9492655959733923,0.9912259917443546,0.33581221341777884
0.9618,0.9534,False,,,9,6e787f9e24b64ce4bbc97f38e4b70093,2021-03-22_12-20-27,1616415627,6.822800397872925,63.05363392829895,4862,2a81f27a3e9c,172.28.0.2,6.822800397872925,0,1,fc844fc2,1,43,2,0.031849060901975895,0.0048165682646201064,0.9003606963600121,0.9927623806062073,0.2313518417703187
0.9518,0.9472,True,,,10,6e787f9e24b64ce4bbc97f38e4b70093,2021-03-22_12-20-34,1616415634,6.900052309036255,69.9536862373352,4862,2a81f27a3e9c,172.28.0.2,13.72285270690918,0,2,fc844fc2,1,43,2,0.031849060901975895,0.0048165682646201064,0.9003606963600121,0.9927623806062073,0.2313518417703187
0.9506,0.9586,False,,,9,caab28b58065436582b5cdf7b4244673,2021-03-22_12-20-45,1616415645,6.699653387069702,62.846657037734985,4885,2a81f27a3e9c,172.28.0.2,6.699653387069702,0,1,0812d4bc,1,43,2,0.1,0.038452577,0.9279383,0.9928975,0.39634123
0.9538,0.9558,True,,,10,caab28b58065436582b5cdf7b4244673,2021-03-22_12-20-52,1616415652,6.796035051345825,69.64269208908081,4885,2a81f27a3e9c,172.28.0.2,13.495688438415527,0,2,0812d4bc,1,43,2,0.1,0.038452577,0.9279383,0.9928975,0.39634123
0.9284,0.9252,False,,,9,dab46d830cc948678882e8d8ee978ebd,2021-03-22_12-21-03,1616415663,6.647083044052124,61.74182319641113,4909,2a81f27a3e9c,172.28.0.2,6.647083044052124,0,1,66273308,1,43,2,0.00044845976258312513,0.0860635221401327,0.9646008953145054,0.9943318643178918,0.021677180288470547
0.9298,0.926,True,,,10,dab46d830cc948678882e8d8ee978ebd,2021-03-22_12-21-10,1616415670,6.817438364028931,68.55926156044006,4909,2a81f27a3e9c,172.28.0.2,13.464521408081055,0,2,66273308,1,43,2,0.00044845976258312513,0.0860635221401327,0.9646008953145054,0.9943318643178918,0.021677180288470547
0.1046,0.101,False,,,9,6e787f9e24b64ce4bbc97f38e4b70093,2021-03-22_12-21-22,1616415682,6.9196155071258545,63.15044903755188,4931,2a81f27a3e9c,172.28.0.2,6.9196155071258545,0,1,e6629088,1,43,2,1e-10,0.1,0.9,1.0,1.0
0.1046,0.101,True,,,10,6e787f9e24b64ce4bbc97f38e4b70093,2021-03-22_12-21-29,1616415689,6.815114259719849,69.96556329727173,4931,2a81f27a3e9c,172.28.0.2,13.734729766845703,0,2,e6629088,1,43,2,1e-10,0.1,0.9,1.0,1.0
0.1184,0.1086,False,,,9,caab28b58065436582b5cdf7b4244673,2021-03-22_12-21-40,1616415700,6.899042844772339,62.033743381500244,4955,2a81f27a3e9c,172.28.0.2,6.899042844772339,0,1,fbf737f0,1,43,2,0.1,0.1,1.0,1.0,1.0
0.1184,0.1086,True,,,10,caab28b58065436582b5cdf7b4244673,2021-03-22_12-21-47,1616415707,6.8433098793029785,68.87705326080322,4955,2a81f27a3e9c,172.28.0.2,13.742352724075317,0,2,fbf737f0,1,43,2,0.1,0.1,1.0,1.0,1.0
0.1124,0.1146,False,,,9,caab28b58065436582b5cdf7b4244673,2021-03-22_12-21-58,1616415718,6.448789834976196,61.5834903717041,4977,2a81f27a3e9c,172.28.0.2,6.448789834976196,0,1,120a21f6,1,43,2,1e-10,1e-10,0.9,1.0,1.0
0.1124,0.1146,True,,,10,caab28b58065436582b5cdf7b4244673,2021-03-22_12-22-05,1616415725,6.491365909576416,68.07485628128052,4977,2a81f27a3e9c,172.28.0.2,12.940155744552612,0,2,120a21f6,1,43,2,1e-10,1e-10,0.9,1.0,1.0
0.9606,0.9598,False,,,9,caab28b58065436582b5cdf7b4244673,2021-03-22_12-22-16,1616415736,6.576939821243286,61.71164035797119,4999,2a81f27a3e9c,172.28.0.2,6.576939821243286,0,1,27ea87b8,1,43,2,0.1,0.1,1.0,0.99,1e-10
0.9638,0.967,True,,,10,caab28b58065436582b5cdf7b4244673,2021-03-22_12-22-23,1616415743,6.577746629714966,68.28938698768616,4999,2a81f27a3e9c,172.28.0.2,13.154686450958252,0,2,27ea87b8,1,43,2,0.1,0.1,1.0,0.99,1e-10
