loss,test,done,timesteps_total,episodes_total,training_iteration,experiment_id,date,timestamp,time_this_iter_s,time_total_s,pid,hostname,node_ip,time_since_restore,timesteps_since_restore,iterations_since_restore,trial_id,config/sigmoid_func,config/hidden_dim,config/n_layer,config/lr,config/weight_decay,config/b1,config/b2,config/droupout_prob
0.113,0.114,False,,,1,50b28ea6f9cf4665a7952409ed17d2e2,2021-03-17_12-44-13,1615985053,6.7671427726745605,6.7671427726745605,1019,eeb1cb364ceb,172.28.0.2,6.7671427726745605,0,1,6f80f604,1,43,2,0.07274952158201568,0.010601068403224624,0.9360488418172318,0.991684379368471,0.5645550474013137
0.0958,0.1062,False,,,2,50b28ea6f9cf4665a7952409ed17d2e2,2021-03-17_12-44-20,1615985060,6.6041388511657715,13.371281623840332,1019,eeb1cb364ceb,172.28.0.2,13.371281623840332,0,2,6f80f604,1,43,2,0.07274952158201568,0.010601068403224624,0.9360488418172318,0.991684379368471,0.5645550474013137
loss,test,done,timesteps_total,episodes_total,training_iteration,experiment_id,date,timestamp,time_this_iter_s,time_total_s,pid,hostname,node_ip,time_since_restore,timesteps_since_restore,iterations_since_restore,trial_id,config/sigmoid_func,config/hidden_dim,config/n_layer,config/lr,config/weight_decay,config/b1,config/b2,config/droupout_prob
0.1128,0.1142,False,,,1,ff05c0c850114d4189fb50b0f322671b,2021-03-17_12-44-30,1615985070,6.592638731002808,6.592638731002808,1018,eeb1cb364ceb,172.28.0.2,6.592638731002808,0,1,6f85c440,1,43,2,0.019393306130758084,0.045174583682540286,0.9181498266442286,0.9970000889373127,0.035221111840301744
0.1128,0.1142,False,,,2,ff05c0c850114d4189fb50b0f322671b,2021-03-17_12-44-37,1615985077,6.706552267074585,13.299190998077393,1018,eeb1cb364ceb,172.28.0.2,13.299190998077393,0,2,6f85c440,1,43,2,0.019393306130758084,0.045174583682540286,0.9181498266442286,0.9970000889373127,0.035221111840301744
loss,test,done,timesteps_total,episodes_total,training_iteration,experiment_id,date,timestamp,time_this_iter_s,time_total_s,pid,hostname,node_ip,time_since_restore,timesteps_since_restore,iterations_since_restore,trial_id,config/sigmoid_func,config/hidden_dim,config/n_layer,config/lr,config/weight_decay,config/b1,config/b2,config/droupout_prob
0.095,0.0998,False,,,1,0d0a14233aa24cea8a37dd31271adf53,2021-03-17_12-44-47,1615985087,6.3406617641448975,6.3406617641448975,1083,eeb1cb364ceb,172.28.0.2,6.3406617641448975,0,1,7e9fb1a2,1,43,2,0.09578130224474198,0.029852187216013973,0.9261307385606574,0.9949107125993891,0.29369576867625746
0.1036,0.0984,False,,,2,0d0a14233aa24cea8a37dd31271adf53,2021-03-17_12-44-53,1615985093,6.406522989273071,12.747184753417969,1083,eeb1cb364ceb,172.28.0.2,12.747184753417969,0,2,7e9fb1a2,1,43,2,0.09578130224474198,0.029852187216013973,0.9261307385606574,0.9949107125993891,0.29369576867625746
loss,test,done,timesteps_total,episodes_total,training_iteration,experiment_id,date,timestamp,time_this_iter_s,time_total_s,pid,hostname,node_ip,time_since_restore,timesteps_since_restore,iterations_since_restore,trial_id,config/sigmoid_func,config/hidden_dim,config/n_layer,config/lr,config/weight_decay,config/b1,config/b2,config/droupout_prob
0.0998,0.0962,False,,,1,c759c293004c4f09b060a23f2320d208,2021-03-17_12-45-04,1615985104,6.478199005126953,6.478199005126953,1110,eeb1cb364ceb,172.28.0.2,6.478199005126953,0,1,889099d8,1,43,2,0.059054602365705505,0.03952361304827556,0.9768589453016548,0.9951670180231593,0.8567318508666946
0.114,0.113,False,,,2,c759c293004c4f09b060a23f2320d208,2021-03-17_12-45-10,1615985110,6.391944408416748,12.870143413543701,1110,eeb1cb364ceb,172.28.0.2,12.870143413543701,0,2,889099d8,1,43,2,0.059054602365705505,0.03952361304827556,0.9768589453016548,0.9951670180231593,0.8567318508666946
loss,test,done,timesteps_total,episodes_total,training_iteration,experiment_id,date,timestamp,time_this_iter_s,time_total_s,pid,hostname,node_ip,time_since_restore,timesteps_since_restore,iterations_since_restore,trial_id,config/sigmoid_func,config/hidden_dim,config/n_layer,config/lr,config/weight_decay,config/b1,config/b2,config/droupout_prob
0.1004,0.106,False,,,1,8c26e9f1ddfd4e46907f13d39b8921e3,2021-03-17_12-45-20,1615985120,6.214622735977173,6.214622735977173,1136,eeb1cb364ceb,172.28.0.2,6.214622735977173,0,1,9261d86e,1,43,2,0.018605160663170608,0.06145717576937986,0.9128956805948203,0.9971122201999009,0.5408338405948334
0.103,0.099,False,,,2,8c26e9f1ddfd4e46907f13d39b8921e3,2021-03-17_12-45-26,1615985126,6.2873618602752686,12.501984596252441,1136,eeb1cb364ceb,172.28.0.2,12.501984596252441,0,2,9261d86e,1,43,2,0.018605160663170608,0.06145717576937986,0.9128956805948203,0.9971122201999009,0.5408338405948334
loss,test,done,timesteps_total,episodes_total,training_iteration,experiment_id,date,timestamp,time_this_iter_s,time_total_s,pid,hostname,node_ip,time_since_restore,timesteps_since_restore,iterations_since_restore,trial_id,config/sigmoid_func,config/hidden_dim,config/n_layer,config/lr,config/weight_decay,config/b1,config/b2,config/droupout_prob
0.112,0.115,False,,,1,93963e2f237841fca88f502b4c053470,2021-03-17_12-45-36,1615985136,6.350783109664917,6.350783109664917,1159,eeb1cb364ceb,172.28.0.2,6.350783109664917,0,1,9c5dfdca,1,43,2,0.08171198510035865,0.042237627289227225,0.9057905956070009,0.9924987758138564,0.9800180667268453
0.0956,0.096,False,,,2,93963e2f237841fca88f502b4c053470,2021-03-17_12-45-43,1615985143,6.538832426071167,12.889615535736084,1159,eeb1cb364ceb,172.28.0.2,12.889615535736084,0,2,9c5dfdca,1,43,2,0.08171198510035865,0.042237627289227225,0.9057905956070009,0.9924987758138564,0.9800180667268453
loss,test,done,timesteps_total,episodes_total,training_iteration,experiment_id,date,timestamp,time_this_iter_s,time_total_s,pid,hostname,node_ip,time_since_restore,timesteps_since_restore,iterations_since_restore,trial_id,config/sigmoid_func,config/hidden_dim,config/n_layer,config/lr,config/weight_decay,config/b1,config/b2,config/droupout_prob
0.6572,0.6732,False,,,1,32bef4d47618448a88c764f5b05f028d,2021-03-17_12-45-54,1615985154,6.692237615585327,6.692237615585327,1184,eeb1cb364ceb,172.28.0.2,6.692237615585327,0,1,a60f99c8,1,43,2,0.08079463266458782,0.0442028089317463,0.961999960756273,0.9998796175375461,0.6677332668860325
0.6576,0.6496,False,,,2,32bef4d47618448a88c764f5b05f028d,2021-03-17_12-46-00,1615985160,6.597653388977051,13.289891004562378,1184,eeb1cb364ceb,172.28.0.2,13.289891004562378,0,2,a60f99c8,1,43,2,0.08079463266458782,0.0442028089317463,0.961999960756273,0.9998796175375461,0.6677332668860325
loss,test,done,timesteps_total,episodes_total,training_iteration,experiment_id,date,timestamp,time_this_iter_s,time_total_s,pid,hostname,node_ip,time_since_restore,timesteps_since_restore,iterations_since_restore,trial_id,config/sigmoid_func,config/hidden_dim,config/n_layer,config/lr,config/weight_decay,config/b1,config/b2,config/droupout_prob
0.9154,0.9204,False,,,1,573781bc902c4b3ca2563d279030360f,2021-03-17_12-46-10,1615985170,6.511887788772583,6.511887788772583,1210,eeb1cb364ceb,172.28.0.2,6.511887788772583,0,1,aff71a06,1,43,2,0.056253926237916564,0.018678645131501772,0.9921423008383087,0.9999052561798845,0.2823265648219393
0.9224,0.9274,False,,,2,573781bc902c4b3ca2563d279030360f,2021-03-17_12-46-17,1615985177,6.625202894210815,13.137090682983398,1210,eeb1cb364ceb,172.28.0.2,13.137090682983398,0,2,aff71a06,1,43,2,0.056253926237916564,0.018678645131501772,0.9921423008383087,0.9999052561798845,0.2823265648219393
loss,test,done,timesteps_total,episodes_total,training_iteration,experiment_id,date,timestamp,time_this_iter_s,time_total_s,pid,hostname,node_ip,time_since_restore,timesteps_since_restore,iterations_since_restore,trial_id,config/sigmoid_func,config/hidden_dim,config/n_layer,config/lr,config/weight_decay,config/b1,config/b2,config/droupout_prob
0.9108,0.912,False,,,1,b7d6173b9be344feaa1b86ebb61889ff,2021-03-17_12-46-27,1615985187,6.343360662460327,6.343360662460327,1231,eeb1cb364ceb,172.28.0.2,6.343360662460327,0,1,ba3ee0ac,1,43,2,0.013728816724372784,0.03546916068166899,0.9569109769934794,0.9990643669201597,0.5636744047963702
0.92,0.9276,False,,,2,b7d6173b9be344feaa1b86ebb61889ff,2021-03-17_12-46-34,1615985194,6.377119541168213,12.72048020362854,1231,eeb1cb364ceb,172.28.0.2,12.72048020362854,0,2,ba3ee0ac,1,43,2,0.013728816724372784,0.03546916068166899,0.9569109769934794,0.9990643669201597,0.5636744047963702
loss,test,done,timesteps_total,episodes_total,training_iteration,experiment_id,date,timestamp,time_this_iter_s,time_total_s,pid,hostname,node_ip,time_since_restore,timesteps_since_restore,iterations_since_restore,trial_id,config/sigmoid_func,config/hidden_dim,config/n_layer,config/lr,config/weight_decay,config/b1,config/b2,config/droupout_prob
0.1042,0.1014,False,,,1,f9bb05e01886479b867cf22134d66568,2021-03-17_12-46-44,1615985204,6.547680854797363,6.547680854797363,1253,eeb1cb364ceb,172.28.0.2,6.547680854797363,0,1,c45926a6,1,43,2,0.09781320825967131,0.04510794501990704,0.9658485184061735,0.9966402500522458,0.6401234753994385
0.0948,0.0968,False,,,2,f9bb05e01886479b867cf22134d66568,2021-03-17_12-46-51,1615985211,6.613630056381226,13.161310911178589,1253,eeb1cb364ceb,172.28.0.2,13.161310911178589,0,2,c45926a6,1,43,2,0.09781320825967131,0.04510794501990704,0.9658485184061735,0.9966402500522458,0.6401234753994385
loss,test,done,timesteps_total,episodes_total,training_iteration,experiment_id,date,timestamp,time_this_iter_s,time_total_s,pid,hostname,node_ip,time_since_restore,timesteps_since_restore,iterations_since_restore,trial_id,config/sigmoid_func,config/hidden_dim,config/n_layer,config/lr,config/weight_decay,config/b1,config/b2,config/droupout_prob
0.6268,0.6198,False,,,1,50405903e7e44141bdb2eaabb90b96b5,2021-03-17_12-47-01,1615985221,6.359217405319214,6.359217405319214,1275,eeb1cb364ceb,172.28.0.2,6.359217405319214,0,1,ce4e7f12,1,43,2,0.09605513669197797,0.028400959586804355,0.9202641209162952,0.9953527851606764,0.3236916069023301
0.5894,0.5632,False,,,2,50405903e7e44141bdb2eaabb90b96b5,2021-03-17_12-47-07,1615985227,6.275041341781616,12.63425874710083,1275,eeb1cb364ceb,172.28.0.2,12.63425874710083,0,2,ce4e7f12,1,43,2,0.09605513669197797,0.028400959586804355,0.9202641209162952,0.9953527851606764,0.3236916069023301
loss,test,done,timesteps_total,episodes_total,training_iteration,experiment_id,date,timestamp,time_this_iter_s,time_total_s,pid,hostname,node_ip,time_since_restore,timesteps_since_restore,iterations_since_restore,trial_id,config/sigmoid_func,config/hidden_dim,config/n_layer,config/lr,config/weight_decay,config/b1,config/b2,config/droupout_prob
0.092,0.0864,False,,,1,28539e12e3ce4938ab5ed245bc8b6949,2021-03-17_12-47-18,1615985238,6.62493371963501,6.62493371963501,1298,eeb1cb364ceb,172.28.0.2,6.62493371963501,0,1,d87350f8,1,43,2,0.07192592170663993,0.08430888424183614,0.9088433719403968,0.997287278754974,0.9656572752696342
0.0984,0.0964,False,,,2,28539e12e3ce4938ab5ed245bc8b6949,2021-03-17_12-47-24,1615985244,6.57652473449707,13.20145845413208,1298,eeb1cb364ceb,172.28.0.2,13.20145845413208,0,2,d87350f8,1,43,2,0.07192592170663993,0.08430888424183614,0.9088433719403968,0.997287278754974,0.9656572752696342
loss,test,done,timesteps_total,episodes_total,training_iteration,experiment_id,date,timestamp,time_this_iter_s,time_total_s,pid,hostname,node_ip,time_since_restore,timesteps_since_restore,iterations_since_restore,trial_id,config/sigmoid_func,config/hidden_dim,config/n_layer,config/lr,config/weight_decay,config/b1,config/b2,config/droupout_prob
0.1076,0.0942,False,,,1,c807188bc5a24ac0ab8121dd88f3d20f,2021-03-17_12-47-35,1615985255,6.433211326599121,6.433211326599121,1320,eeb1cb364ceb,172.28.0.2,6.433211326599121,0,1,e23914c4,1,43,2,5.6511090551447655e-05,0.040122239910127803,0.9374558492728365,0.9969970835879005,0.9939622408447992
0.1092,0.0952,False,,,2,c807188bc5a24ac0ab8121dd88f3d20f,2021-03-17_12-47-41,1615985261,6.46888279914856,12.90209412574768,1320,eeb1cb364ceb,172.28.0.2,12.90209412574768,0,2,e23914c4,1,43,2,5.6511090551447655e-05,0.040122239910127803,0.9374558492728365,0.9969970835879005,0.9939622408447992
loss,test,done,timesteps_total,episodes_total,training_iteration,experiment_id,date,timestamp,time_this_iter_s,time_total_s,pid,hostname,node_ip,time_since_restore,timesteps_since_restore,iterations_since_restore,trial_id,config/sigmoid_func,config/hidden_dim,config/n_layer,config/lr,config/weight_decay,config/b1,config/b2,config/droupout_prob
0.9512,0.9538,False,,,1,e8c1ad2afec441cc8d37f3fb0fed3cbf,2021-03-17_12-47-51,1615985271,6.593542814254761,6.593542814254761,1341,eeb1cb364ceb,172.28.0.2,6.593542814254761,0,1,ec62168a,1,43,2,0.0031991113715201026,0.019279472711558956,0.9907395923454269,0.9920403341620709,0.5854721537792565
0.952,0.9564,False,,,2,e8c1ad2afec441cc8d37f3fb0fed3cbf,2021-03-17_12-47-58,1615985278,6.599538087844849,13.19308090209961,1341,eeb1cb364ceb,172.28.0.2,13.19308090209961,0,2,ec62168a,1,43,2,0.0031991113715201026,0.019279472711558956,0.9907395923454269,0.9920403341620709,0.5854721537792565
loss,test,done,timesteps_total,episodes_total,training_iteration,experiment_id,date,timestamp,time_this_iter_s,time_total_s,pid,hostname,node_ip,time_since_restore,timesteps_since_restore,iterations_since_restore,trial_id,config/sigmoid_func,config/hidden_dim,config/n_layer,config/lr,config/weight_decay,config/b1,config/b2,config/droupout_prob
0.1136,0.1134,False,,,1,a7f1b1583b994834b8e97e6874f467a6,2021-03-17_12-48-08,1615985288,6.582348823547363,6.582348823547363,1364,eeb1cb364ceb,172.28.0.2,6.582348823547363,0,1,f64f4884,1,43,2,0.07806781813951108,0.011782004987966012,0.9145756683300778,0.9931380978339982,0.8425275251891408
0.1136,0.1134,False,,,2,a7f1b1583b994834b8e97e6874f467a6,2021-03-17_12-48-15,1615985295,6.599127769470215,13.181476593017578,1364,eeb1cb364ceb,172.28.0.2,13.181476593017578,0,2,f64f4884,1,43,2,0.07806781813951108,0.011782004987966012,0.9145756683300778,0.9931380978339982,0.8425275251891408
loss,test,done,timesteps_total,episodes_total,training_iteration,experiment_id,date,timestamp,time_this_iter_s,time_total_s,pid,hostname,node_ip,time_since_restore,timesteps_since_restore,iterations_since_restore,trial_id,config/sigmoid_func,config/hidden_dim,config/n_layer,config/lr,config/weight_decay,config/b1,config/b2,config/droupout_prob
0.105,0.1006,False,,,1,1f31038b5cfe4b54b12662b1e46c3706,2021-03-17_12-48-25,1615985305,6.38348388671875,6.38348388671875,1385,eeb1cb364ceb,172.28.0.2,6.38348388671875,0,1,006d4bae,1,43,2,0.00948566218125979,0.04617716425105825,0.9991644786644981,0.9929679141875855,0.9431559044035907
0.1122,0.1148,False,,,2,1f31038b5cfe4b54b12662b1e46c3706,2021-03-17_12-48-32,1615985312,6.46255898475647,12.84604287147522,1385,eeb1cb364ceb,172.28.0.2,12.84604287147522,0,2,006d4bae,1,43,2,0.00948566218125979,0.04617716425105825,0.9991644786644981,0.9929679141875855,0.9431559044035907
loss,test,done,timesteps_total,episodes_total,training_iteration,experiment_id,date,timestamp,time_this_iter_s,time_total_s,pid,hostname,node_ip,time_since_restore,timesteps_since_restore,iterations_since_restore,trial_id,config/sigmoid_func,config/hidden_dim,config/n_layer,config/lr,config/weight_decay,config/b1,config/b2,config/droupout_prob
0.1134,0.1136,False,,,1,ef81817e0aa745c888da3529fde2638e,2021-03-17_12-48-42,1615985322,6.278314113616943,6.278314113616943,1407,eeb1cb364ceb,172.28.0.2,6.278314113616943,0,1,0a8dad7c,1,43,2,0.08650680575028658,0.008403910421241901,0.9481971586331406,0.9905244275961061,0.9976351383130471
0.1134,0.1136,False,,,2,ef81817e0aa745c888da3529fde2638e,2021-03-17_12-48-48,1615985328,6.369598865509033,12.647912979125977,1407,eeb1cb364ceb,172.28.0.2,12.647912979125977,0,2,0a8dad7c,1,43,2,0.08650680575028658,0.008403910421241901,0.9481971586331406,0.9905244275961061,0.9976351383130471
loss,test,done,timesteps_total,episodes_total,training_iteration,experiment_id,date,timestamp,time_this_iter_s,time_total_s,pid,hostname,node_ip,time_since_restore,timesteps_since_restore,iterations_since_restore,trial_id,config/sigmoid_func,config/hidden_dim,config/n_layer,config/lr,config/weight_decay,config/b1,config/b2,config/droupout_prob
0.1028,0.099,False,,,1,2f82281c5aeb4a03a0dab7cd2e339231,2021-03-17_12-48-58,1615985338,6.409460067749023,6.409460067749023,1429,eeb1cb364ceb,172.28.0.2,6.409460067749023,0,1,14806086,1,43,2,0.05334046840819073,0.035253432115102006,0.9346205050877191,0.9919418779503816,0.4997420251960547
0.0964,0.0996,False,,,2,2f82281c5aeb4a03a0dab7cd2e339231,2021-03-17_12-49-05,1615985345,6.4218785762786865,12.83133864402771,1429,eeb1cb364ceb,172.28.0.2,12.83133864402771,0,2,14806086,1,43,2,0.05334046840819073,0.035253432115102006,0.9346205050877191,0.9919418779503816,0.4997420251960547
loss,test,done,timesteps_total,episodes_total,training_iteration,experiment_id,date,timestamp,time_this_iter_s,time_total_s,pid,hostname,node_ip,time_since_restore,timesteps_since_restore,iterations_since_restore,trial_id,config/sigmoid_func,config/hidden_dim,config/n_layer,config/lr,config/weight_decay,config/b1,config/b2,config/droupout_prob
0.1156,0.1114,False,,,1,b6c55a92f768414cb0fb52d26e828b6a,2021-03-17_12-49-15,1615985355,6.599563360214233,6.599563360214233,1452,eeb1cb364ceb,172.28.0.2,6.599563360214233,0,1,1e58fd5c,1,43,2,0.05589050133480133,0.028000912724116245,0.9300648635799939,0.9910340983736724,0.7506721071065575
0.0904,0.088,False,,,2,b6c55a92f768414cb0fb52d26e828b6a,2021-03-17_12-49-22,1615985362,6.586756467819214,13.186319828033447,1452,eeb1cb364ceb,172.28.0.2,13.186319828033447,0,2,1e58fd5c,1,43,2,0.05589050133480133,0.028000912724116245,0.9300648635799939,0.9910340983736724,0.7506721071065575
loss,test,done,timesteps_total,episodes_total,training_iteration,experiment_id,date,timestamp,time_this_iter_s,time_total_s,pid,hostname,node_ip,time_since_restore,timesteps_since_restore,iterations_since_restore,trial_id,config/sigmoid_func,config/hidden_dim,config/n_layer,config/lr,config/weight_decay,config/b1,config/b2,config/droupout_prob
0.833,0.839,False,,,1,eb400c41c8114bc38cce7f83e3bd7fbf,2021-03-17_12-49-32,1615985372,6.438070058822632,6.438070058822632,1474,eeb1cb364ceb,172.28.0.2,6.438070058822632,0,1,284435ac,1,43,2,0.06383134366755933,0.04410445617499862,0.9774170823201758,0.9903597775500583,0.4568227527563077
0.8296,0.8296,False,,,2,eb400c41c8114bc38cce7f83e3bd7fbf,2021-03-17_12-49-39,1615985379,6.377648830413818,12.81571888923645,1474,eeb1cb364ceb,172.28.0.2,12.81571888923645,0,2,284435ac,1,43,2,0.06383134366755933,0.04410445617499862,0.9774170823201758,0.9903597775500583,0.4568227527563077
loss,test,done,timesteps_total,episodes_total,training_iteration,experiment_id,date,timestamp,time_this_iter_s,time_total_s,pid,hostname,node_ip,time_since_restore,timesteps_since_restore,iterations_since_restore,trial_id,config/sigmoid_func,config/hidden_dim,config/n_layer,config/lr,config/weight_decay,config/b1,config/b2,config/droupout_prob
0.1136,0.1134,False,,,1,1970818cba6d496fb532355e5bbc0c3d,2021-03-17_12-49-49,1615985389,6.5932393074035645,6.5932393074035645,1496,eeb1cb364ceb,172.28.0.2,6.5932393074035645,0,1,326e7416,1,43,2,0.037904401034489554,0.000587006754946896,0.9395464754550236,0.9915571269398956,0.40366203151503255
0.1136,0.1134,False,,,2,1970818cba6d496fb532355e5bbc0c3d,2021-03-17_12-49-56,1615985396,6.761768341064453,13.355007648468018,1496,eeb1cb364ceb,172.28.0.2,13.355007648468018,0,2,326e7416,1,43,2,0.037904401034489554,0.000587006754946896,0.9395464754550236,0.9915571269398956,0.40366203151503255
loss,test,done,timesteps_total,episodes_total,training_iteration,experiment_id,date,timestamp,time_this_iter_s,time_total_s,pid,hostname,node_ip,time_since_restore,timesteps_since_restore,iterations_since_restore,trial_id,config/sigmoid_func,config/hidden_dim,config/n_layer,config/lr,config/weight_decay,config/b1,config/b2,config/droupout_prob
0.726,0.729,False,,,1,86feed43057a4685aa4d3911876d41eb,2021-03-17_12-50-07,1615985407,6.824242353439331,6.824242353439331,1520,eeb1cb364ceb,172.28.0.2,6.824242353439331,0,1,3c6efcce,1,43,2,0.04159066152890216,0.059981534537015435,0.9463038447662705,0.9909930941694075,0.7462747360828172
0.712,0.7148,False,,,2,86feed43057a4685aa4d3911876d41eb,2021-03-17_12-50-14,1615985414,6.666836977005005,13.491079330444336,1520,eeb1cb364ceb,172.28.0.2,13.491079330444336,0,2,3c6efcce,1,43,2,0.04159066152890216,0.059981534537015435,0.9463038447662705,0.9909930941694075,0.7462747360828172
loss,test,done,timesteps_total,episodes_total,training_iteration,experiment_id,date,timestamp,time_this_iter_s,time_total_s,pid,hostname,node_ip,time_since_restore,timesteps_since_restore,iterations_since_restore,trial_id,config/sigmoid_func,config/hidden_dim,config/n_layer,config/lr,config/weight_decay,config/b1,config/b2,config/droupout_prob
0.1176,0.1094,False,,,1,33686938cb5f4e349281fe70b280fd37,2021-03-17_12-50-24,1615985424,6.595669507980347,6.595669507980347,1542,eeb1cb364ceb,172.28.0.2,6.595669507980347,0,1,46c783d0,1,43,2,0.0663755065578162,0.08471305822845722,0.9763274139092962,0.9938806261488639,0.1560904114134487
0.0962,0.0986,False,,,2,33686938cb5f4e349281fe70b280fd37,2021-03-17_12-50-31,1615985431,6.628118276596069,13.223787784576416,1542,eeb1cb364ceb,172.28.0.2,13.223787784576416,0,2,46c783d0,1,43,2,0.0663755065578162,0.08471305822845722,0.9763274139092962,0.9938806261488639,0.1560904114134487
loss,test,done,timesteps_total,episodes_total,training_iteration,experiment_id,date,timestamp,time_this_iter_s,time_total_s,pid,hostname,node_ip,time_since_restore,timesteps_since_restore,iterations_since_restore,trial_id,config/sigmoid_func,config/hidden_dim,config/n_layer,config/lr,config/weight_decay,config/b1,config/b2,config/droupout_prob
0.1074,0.0982,False,,,1,9fcd0a3031104dc78aa01599548eac08,2021-03-17_12-50-41,1615985441,6.707303762435913,6.707303762435913,1563,eeb1cb364ceb,172.28.0.2,6.707303762435913,0,1,514cb1c2,1,43,2,0.040394130658169713,0.0006437862921135056,0.9402868920942721,0.9939476499438975,0.4204369685081702
0.112,0.115,False,,,2,9fcd0a3031104dc78aa01599548eac08,2021-03-17_12-50-48,1615985448,6.788865566253662,13.496169328689575,1563,eeb1cb364ceb,172.28.0.2,13.496169328689575,0,2,514cb1c2,1,43,2,0.040394130658169713,0.0006437862921135056,0.9402868920942721,0.9939476499438975,0.4204369685081702
loss,test,done,timesteps_total,episodes_total,training_iteration,experiment_id,date,timestamp,time_this_iter_s,time_total_s,pid,hostname,node_ip,time_since_restore,timesteps_since_restore,iterations_since_restore,trial_id,config/sigmoid_func,config/hidden_dim,config/n_layer,config/lr,config/weight_decay,config/b1,config/b2,config/droupout_prob
0.1026,0.0994,False,,,1,bc06ba1321324237804f2103514ebf04,2021-03-17_12-50-59,1615985459,6.5665318965911865,6.5665318965911865,1585,eeb1cb364ceb,172.28.0.2,6.5665318965911865,0,1,5b7aef42,1,43,2,0.041815040126460604,0.059711449067234176,0.9506145652116417,0.9902148008899343,0.7553692498539607
0.1104,0.1166,False,,,2,bc06ba1321324237804f2103514ebf04,2021-03-17_12-51-05,1615985465,6.635359287261963,13.20189118385315,1585,eeb1cb364ceb,172.28.0.2,13.20189118385315,0,2,5b7aef42,1,43,2,0.041815040126460604,0.059711449067234176,0.9506145652116417,0.9902148008899343,0.7553692498539607
0.101,0.101,False,,,3,50b28ea6f9cf4665a7952409ed17d2e2,2021-03-17_12-51-15,1615985475,6.4503724575042725,19.821654081344604,1607,eeb1cb364ceb,172.28.0.2,6.4503724575042725,0,1,6f80f604,1,43,2,0.07274952158201568,0.010601068403224624,0.9360488418172318,0.991684379368471,0.5645550474013137
0.101,0.0938,False,,,4,50b28ea6f9cf4665a7952409ed17d2e2,2021-03-17_12-51-22,1615985482,6.507914781570435,26.32956886291504,1607,eeb1cb364ceb,172.28.0.2,12.958287239074707,0,2,6f80f604,1,43,2,0.07274952158201568,0.010601068403224624,0.9360488418172318,0.991684379368471,0.5645550474013137
0.96,0.9604,False,,,3,e8c1ad2afec441cc8d37f3fb0fed3cbf,2021-03-17_12-51-32,1615985492,6.610937118530273,19.804018020629883,1629,eeb1cb364ceb,172.28.0.2,6.610937118530273,0,1,6f80f604,1,43,2,0.0031991113715201026,0.019279472711558956,0.9907395923454269,0.9920403341620709,0.5854721537792565
0.9604,0.9598,False,,,4,e8c1ad2afec441cc8d37f3fb0fed3cbf,2021-03-17_12-51-39,1615985499,6.567094326019287,26.37111234664917,1629,eeb1cb364ceb,172.28.0.2,13.17803144454956,0,2,6f80f604,1,43,2,0.0031991113715201026,0.019279472711558956,0.9907395923454269,0.9920403341620709,0.5854721537792565
0.115,0.112,False,,,3,ff05c0c850114d4189fb50b0f322671b,2021-03-17_12-51-49,1615985509,6.5391764640808105,19.838367462158203,1650,eeb1cb364ceb,172.28.0.2,6.5391764640808105,0,1,6f85c440,1,43,2,0.019393306130758084,0.045174583682540286,0.9181498266442286,0.9970000889373127,0.035221111840301744
0.115,0.112,False,,,4,ff05c0c850114d4189fb50b0f322671b,2021-03-17_12-51-56,1615985516,6.663776874542236,26.50214433670044,1650,eeb1cb364ceb,172.28.0.2,13.202953338623047,0,2,6f85c440,1,43,2,0.019393306130758084,0.045174583682540286,0.9181498266442286,0.9970000889373127,0.035221111840301744
0.1164,0.1106,False,,,3,0d0a14233aa24cea8a37dd31271adf53,2021-03-17_12-52-07,1615985527,6.511129856109619,19.258314609527588,1676,eeb1cb364ceb,172.28.0.2,6.511129856109619,0,1,7e9fb1a2,1,43,2,0.09578130224474198,0.029852187216013973,0.9261307385606574,0.9949107125993891,0.29369576867625746
0.1022,0.0998,False,,,4,0d0a14233aa24cea8a37dd31271adf53,2021-03-17_12-52-13,1615985533,6.462045907974243,25.72036051750183,1676,eeb1cb364ceb,172.28.0.2,12.973175764083862,0,2,7e9fb1a2,1,43,2,0.09578130224474198,0.029852187216013973,0.9261307385606574,0.9949107125993891,0.29369576867625746
0.7236,0.7328,False,,,3,86feed43057a4685aa4d3911876d41eb,2021-03-17_12-52-24,1615985544,6.658249616622925,20.14932894706726,1702,eeb1cb364ceb,172.28.0.2,6.658249616622925,0,1,7e9fb1a2,1,43,2,0.04159066152890216,0.059981534537015435,0.9463038447662705,0.9909930941694075,0.7462747360828172
0.7766,0.7766,False,,,4,86feed43057a4685aa4d3911876d41eb,2021-03-17_12-52-30,1615985550,6.655714273452759,26.80504322052002,1702,eeb1cb364ceb,172.28.0.2,13.313963890075684,0,2,7e9fb1a2,1,43,2,0.04159066152890216,0.059981534537015435,0.9463038447662705,0.9909930941694075,0.7462747360828172
0.1032,0.1032,False,,,3,c759c293004c4f09b060a23f2320d208,2021-03-17_12-52-41,1615985561,6.54782509803772,19.41796851158142,1728,eeb1cb364ceb,172.28.0.2,6.54782509803772,0,1,889099d8,1,43,2,0.059054602365705505,0.03952361304827556,0.9768589453016548,0.9951670180231593,0.8567318508666946
0.1036,0.102,False,,,4,c759c293004c4f09b060a23f2320d208,2021-03-17_12-52-47,1615985567,6.618756055831909,26.03672456741333,1728,eeb1cb364ceb,172.28.0.2,13.166581153869629,0,2,889099d8,1,43,2,0.059054602365705505,0.03952361304827556,0.9768589453016548,0.9951670180231593,0.8567318508666946
0.096,0.1,False,,,3,c759c293004c4f09b060a23f2320d208,2021-03-17_12-52-58,1615985578,6.586771249771118,19.45691466331482,1754,eeb1cb364ceb,172.28.0.2,6.586771249771118,0,1,9261d86e,1,43,2,0.059054602365705505,0.03952361304827556,0.9768589453016548,0.9951670180231593,0.8567318508666946
0.1142,0.1128,False,,,4,c759c293004c4f09b060a23f2320d208,2021-03-17_12-53-04,1615985584,6.601872205734253,26.058786869049072,1754,eeb1cb364ceb,172.28.0.2,13.188643455505371,0,2,9261d86e,1,43,2,0.059054602365705505,0.03952361304827556,0.9768589453016548,0.9951670180231593,0.8567318508666946
0.1138,0.1132,False,,,3,ff05c0c850114d4189fb50b0f322671b,2021-03-17_12-53-15,1615985595,6.565741062164307,19.8649320602417,1780,eeb1cb364ceb,172.28.0.2,6.565741062164307,0,1,9c5dfdca,1,43,2,0.019393306130758084,0.045174583682540286,0.9181498266442286,0.9970000889373127,0.035221111840301744
0.1138,0.1132,False,,,4,ff05c0c850114d4189fb50b0f322671b,2021-03-17_12-53-21,1615985601,6.551978349685669,26.416910409927368,1780,eeb1cb364ceb,172.28.0.2,13.117719411849976,0,2,9c5dfdca,1,43,2,0.019393306130758084,0.045174583682540286,0.9181498266442286,0.9970000889373127,0.035221111840301744
0.54,0.5268,False,,,3,32bef4d47618448a88c764f5b05f028d,2021-03-17_12-53-32,1615985612,6.703778266906738,19.993669271469116,1805,eeb1cb364ceb,172.28.0.2,6.703778266906738,0,1,a60f99c8,1,43,2,0.08079463266458782,0.0442028089317463,0.961999960756273,0.9998796175375461,0.6677332668860325
0.5328,0.5318,False,,,4,32bef4d47618448a88c764f5b05f028d,2021-03-17_12-53-39,1615985619,6.703497648239136,26.697166919708252,1805,eeb1cb364ceb,172.28.0.2,13.407275915145874,0,2,a60f99c8,1,43,2,0.08079463266458782,0.0442028089317463,0.961999960756273,0.9998796175375461,0.6677332668860325
0.926,0.9158,False,,,3,573781bc902c4b3ca2563d279030360f,2021-03-17_12-53-49,1615985629,6.64143705368042,19.77852773666382,1831,eeb1cb364ceb,172.28.0.2,6.64143705368042,0,1,aff71a06,1,43,2,0.056253926237916564,0.018678645131501772,0.9921423008383087,0.9999052561798845,0.2823265648219393
0.9278,0.9256,False,,,4,573781bc902c4b3ca2563d279030360f,2021-03-17_12-53-56,1615985636,6.679502248764038,26.458029985427856,1831,eeb1cb364ceb,172.28.0.2,13.320939302444458,0,2,aff71a06,1,43,2,0.056253926237916564,0.018678645131501772,0.9921423008383087,0.9999052561798845,0.2823265648219393
0.9116,0.9064,False,,,3,b7d6173b9be344feaa1b86ebb61889ff,2021-03-17_12-54-07,1615985647,6.843154191970825,19.563634395599365,1855,eeb1cb364ceb,172.28.0.2,6.843154191970825,0,1,ba3ee0ac,1,43,2,0.013728816724372784,0.03546916068166899,0.9569109769934794,0.9990643669201597,0.5636744047963702
0.9014,0.9046,False,,,4,b7d6173b9be344feaa1b86ebb61889ff,2021-03-17_12-54-13,1615985653,6.636505603790283,26.20013999938965,1855,eeb1cb364ceb,172.28.0.2,13.479659795761108,0,2,ba3ee0ac,1,43,2,0.013728816724372784,0.03546916068166899,0.9569109769934794,0.9990643669201597,0.5636744047963702
0.6102,0.608,False,,,3,32bef4d47618448a88c764f5b05f028d,2021-03-17_12-54-24,1615985664,6.598711729049683,19.88860273361206,1881,eeb1cb364ceb,172.28.0.2,6.598711729049683,0,1,c45926a6,1,43,2,0.08079463266458782,0.0442028089317463,0.961999960756273,0.9998796175375461,0.6677332668860325
0.5852,0.5964,False,,,4,32bef4d47618448a88c764f5b05f028d,2021-03-17_12-54-31,1615985671,6.735210657119751,26.62381339073181,1881,eeb1cb364ceb,172.28.0.2,13.333922386169434,0,2,c45926a6,1,43,2,0.08079463266458782,0.0442028089317463,0.961999960756273,0.9998796175375461,0.6677332668860325
0.6242,0.6122,False,,,3,50405903e7e44141bdb2eaabb90b96b5,2021-03-17_12-54-41,1615985681,6.566847324371338,19.201106071472168,1905,eeb1cb364ceb,172.28.0.2,6.566847324371338,0,1,ce4e7f12,1,43,2,0.09605513669197797,0.028400959586804355,0.9202641209162952,0.9953527851606764,0.3236916069023301
0.6686,0.6724,False,,,4,50405903e7e44141bdb2eaabb90b96b5,2021-03-17_12-54-47,1615985687,6.557183027267456,25.758289098739624,1905,eeb1cb364ceb,172.28.0.2,13.124030351638794,0,2,ce4e7f12,1,43,2,0.09605513669197797,0.028400959586804355,0.9202641209162952,0.9953527851606764,0.3236916069023301
0.0972,0.0944,False,,,3,28539e12e3ce4938ab5ed245bc8b6949,2021-03-17_12-54-58,1615985698,6.682093620300293,19.883552074432373,1929,eeb1cb364ceb,172.28.0.2,6.682093620300293,0,1,d87350f8,1,43,2,0.07192592170663993,0.08430888424183614,0.9088433719403968,0.997287278754974,0.9656572752696342
0.1148,0.1122,False,,,4,28539e12e3ce4938ab5ed245bc8b6949,2021-03-17_12-55-05,1615985705,6.735947370529175,26.619499444961548,1929,eeb1cb364ceb,172.28.0.2,13.418040990829468,0,2,d87350f8,1,43,2,0.07192592170663993,0.08430888424183614,0.9088433719403968,0.997287278754974,0.9656572752696342
0.1484,0.1368,False,,,3,c807188bc5a24ac0ab8121dd88f3d20f,2021-03-17_12-55-15,1615985715,6.411418914794922,19.313513040542603,1957,eeb1cb364ceb,172.28.0.2,6.411418914794922,0,1,e23914c4,1,43,2,5.6511090551447655e-05,0.040122239910127803,0.9374558492728365,0.9969970835879005,0.9939622408447992
0.3118,0.3154,False,,,4,c807188bc5a24ac0ab8121dd88f3d20f,2021-03-17_12-55-21,1615985721,6.389136075973511,25.702649116516113,1957,eeb1cb364ceb,172.28.0.2,12.800554990768433,0,2,e23914c4,1,43,2,5.6511090551447655e-05,0.040122239910127803,0.9374558492728365,0.9969970835879005,0.9939622408447992
0.9548,0.9618,False,,,3,e8c1ad2afec441cc8d37f3fb0fed3cbf,2021-03-17_12-55-32,1615985732,6.579881191253662,19.77296209335327,1981,eeb1cb364ceb,172.28.0.2,6.579881191253662,0,1,ec62168a,1,43,2,0.0031991113715201026,0.019279472711558956,0.9907395923454269,0.9920403341620709,0.5854721537792565
0.956,0.9636,False,,,4,e8c1ad2afec441cc8d37f3fb0fed3cbf,2021-03-17_12-55-38,1615985738,6.549854755401611,26.322816848754883,1981,eeb1cb364ceb,172.28.0.2,13.129735946655273,0,2,ec62168a,1,43,2,0.0031991113715201026,0.019279472711558956,0.9907395923454269,0.9920403341620709,0.5854721537792565
0.1138,0.1132,False,,,3,a7f1b1583b994834b8e97e6874f467a6,2021-03-17_12-55-49,1615985749,6.648268461227417,19.829745054244995,2007,eeb1cb364ceb,172.28.0.2,6.648268461227417,0,1,f64f4884,1,43,2,0.07806781813951108,0.011782004987966012,0.9145756683300778,0.9931380978339982,0.8425275251891408
0.1138,0.1132,False,,,4,a7f1b1583b994834b8e97e6874f467a6,2021-03-17_12-55-56,1615985756,6.695411443710327,26.525156497955322,2007,eeb1cb364ceb,172.28.0.2,13.343679904937744,0,2,f64f4884,1,43,2,0.07806781813951108,0.011782004987966012,0.9145756683300778,0.9931380978339982,0.8425275251891408
0.113,0.114,False,,,3,1f31038b5cfe4b54b12662b1e46c3706,2021-03-17_12-56-06,1615985766,6.648680686950684,19.494723558425903,2030,eeb1cb364ceb,172.28.0.2,6.648680686950684,0,1,006d4bae,1,43,2,0.00948566218125979,0.04617716425105825,0.9991644786644981,0.9929679141875855,0.9431559044035907
0.102,0.0944,False,,,3,ef81817e0aa745c888da3529fde2638e,2021-03-17_12-56-23,1615985783,6.401560068130493,19.04947304725647,2058,eeb1cb364ceb,172.28.0.2,6.401560068130493,0,1,0a8dad7c,1,43,2,0.08650680575028658,0.008403910421241901,0.9481971586331406,0.9905244275961061,0.9976351383130471
0.1068,0.0988,False,,,3,2f82281c5aeb4a03a0dab7cd2e339231,2021-03-17_12-56-40,1615985800,6.584312677383423,19.415651321411133,2082,eeb1cb364ceb,172.28.0.2,6.584312677383423,0,1,14806086,1,43,2,0.05334046840819073,0.035253432115102006,0.9346205050877191,0.9919418779503816,0.4997420251960547
0.6376,0.6334,False,,,3,32bef4d47618448a88c764f5b05f028d,2021-03-17_12-56-57,1615985817,6.609950065612793,19.89984107017517,2107,eeb1cb364ceb,172.28.0.2,6.609950065612793,0,1,1e58fd5c,1,43,2,0.08079463266458782,0.0442028089317463,0.961999960756273,0.9998796175375461,0.6677332668860325
0.6822,0.679,False,,,4,32bef4d47618448a88c764f5b05f028d,2021-03-17_12-57-04,1615985824,6.610153913497925,26.509994983673096,2107,eeb1cb364ceb,172.28.0.2,13.220103979110718,0,2,1e58fd5c,1,43,2,0.08079463266458782,0.0442028089317463,0.961999960756273,0.9998796175375461,0.6677332668860325
0.8492,0.8604,False,,,3,eb400c41c8114bc38cce7f83e3bd7fbf,2021-03-17_12-57-14,1615985834,6.610979318618774,19.426698207855225,2131,eeb1cb364ceb,172.28.0.2,6.610979318618774,0,1,284435ac,1,43,2,0.06383134366755933,0.04410445617499862,0.9774170823201758,0.9903597775500583,0.4568227527563077
0.8654,0.8658,False,,,4,eb400c41c8114bc38cce7f83e3bd7fbf,2021-03-17_12-57-21,1615985841,6.6070170402526855,26.03371524810791,2131,eeb1cb364ceb,172.28.0.2,13.21799635887146,0,2,284435ac,1,43,2,0.06383134366755933,0.04410445617499862,0.9774170823201758,0.9903597775500583,0.4568227527563077
0.1152,0.1118,False,,,3,1970818cba6d496fb532355e5bbc0c3d,2021-03-17_12-57-31,1615985851,6.344122648239136,19.699130296707153,2157,eeb1cb364ceb,172.28.0.2,6.344122648239136,0,1,326e7416,1,43,2,0.037904401034489554,0.000587006754946896,0.9395464754550236,0.9915571269398956,0.40366203151503255
0.1152,0.1118,False,,,4,1970818cba6d496fb532355e5bbc0c3d,2021-03-17_12-57-37,1615985857,6.354581117630005,26.053711414337158,2157,eeb1cb364ceb,172.28.0.2,12.69870376586914,0,2,326e7416,1,43,2,0.037904401034489554,0.000587006754946896,0.9395464754550236,0.9915571269398956,0.40366203151503255
0.8066,0.807,False,,,3,86feed43057a4685aa4d3911876d41eb,2021-03-17_12-57-48,1615985868,6.775562047958374,20.26664137840271,2183,eeb1cb364ceb,172.28.0.2,6.775562047958374,0,1,3c6efcce,1,43,2,0.04159066152890216,0.059981534537015435,0.9463038447662705,0.9909930941694075,0.7462747360828172
0.6962,0.706,False,,,4,86feed43057a4685aa4d3911876d41eb,2021-03-17_12-57-55,1615985875,6.865529537200928,27.132170915603638,2183,eeb1cb364ceb,172.28.0.2,13.641091585159302,0,2,3c6efcce,1,43,2,0.04159066152890216,0.059981534537015435,0.9463038447662705,0.9909930941694075,0.7462747360828172
0.9324,0.9334,False,,,3,573781bc902c4b3ca2563d279030360f,2021-03-17_12-58-05,1615985885,6.611573934555054,19.748664617538452,2206,eeb1cb364ceb,172.28.0.2,6.611573934555054,0,1,46c783d0,1,43,2,0.056253926237916564,0.018678645131501772,0.9921423008383087,0.9999052561798845,0.2823265648219393
0.928,0.9284,False,,,4,573781bc902c4b3ca2563d279030360f,2021-03-17_12-58-12,1615985892,6.531420946121216,26.280085563659668,2206,eeb1cb364ceb,172.28.0.2,13.14299488067627,0,2,46c783d0,1,43,2,0.056253926237916564,0.018678645131501772,0.9921423008383087,0.9999052561798845,0.2823265648219393
0.1052,0.1012,False,,,3,9fcd0a3031104dc78aa01599548eac08,2021-03-17_12-58-23,1615985903,6.669309139251709,20.165478467941284,2229,eeb1cb364ceb,172.28.0.2,6.669309139251709,0,1,514cb1c2,1,43,2,0.040394130658169713,0.0006437862921135056,0.9402868920942721,0.9939476499438975,0.4204369685081702
0.1026,0.1038,False,,,3,bc06ba1321324237804f2103514ebf04,2021-03-17_12-58-40,1615985920,6.701577186584473,19.903468370437622,2256,eeb1cb364ceb,172.28.0.2,6.701577186584473,0,1,5b7aef42,1,43,2,0.041815040126460604,0.059711449067234176,0.9506145652116417,0.9902148008899343,0.7553692498539607
0.9614,0.9574,False,,,5,e8c1ad2afec441cc8d37f3fb0fed3cbf,2021-03-17_12-58-57,1615985937,6.716044664382935,33.087157011032104,2280,eeb1cb364ceb,172.28.0.2,6.716044664382935,0,1,6f80f604,1,43,2,0.0031991113715201026,0.019279472711558956,0.9907395923454269,0.9920403341620709,0.5854721537792565
0.9628,0.957,False,,,6,e8c1ad2afec441cc8d37f3fb0fed3cbf,2021-03-17_12-59-04,1615985944,6.771415710449219,39.85857272148132,2280,eeb1cb364ceb,172.28.0.2,13.487460374832153,0,2,6f80f604,1,43,2,0.0031991113715201026,0.019279472711558956,0.9907395923454269,0.9920403341620709,0.5854721537792565
0.116,0.111,False,,,5,ff05c0c850114d4189fb50b0f322671b,2021-03-17_12-59-14,1615985954,6.6590235233306885,33.16116786003113,2305,eeb1cb364ceb,172.28.0.2,6.6590235233306885,0,1,6f85c440,1,43,2,0.019393306130758084,0.045174583682540286,0.9181498266442286,0.9970000889373127,0.035221111840301744
0.0978,0.1042,False,,,6,ff05c0c850114d4189fb50b0f322671b,2021-03-17_12-59-21,1615985961,6.636305809020996,39.797473669052124,2305,eeb1cb364ceb,172.28.0.2,13.295329332351685,0,2,6f85c440,1,43,2,0.019393306130758084,0.045174583682540286,0.9181498266442286,0.9970000889373127,0.035221111840301744
0.9682,0.9686,False,,,5,e8c1ad2afec441cc8d37f3fb0fed3cbf,2021-03-17_12-59-33,1615985973,6.427027463912964,32.74984431266785,2330,eeb1cb364ceb,172.28.0.2,6.427027463912964,0,1,6f85c440,1,43,2,0.1,0.018275008,0.9087605,0.9923787,0.066836186
0.9668,0.9668,False,,,6,e8c1ad2afec441cc8d37f3fb0fed3cbf,2021-03-17_12-59-39,1615985979,6.555299520492554,39.3051438331604,2330,eeb1cb364ceb,172.28.0.2,12.982326984405518,0,2,6f85c440,1,43,2,0.1,0.018275008,0.9087605,0.9923787,0.066836186
0.7486,0.7612,False,,,5,86feed43057a4685aa4d3911876d41eb,2021-03-17_12-59-50,1615985990,6.728705406188965,33.533748626708984,2355,eeb1cb364ceb,172.28.0.2,6.728705406188965,0,1,7e9fb1a2,1,43,2,0.04159066152890216,0.059981534537015435,0.9463038447662705,0.9909930941694075,0.7462747360828172
0.7298,0.7382,False,,,6,86feed43057a4685aa4d3911876d41eb,2021-03-17_12-59-57,1615985997,6.632065057754517,40.1658136844635,2355,eeb1cb364ceb,172.28.0.2,13.360770463943481,0,2,7e9fb1a2,1,43,2,0.04159066152890216,0.059981534537015435,0.9463038447662705,0.9909930941694075,0.7462747360828172
0.1024,0.0996,False,,,5,c759c293004c4f09b060a23f2320d208,2021-03-17_13-00-07,1615986007,6.6940765380859375,32.73080110549927,2380,eeb1cb364ceb,172.28.0.2,6.6940765380859375,0,1,889099d8,1,43,2,0.059054602365705505,0.03952361304827556,0.9768589453016548,0.9951670180231593,0.8567318508666946
0.1076,0.098,False,,,6,c759c293004c4f09b060a23f2320d208,2021-03-17_13-00-14,1615986014,6.683905601501465,39.41470670700073,2380,eeb1cb364ceb,172.28.0.2,13.377982139587402,0,2,889099d8,1,43,2,0.059054602365705505,0.03952361304827556,0.9768589453016548,0.9951670180231593,0.8567318508666946
0.9626,0.9664,False,,,5,e8c1ad2afec441cc8d37f3fb0fed3cbf,2021-03-17_13-00-26,1615986026,6.414769649505615,32.7375864982605,2404,eeb1cb364ceb,172.28.0.2,6.414769649505615,0,1,889099d8,1,43,2,0.1,0.014135275,0.98452157,0.99016076,0.0
0.9682,0.9666,False,,,6,e8c1ad2afec441cc8d37f3fb0fed3cbf,2021-03-17_13-00-32,1615986032,6.4341816902160645,39.17176818847656,2404,eeb1cb364ceb,172.28.0.2,12.84895133972168,0,2,889099d8,1,43,2,0.1,0.014135275,0.98452157,0.99016076,0.0
0.1104,0.1166,False,,,5,c759c293004c4f09b060a23f2320d208,2021-03-17_13-00-43,1615986043,6.7106688022613525,32.769455671310425,2432,eeb1cb364ceb,172.28.0.2,6.7106688022613525,0,1,9261d86e,1,43,2,0.059054602365705505,0.03952361304827556,0.9768589453016548,0.9951670180231593,0.8567318508666946
0.1056,0.1008,False,,,6,c759c293004c4f09b060a23f2320d208,2021-03-17_13-00-50,1615986050,6.721371173858643,39.49082684516907,2432,eeb1cb364ceb,172.28.0.2,13.432039976119995,0,2,9261d86e,1,43,2,0.059054602365705505,0.03952361304827556,0.9768589453016548,0.9951670180231593,0.8567318508666946
0.1164,0.1106,False,,,5,ff05c0c850114d4189fb50b0f322671b,2021-03-17_13-01-02,1615986062,6.824870824813843,33.24178123474121,2457,eeb1cb364ceb,172.28.0.2,6.824870824813843,0,1,9c5dfdca,1,43,2,0.019393306130758084,0.045174583682540286,0.9181498266442286,0.9970000889373127,0.035221111840301744
0.097,0.1094,False,,,6,ff05c0c850114d4189fb50b0f322671b,2021-03-17_13-01-09,1615986069,6.78174901008606,40.02353024482727,2457,eeb1cb364ceb,172.28.0.2,13.606619834899902,0,2,9c5dfdca,1,43,2,0.019393306130758084,0.045174583682540286,0.9181498266442286,0.9970000889373127,0.035221111840301744
0.5646,0.5778,False,,,5,32bef4d47618448a88c764f5b05f028d,2021-03-17_13-01-22,1615986082,6.417692422866821,33.11485934257507,2482,eeb1cb364ceb,172.28.0.2,6.417692422866821,0,1,a60f99c8,1,43,2,0.08079463266458782,0.0442028089317463,0.961999960756273,0.9998796175375461,0.6677332668860325
0.6862,0.6736,False,,,6,32bef4d47618448a88c764f5b05f028d,2021-03-17_13-01-28,1615986088,6.493232488632202,39.608091831207275,2482,eeb1cb364ceb,172.28.0.2,12.910924911499023,0,2,a60f99c8,1,43,2,0.08079463266458782,0.0442028089317463,0.961999960756273,0.9998796175375461,0.6677332668860325
0.9258,0.9284,False,,,5,573781bc902c4b3ca2563d279030360f,2021-03-17_13-01-39,1615986099,6.8012964725494385,33.259326457977295,2509,eeb1cb364ceb,172.28.0.2,6.8012964725494385,0,1,aff71a06,1,43,2,0.056253926237916564,0.018678645131501772,0.9921423008383087,0.9999052561798845,0.2823265648219393
0.9078,0.9104,False,,,6,573781bc902c4b3ca2563d279030360f,2021-03-17_13-01-46,1615986106,6.791165113449097,40.05049157142639,2509,eeb1cb364ceb,172.28.0.2,13.592461585998535,0,2,aff71a06,1,43,2,0.056253926237916564,0.018678645131501772,0.9921423008383087,0.9999052561798845,0.2823265648219393
0.9188,0.921,False,,,5,b7d6173b9be344feaa1b86ebb61889ff,2021-03-17_13-01-56,1615986116,6.484204530715942,32.68434453010559,2533,eeb1cb364ceb,172.28.0.2,6.484204530715942,0,1,ba3ee0ac,1,43,2,0.013728816724372784,0.03546916068166899,0.9569109769934794,0.9990643669201597,0.5636744047963702
0.8976,0.903,False,,,6,b7d6173b9be344feaa1b86ebb61889ff,2021-03-17_13-02-03,1615986123,6.534038066864014,39.218382596969604,2533,eeb1cb364ceb,172.28.0.2,13.018242597579956,0,2,ba3ee0ac,1,43,2,0.013728816724372784,0.03546916068166899,0.9569109769934794,0.9990643669201597,0.5636744047963702
0.6304,0.6218,False,,,5,32bef4d47618448a88c764f5b05f028d,2021-03-17_13-02-13,1615986133,6.736114501953125,33.35992789268494,2558,eeb1cb364ceb,172.28.0.2,6.736114501953125,0,1,c45926a6,1,43,2,0.08079463266458782,0.0442028089317463,0.961999960756273,0.9998796175375461,0.6677332668860325
0.6616,0.6574,False,,,6,32bef4d47618448a88c764f5b05f028d,2021-03-17_13-02-20,1615986140,6.704100847244263,40.0640287399292,2558,eeb1cb364ceb,172.28.0.2,13.440215349197388,0,2,c45926a6,1,43,2,0.08079463266458782,0.0442028089317463,0.961999960756273,0.9998796175375461,0.6677332668860325
0.6766,0.6698,False,,,5,50405903e7e44141bdb2eaabb90b96b5,2021-03-17_13-02-30,1615986150,6.392749786376953,32.15103888511658,2585,eeb1cb364ceb,172.28.0.2,6.392749786376953,0,1,ce4e7f12,1,43,2,0.09605513669197797,0.028400959586804355,0.9202641209162952,0.9953527851606764,0.3236916069023301
0.733,0.7368,False,,,6,50405903e7e44141bdb2eaabb90b96b5,2021-03-17_13-02-36,1615986156,6.4190263748168945,38.57006525993347,2585,eeb1cb364ceb,172.28.0.2,12.811776161193848,0,2,ce4e7f12,1,43,2,0.09605513669197797,0.028400959586804355,0.9202641209162952,0.9953527851606764,0.3236916069023301
0.086,0.0924,False,,,5,28539e12e3ce4938ab5ed245bc8b6949,2021-03-17_13-02-47,1615986167,6.661060810089111,33.28056025505066,2609,eeb1cb364ceb,172.28.0.2,6.661060810089111,0,1,d87350f8,1,43,2,0.07192592170663993,0.08430888424183614,0.9088433719403968,0.997287278754974,0.9656572752696342
0.1064,0.1206,False,,,6,28539e12e3ce4938ab5ed245bc8b6949,2021-03-17_13-02-54,1615986174,6.774445295333862,40.05500555038452,2609,eeb1cb364ceb,172.28.0.2,13.435506105422974,0,2,d87350f8,1,43,2,0.07192592170663993,0.08430888424183614,0.9088433719403968,0.997287278754974,0.9656572752696342
0.9228,0.9224,False,,,5,573781bc902c4b3ca2563d279030360f,2021-03-17_13-03-05,1615986185,6.805922508239746,33.086008071899414,2635,eeb1cb364ceb,172.28.0.2,6.805922508239746,0,1,d87350f8,1,43,2,0.056253926237916564,0.018678645131501772,0.9921423008383087,0.9999052561798845,0.2823265648219393
0.8962,0.9048,False,,,6,573781bc902c4b3ca2563d279030360f,2021-03-17_13-03-11,1615986191,6.785915374755859,39.87192344665527,2635,eeb1cb364ceb,172.28.0.2,13.591837882995605,0,2,d87350f8,1,43,2,0.056253926237916564,0.018678645131501772,0.9921423008383087,0.9999052561798845,0.2823265648219393
0.4384,0.4138,False,,,5,c807188bc5a24ac0ab8121dd88f3d20f,2021-03-17_13-03-22,1615986202,6.400264024734497,32.10291314125061,2662,eeb1cb364ceb,172.28.0.2,6.400264024734497,0,1,e23914c4,1,43,2,5.6511090551447655e-05,0.040122239910127803,0.9374558492728365,0.9969970835879005,0.9939622408447992
0.4556,0.4386,False,,,6,c807188bc5a24ac0ab8121dd88f3d20f,2021-03-17_13-03-28,1615986208,6.449186563491821,38.55209970474243,2662,eeb1cb364ceb,172.28.0.2,12.849450588226318,0,2,e23914c4,1,43,2,5.6511090551447655e-05,0.040122239910127803,0.9374558492728365,0.9969970835879005,0.9939622408447992
0.9546,0.9558,False,,,5,e8c1ad2afec441cc8d37f3fb0fed3cbf,2021-03-17_13-03-40,1615986220,6.777478456497192,33.100295305252075,2684,eeb1cb364ceb,172.28.0.2,6.777478456497192,0,1,ec62168a,1,43,2,0.0031991113715201026,0.019279472711558956,0.9907395923454269,0.9920403341620709,0.5854721537792565
0.9596,0.9626,False,,,6,e8c1ad2afec441cc8d37f3fb0fed3cbf,2021-03-17_13-03-46,1615986226,6.723848581314087,39.82414388656616,2684,eeb1cb364ceb,172.28.0.2,13.50132703781128,0,2,ec62168a,1,43,2,0.0031991113715201026,0.019279472711558956,0.9907395923454269,0.9920403341620709,0.5854721537792565
0.0938,0.0978,False,,,5,a7f1b1583b994834b8e97e6874f467a6,2021-03-17_13-03-57,1615986237,6.746112585067749,33.27126908302307,2706,eeb1cb364ceb,172.28.0.2,6.746112585067749,0,1,f64f4884,1,43,2,0.07806781813951108,0.011782004987966012,0.9145756683300778,0.9931380978339982,0.8425275251891408
0.1012,0.1008,False,,,6,a7f1b1583b994834b8e97e6874f467a6,2021-03-17_13-04-04,1615986244,6.7606894969940186,40.03195858001709,2706,eeb1cb364ceb,172.28.0.2,13.506802082061768,0,2,f64f4884,1,43,2,0.07806781813951108,0.011782004987966012,0.9145756683300778,0.9931380978339982,0.8425275251891408
0.5532,0.5562,False,,,5,32bef4d47618448a88c764f5b05f028d,2021-03-17_13-04-15,1615986255,6.5959837436676025,33.1059787273407,2728,eeb1cb364ceb,172.28.0.2,6.5959837436676025,0,1,1e58fd5c,1,43,2,0.08079463266458782,0.0442028089317463,0.961999960756273,0.9998796175375461,0.6677332668860325
0.5328,0.5354,False,,,6,32bef4d47618448a88c764f5b05f028d,2021-03-17_13-04-22,1615986262,6.739175796508789,39.84515452384949,2728,eeb1cb364ceb,172.28.0.2,13.335159540176392,0,2,1e58fd5c,1,43,2,0.08079463266458782,0.0442028089317463,0.961999960756273,0.9998796175375461,0.6677332668860325
0.868,0.8676,False,,,5,eb400c41c8114bc38cce7f83e3bd7fbf,2021-03-17_13-04-33,1615986273,6.718871831893921,32.75258708000183,2750,eeb1cb364ceb,172.28.0.2,6.718871831893921,0,1,284435ac,1,43,2,0.06383134366755933,0.04410445617499862,0.9774170823201758,0.9903597775500583,0.4568227527563077
0.8774,0.8832,False,,,6,eb400c41c8114bc38cce7f83e3bd7fbf,2021-03-17_13-04-40,1615986280,6.744919061660767,39.4975061416626,2750,eeb1cb364ceb,172.28.0.2,13.463790893554688,0,2,284435ac,1,43,2,0.06383134366755933,0.04410445617499862,0.9774170823201758,0.9903597775500583,0.4568227527563077
0.0912,0.1004,False,,,5,1970818cba6d496fb532355e5bbc0c3d,2021-03-17_13-04-50,1615986290,6.8370726108551025,32.89078402519226,2772,eeb1cb364ceb,172.28.0.2,6.8370726108551025,0,1,326e7416,1,43,2,0.037904401034489554,0.000587006754946896,0.9395464754550236,0.9915571269398956,0.40366203151503255
0.0912,0.1004,False,,,6,1970818cba6d496fb532355e5bbc0c3d,2021-03-17_13-04-57,1615986297,6.879742860794067,39.77052688598633,2772,eeb1cb364ceb,172.28.0.2,13.71681547164917,0,2,326e7416,1,43,2,0.037904401034489554,0.000587006754946896,0.9395464754550236,0.9915571269398956,0.40366203151503255
0.7652,0.77,False,,,5,86feed43057a4685aa4d3911876d41eb,2021-03-17_13-05-09,1615986309,6.754207372665405,33.88637828826904,2793,eeb1cb364ceb,172.28.0.2,6.754207372665405,0,1,3c6efcce,1,43,2,0.04159066152890216,0.059981534537015435,0.9463038447662705,0.9909930941694075,0.7462747360828172
0.8186,0.818,False,,,6,86feed43057a4685aa4d3911876d41eb,2021-03-17_13-05-16,1615986316,6.707935094833374,40.59431338310242,2793,eeb1cb364ceb,172.28.0.2,13.46214246749878,0,2,3c6efcce,1,43,2,0.04159066152890216,0.059981534537015435,0.9463038447662705,0.9909930941694075,0.7462747360828172
0.9252,0.9272,False,,,5,573781bc902c4b3ca2563d279030360f,2021-03-17_13-05-27,1615986327,6.724894046783447,33.004979610443115,2815,eeb1cb364ceb,172.28.0.2,6.724894046783447,0,1,46c783d0,1,43,2,0.056253926237916564,0.018678645131501772,0.9921423008383087,0.9999052561798845,0.2823265648219393
0.9146,0.9242,False,,,6,573781bc902c4b3ca2563d279030360f,2021-03-17_13-05-33,1615986333,6.653375864028931,39.658355474472046,2815,eeb1cb364ceb,172.28.0.2,13.378269910812378,0,2,46c783d0,1,43,2,0.056253926237916564,0.018678645131501772,0.9921423008383087,0.9999052561798845,0.2823265648219393
0.959,0.963,False,,,7,e8c1ad2afec441cc8d37f3fb0fed3cbf,2021-03-17_13-05-44,1615986344,6.481139659881592,46.339712381362915,2839,eeb1cb364ceb,172.28.0.2,6.481139659881592,0,1,6f80f604,1,43,2,0.0031991113715201026,0.019279472711558956,0.9907395923454269,0.9920403341620709,0.5854721537792565
0.9576,0.9642,False,,,8,e8c1ad2afec441cc8d37f3fb0fed3cbf,2021-03-17_13-05-50,1615986350,6.469908714294434,52.80962109565735,2839,eeb1cb364ceb,172.28.0.2,12.951048374176025,0,2,6f80f604,1,43,2,0.0031991113715201026,0.019279472711558956,0.9907395923454269,0.9920403341620709,0.5854721537792565
0.961,0.9654,False,,,7,e8c1ad2afec441cc8d37f3fb0fed3cbf,2021-03-17_13-06-01,1615986361,6.735792875289917,46.04093670845032,2861,eeb1cb364ceb,172.28.0.2,6.735792875289917,0,1,6f85c440,1,43,2,0.1,0.018275008,0.9087605,0.9923787,0.066836186
0.967,0.9684,False,,,8,e8c1ad2afec441cc8d37f3fb0fed3cbf,2021-03-17_13-06-08,1615986368,6.777755975723267,52.818692684173584,2861,eeb1cb364ceb,172.28.0.2,13.513548851013184,0,2,6f85c440,1,43,2,0.1,0.018275008,0.9087605,0.9923787,0.066836186
0.8428,0.8398,False,,,7,86feed43057a4685aa4d3911876d41eb,2021-03-17_13-06-18,1615986378,6.645530939102173,46.811344623565674,2884,eeb1cb364ceb,172.28.0.2,6.645530939102173,0,1,7e9fb1a2,1,43,2,0.04159066152890216,0.059981534537015435,0.9463038447662705,0.9909930941694075,0.7462747360828172
0.7554,0.7402,False,,,8,86feed43057a4685aa4d3911876d41eb,2021-03-17_13-06-25,1615986385,6.760859489440918,53.57220411300659,2884,eeb1cb364ceb,172.28.0.2,13.40639042854309,0,2,7e9fb1a2,1,43,2,0.04159066152890216,0.059981534537015435,0.9463038447662705,0.9909930941694075,0.7462747360828172
0.9704,0.97,False,,,7,e8c1ad2afec441cc8d37f3fb0fed3cbf,2021-03-17_13-06-36,1615986396,6.699078321456909,45.87084650993347,2907,eeb1cb364ceb,172.28.0.2,6.699078321456909,0,1,889099d8,1,43,2,0.1,0.014135275,0.98452157,0.99016076,0.0
0.9684,0.9658,False,,,8,e8c1ad2afec441cc8d37f3fb0fed3cbf,2021-03-17_13-06-42,1615986402,6.816334247589111,52.68718075752258,2907,eeb1cb364ceb,172.28.0.2,13.51541256904602,0,2,889099d8,1,43,2,0.1,0.014135275,0.98452157,0.99016076,0.0
0.9668,0.9662,False,,,7,e8c1ad2afec441cc8d37f3fb0fed3cbf,2021-03-17_13-06-53,1615986413,6.760471820831299,46.61904454231262,2927,eeb1cb364ceb,172.28.0.2,6.760471820831299,0,1,9261d86e,1,43,2,0.1,0.0,0.9,0.99674326,0.016881509
0.9718,0.9672,False,,,8,e8c1ad2afec441cc8d37f3fb0fed3cbf,2021-03-17_13-07-00,1615986420,6.714156866073608,53.33320140838623,2927,eeb1cb364ceb,172.28.0.2,13.474628686904907,0,2,9261d86e,1,43,2,0.1,0.0,0.9,0.99674326,0.016881509
0.9682,0.9652,False,,,7,e8c1ad2afec441cc8d37f3fb0fed3cbf,2021-03-17_13-07-10,1615986430,6.63165545463562,45.80342364311218,2949,eeb1cb364ceb,172.28.0.2,6.63165545463562,0,1,9c5dfdca,1,43,2,0.1,0.05807594,0.9,0.9944241,0.0
0.969,0.9654,False,,,8,e8c1ad2afec441cc8d37f3fb0fed3cbf,2021-03-17_13-07-17,1615986437,6.629030466079712,52.432454109191895,2949,eeb1cb364ceb,172.28.0.2,13.260685920715332,0,2,9c5dfdca,1,43,2,0.1,0.05807594,0.9,0.9944241,0.0
0.608,0.616,False,,,7,32bef4d47618448a88c764f5b05f028d,2021-03-17_13-07-28,1615986448,6.72542667388916,46.333518505096436,2970,eeb1cb364ceb,172.28.0.2,6.72542667388916,0,1,a60f99c8,1,43,2,0.08079463266458782,0.0442028089317463,0.961999960756273,0.9998796175375461,0.6677332668860325
0.6198,0.6262,False,,,8,32bef4d47618448a88c764f5b05f028d,2021-03-17_13-07-34,1615986454,6.608712673187256,52.94223117828369,2970,eeb1cb364ceb,172.28.0.2,13.334139347076416,0,2,a60f99c8,1,43,2,0.08079463266458782,0.0442028089317463,0.961999960756273,0.9998796175375461,0.6677332668860325
0.9162,0.9152,False,,,7,573781bc902c4b3ca2563d279030360f,2021-03-17_13-07-47,1615986467,6.6835036277771,46.73399519920349,2993,eeb1cb364ceb,172.28.0.2,6.6835036277771,0,1,aff71a06,1,43,2,0.056253926237916564,0.018678645131501772,0.9921423008383087,0.9999052561798845,0.2823265648219393
0.9234,0.9182,False,,,8,573781bc902c4b3ca2563d279030360f,2021-03-17_13-07-54,1615986474,6.817140340805054,53.551135540008545,2993,eeb1cb364ceb,172.28.0.2,13.500643968582153,0,2,aff71a06,1,43,2,0.056253926237916564,0.018678645131501772,0.9921423008383087,0.9999052561798845,0.2823265648219393
0.9056,0.8982,False,,,7,b7d6173b9be344feaa1b86ebb61889ff,2021-03-17_13-08-04,1615986484,6.419773817062378,45.63815641403198,3015,eeb1cb364ceb,172.28.0.2,6.419773817062378,0,1,ba3ee0ac,1,43,2,0.013728816724372784,0.03546916068166899,0.9569109769934794,0.9990643669201597,0.5636744047963702
0.937,0.9234,False,,,8,b7d6173b9be344feaa1b86ebb61889ff,2021-03-17_13-08-11,1615986491,6.4834394454956055,52.12159585952759,3015,eeb1cb364ceb,172.28.0.2,12.903213262557983,0,2,ba3ee0ac,1,43,2,0.013728816724372784,0.03546916068166899,0.9569109769934794,0.9990643669201597,0.5636744047963702
0.6144,0.6186,False,,,7,32bef4d47618448a88c764f5b05f028d,2021-03-17_13-08-21,1615986501,6.401118755340576,46.465147495269775,3036,eeb1cb364ceb,172.28.0.2,6.401118755340576,0,1,c45926a6,1,43,2,0.08079463266458782,0.0442028089317463,0.961999960756273,0.9998796175375461,0.6677332668860325
0.4574,0.4684,False,,,8,32bef4d47618448a88c764f5b05f028d,2021-03-17_13-08-28,1615986508,6.516172647476196,52.98132014274597,3036,eeb1cb364ceb,172.28.0.2,12.917291402816772,0,2,c45926a6,1,43,2,0.08079463266458782,0.0442028089317463,0.961999960756273,0.9998796175375461,0.6677332668860325
0.8694,0.8672,False,,,7,50405903e7e44141bdb2eaabb90b96b5,2021-03-17_13-08-40,1615986520,6.4235310554504395,44.99359631538391,3059,eeb1cb364ceb,172.28.0.2,6.4235310554504395,0,1,ce4e7f12,1,43,2,0.09605513669197797,0.028400959586804355,0.9202641209162952,0.9953527851606764,0.3236916069023301
0.8108,0.8084,False,,,8,50405903e7e44141bdb2eaabb90b96b5,2021-03-17_13-08-46,1615986526,6.500326633453369,51.49392294883728,3059,eeb1cb364ceb,172.28.0.2,12.923857688903809,0,2,ce4e7f12,1,43,2,0.09605513669197797,0.028400959586804355,0.9202641209162952,0.9953527851606764,0.3236916069023301
0.9194,0.9198,False,,,7,573781bc902c4b3ca2563d279030360f,2021-03-17_13-08-57,1615986537,6.740926504135132,46.612849950790405,3081,eeb1cb364ceb,172.28.0.2,6.740926504135132,0,1,d87350f8,1,43,2,0.056253926237916564,0.018678645131501772,0.9921423008383087,0.9999052561798845,0.2823265648219393
0.9212,0.9248,False,,,8,573781bc902c4b3ca2563d279030360f,2021-03-17_13-09-04,1615986544,6.713823556900024,53.32667350769043,3081,eeb1cb364ceb,172.28.0.2,13.454750061035156,0,2,d87350f8,1,43,2,0.056253926237916564,0.018678645131501772,0.9921423008383087,0.9999052561798845,0.2823265648219393
0.957,0.954,False,,,7,e8c1ad2afec441cc8d37f3fb0fed3cbf,2021-03-17_13-09-18,1615986558,6.67047905921936,46.49462294578552,3122,eeb1cb364ceb,172.28.0.2,6.67047905921936,0,1,ec62168a,1,43,2,0.0031991113715201026,0.019279472711558956,0.9907395923454269,0.9920403341620709,0.5854721537792565
0.9616,0.9582,False,,,8,e8c1ad2afec441cc8d37f3fb0fed3cbf,2021-03-17_13-09-25,1615986565,6.758810758590698,53.25343370437622,3122,eeb1cb364ceb,172.28.0.2,13.429289817810059,0,2,ec62168a,1,43,2,0.0031991113715201026,0.019279472711558956,0.9907395923454269,0.9920403341620709,0.5854721537792565
0.6568,0.6444,False,,,7,32bef4d47618448a88c764f5b05f028d,2021-03-17_13-09-39,1615986579,6.58257532119751,46.427729845047,3169,eeb1cb364ceb,172.28.0.2,6.58257532119751,0,1,1e58fd5c,1,43,2,0.08079463266458782,0.0442028089317463,0.961999960756273,0.9998796175375461,0.6677332668860325
0.6102,0.6076,False,,,8,32bef4d47618448a88c764f5b05f028d,2021-03-17_13-09-46,1615986586,6.550285339355469,52.978015184402466,3169,eeb1cb364ceb,172.28.0.2,13.132860660552979,0,2,1e58fd5c,1,43,2,0.08079463266458782,0.0442028089317463,0.961999960756273,0.9998796175375461,0.6677332668860325
0.8436,0.8366,False,,,7,eb400c41c8114bc38cce7f83e3bd7fbf,2021-03-17_13-09-58,1615986598,6.715062379837036,46.212568521499634,3190,eeb1cb364ceb,172.28.0.2,6.715062379837036,0,1,284435ac,1,43,2,0.06383134366755933,0.04410445617499862,0.9774170823201758,0.9903597775500583,0.4568227527563077
0.8968,0.887,False,,,8,eb400c41c8114bc38cce7f83e3bd7fbf,2021-03-17_13-10-05,1615986605,6.8387291431427,53.051297664642334,3190,eeb1cb364ceb,172.28.0.2,13.553791522979736,0,2,284435ac,1,43,2,0.06383134366755933,0.04410445617499862,0.9774170823201758,0.9903597775500583,0.4568227527563077
0.1138,0.1132,False,,,7,e8c1ad2afec441cc8d37f3fb0fed3cbf,2021-03-17_13-10-16,1615986616,6.816205739974976,46.121349573135376,3212,eeb1cb364ceb,172.28.0.2,6.816205739974976,0,1,326e7416,1,43,2,0.0,0.03559287,0.92470884,0.9996134,1.0
0.1138,0.1132,False,,,8,e8c1ad2afec441cc8d37f3fb0fed3cbf,2021-03-17_13-10-22,1615986622,6.689712762832642,52.81106233596802,3212,eeb1cb364ceb,172.28.0.2,13.505918502807617,0,2,326e7416,1,43,2,0.0,0.03559287,0.92470884,0.9996134,1.0
0.736,0.7418,False,,,7,86feed43057a4685aa4d3911876d41eb,2021-03-17_13-10-35,1615986635,6.860721826553345,47.45503520965576,3234,eeb1cb364ceb,172.28.0.2,6.860721826553345,0,1,3c6efcce,1,43,2,0.04159066152890216,0.059981534537015435,0.9463038447662705,0.9909930941694075,0.7462747360828172
0.7912,0.7896,False,,,8,86feed43057a4685aa4d3911876d41eb,2021-03-17_13-10-42,1615986642,6.75557279586792,54.21060800552368,3234,eeb1cb364ceb,172.28.0.2,13.616294622421265,0,2,3c6efcce,1,43,2,0.04159066152890216,0.059981534537015435,0.9463038447662705,0.9909930941694075,0.7462747360828172
0.9318,0.9282,False,,,7,573781bc902c4b3ca2563d279030360f,2021-03-17_13-10-52,1615986652,6.447479009628296,46.10583448410034,3258,eeb1cb364ceb,172.28.0.2,6.447479009628296,0,1,46c783d0,1,43,2,0.056253926237916564,0.018678645131501772,0.9921423008383087,0.9999052561798845,0.2823265648219393
0.9124,0.9048,False,,,8,573781bc902c4b3ca2563d279030360f,2021-03-17_13-10-58,1615986658,6.464361667633057,52.5701961517334,3258,eeb1cb364ceb,172.28.0.2,12.911840677261353,0,2,46c783d0,1,43,2,0.056253926237916564,0.018678645131501772,0.9921423008383087,0.9999052561798845,0.2823265648219393
0.9594,0.9608,False,,,9,e8c1ad2afec441cc8d37f3fb0fed3cbf,2021-03-17_13-11-09,1615986669,6.412775039672852,59.2223961353302,3280,eeb1cb364ceb,172.28.0.2,6.412775039672852,0,1,6f80f604,1,43,2,0.0031991113715201026,0.019279472711558956,0.9907395923454269,0.9920403341620709,0.5854721537792565
0.9566,0.959,True,,,10,e8c1ad2afec441cc8d37f3fb0fed3cbf,2021-03-17_13-11-15,1615986675,6.374563217163086,65.59695935249329,3280,eeb1cb364ceb,172.28.0.2,12.787338256835938,0,2,6f80f604,1,43,2,0.0031991113715201026,0.019279472711558956,0.9907395923454269,0.9920403341620709,0.5854721537792565
0.965,0.9722,False,,,9,e8c1ad2afec441cc8d37f3fb0fed3cbf,2021-03-17_13-11-26,1615986686,6.590832948684692,59.409525632858276,3302,eeb1cb364ceb,172.28.0.2,6.590832948684692,0,1,6f85c440,1,43,2,0.1,0.018275008,0.9087605,0.9923787,0.066836186
0.9618,0.9664,True,,,10,e8c1ad2afec441cc8d37f3fb0fed3cbf,2021-03-17_13-11-32,1615986692,6.543651342391968,65.95317697525024,3302,eeb1cb364ceb,172.28.0.2,13.13448429107666,0,2,6f85c440,1,43,2,0.1,0.018275008,0.9087605,0.9923787,0.066836186
0.786,0.7898,False,,,9,86feed43057a4685aa4d3911876d41eb,2021-03-17_13-11-43,1615986703,6.860703468322754,60.432907581329346,3326,eeb1cb364ceb,172.28.0.2,6.860703468322754,0,1,7e9fb1a2,1,43,2,0.04159066152890216,0.059981534537015435,0.9463038447662705,0.9909930941694075,0.7462747360828172
0.761,0.755,True,,,10,86feed43057a4685aa4d3911876d41eb,2021-03-17_13-11-50,1615986710,6.802839279174805,67.23574686050415,3326,eeb1cb364ceb,172.28.0.2,13.663542747497559,0,2,7e9fb1a2,1,43,2,0.04159066152890216,0.059981534537015435,0.9463038447662705,0.9909930941694075,0.7462747360828172
0.9632,0.966,False,,,9,e8c1ad2afec441cc8d37f3fb0fed3cbf,2021-03-17_13-12-00,1615986720,6.66838264465332,59.3555634021759,3348,eeb1cb364ceb,172.28.0.2,6.66838264465332,0,1,889099d8,1,43,2,0.1,0.014135275,0.98452157,0.99016076,0.0
0.9694,0.9706,True,,,10,e8c1ad2afec441cc8d37f3fb0fed3cbf,2021-03-17_13-12-07,1615986727,6.693343639373779,66.04890704154968,3348,eeb1cb364ceb,172.28.0.2,13.3617262840271,0,2,889099d8,1,43,2,0.1,0.014135275,0.98452157,0.99016076,0.0
0.9682,0.9694,False,,,9,e8c1ad2afec441cc8d37f3fb0fed3cbf,2021-03-17_13-12-18,1615986738,6.862657785415649,60.19585919380188,3369,eeb1cb364ceb,172.28.0.2,6.862657785415649,0,1,9261d86e,1,43,2,0.1,0.0,0.9,0.99674326,0.016881509
0.9684,0.968,True,,,10,e8c1ad2afec441cc8d37f3fb0fed3cbf,2021-03-17_13-12-24,1615986744,6.723988771438599,66.91984796524048,3369,eeb1cb364ceb,172.28.0.2,13.586646556854248,0,2,9261d86e,1,43,2,0.1,0.0,0.9,0.99674326,0.016881509
0.9734,0.9688,False,,,9,e8c1ad2afec441cc8d37f3fb0fed3cbf,2021-03-17_13-12-35,1615986755,6.727168321609497,59.15962243080139,3391,eeb1cb364ceb,172.28.0.2,6.727168321609497,0,1,9c5dfdca,1,43,2,0.1,0.05807594,0.9,0.9944241,0.0
0.9684,0.969,True,,,10,e8c1ad2afec441cc8d37f3fb0fed3cbf,2021-03-17_13-12-42,1615986762,6.767950057983398,65.92757248878479,3391,eeb1cb364ceb,172.28.0.2,13.495118379592896,0,2,9c5dfdca,1,43,2,0.1,0.05807594,0.9,0.9944241,0.0
0.1134,0.1136,False,,,9,e8c1ad2afec441cc8d37f3fb0fed3cbf,2021-03-17_13-12-52,1615986772,6.764028072357178,60.09722948074341,3415,eeb1cb364ceb,172.28.0.2,6.764028072357178,0,1,a60f99c8,1,43,2,0.0,0.032241024,0.9,0.9951593,1.0
0.1134,0.1136,True,,,10,e8c1ad2afec441cc8d37f3fb0fed3cbf,2021-03-17_13-12-59,1615986779,6.73092794418335,66.82815742492676,3415,eeb1cb364ceb,172.28.0.2,13.494956016540527,0,2,a60f99c8,1,43,2,0.0,0.032241024,0.9,0.9951593,1.0
0.9362,0.9312,False,,,9,573781bc902c4b3ca2563d279030360f,2021-03-17_13-13-10,1615986790,6.71928596496582,60.270421504974365,3437,eeb1cb364ceb,172.28.0.2,6.71928596496582,0,1,aff71a06,1,43,2,0.056253926237916564,0.018678645131501772,0.9921423008383087,0.9999052561798845,0.2823265648219393
0.9186,0.9174,True,,,10,573781bc902c4b3ca2563d279030360f,2021-03-17_13-13-16,1615986796,6.7105724811553955,66.98099398612976,3437,eeb1cb364ceb,172.28.0.2,13.429858446121216,0,2,aff71a06,1,43,2,0.056253926237916564,0.018678645131501772,0.9921423008383087,0.9999052561798845,0.2823265648219393
0.9218,0.9164,False,,,9,b7d6173b9be344feaa1b86ebb61889ff,2021-03-17_13-13-27,1615986807,6.4910407066345215,58.61263656616211,3458,eeb1cb364ceb,172.28.0.2,6.4910407066345215,0,1,ba3ee0ac,1,43,2,0.013728816724372784,0.03546916068166899,0.9569109769934794,0.9990643669201597,0.5636744047963702
0.929,0.9242,True,,,10,b7d6173b9be344feaa1b86ebb61889ff,2021-03-17_13-13-33,1615986813,6.609405755996704,65.22204232215881,3458,eeb1cb364ceb,172.28.0.2,13.100446462631226,0,2,ba3ee0ac,1,43,2,0.013728816724372784,0.03546916068166899,0.9569109769934794,0.9990643669201597,0.5636744047963702
0.1144,0.1126,False,,,9,e8c1ad2afec441cc8d37f3fb0fed3cbf,2021-03-17_13-13-44,1615986824,6.7750630378723145,59.5937557220459,3482,eeb1cb364ceb,172.28.0.2,6.7750630378723145,0,1,c45926a6,1,43,2,0.0,0.072787635,0.9,0.9960786,1.0
0.1144,0.1126,True,,,10,e8c1ad2afec441cc8d37f3fb0fed3cbf,2021-03-17_13-13-51,1615986831,6.689016819000244,66.28277254104614,3482,eeb1cb364ceb,172.28.0.2,13.464079856872559,0,2,c45926a6,1,43,2,0.0,0.072787635,0.9,0.9960786,1.0
0.7688,0.7566,False,,,9,50405903e7e44141bdb2eaabb90b96b5,2021-03-17_13-14-01,1615986841,6.770659685134888,58.26458263397217,3504,eeb1cb364ceb,172.28.0.2,6.770659685134888,0,1,ce4e7f12,1,43,2,0.09605513669197797,0.028400959586804355,0.9202641209162952,0.9953527851606764,0.3236916069023301
0.739,0.7342,True,,,10,50405903e7e44141bdb2eaabb90b96b5,2021-03-17_13-14-08,1615986848,6.769920110702515,65.03450274467468,3504,eeb1cb364ceb,172.28.0.2,13.540579795837402,0,2,ce4e7f12,1,43,2,0.09605513669197797,0.028400959586804355,0.9202641209162952,0.9953527851606764,0.3236916069023301
0.9428,0.9416,False,,,9,573781bc902c4b3ca2563d279030360f,2021-03-17_13-14-18,1615986858,6.618167877197266,59.944841384887695,3526,eeb1cb364ceb,172.28.0.2,6.618167877197266,0,1,d87350f8,1,43,2,0.056253926237916564,0.018678645131501772,0.9921423008383087,0.9999052561798845,0.2823265648219393
0.9324,0.931,True,,,10,573781bc902c4b3ca2563d279030360f,2021-03-17_13-14-25,1615986865,6.660643815994263,66.60548520088196,3526,eeb1cb364ceb,172.28.0.2,13.278811693191528,0,2,d87350f8,1,43,2,0.056253926237916564,0.018678645131501772,0.9921423008383087,0.9999052561798845,0.2823265648219393
0.961,0.962,False,,,9,e8c1ad2afec441cc8d37f3fb0fed3cbf,2021-03-17_13-14-35,1615986875,6.559521436691284,59.812955141067505,3548,eeb1cb364ceb,172.28.0.2,6.559521436691284,0,1,ec62168a,1,43,2,0.0031991113715201026,0.019279472711558956,0.9907395923454269,0.9920403341620709,0.5854721537792565
0.9624,0.9616,True,,,10,e8c1ad2afec441cc8d37f3fb0fed3cbf,2021-03-17_13-14-42,1615986882,6.654848575592041,66.46780371665955,3548,eeb1cb364ceb,172.28.0.2,13.214370012283325,0,2,ec62168a,1,43,2,0.0031991113715201026,0.019279472711558956,0.9907395923454269,0.9920403341620709,0.5854721537792565
0.955,0.9486,False,,,9,e8c1ad2afec441cc8d37f3fb0fed3cbf,2021-03-17_13-14-53,1615986893,6.897768020629883,59.71646070480347,3571,eeb1cb364ceb,172.28.0.2,6.897768020629883,0,1,1e58fd5c,1,43,2,0.1,0.0,0.9,0.9912705,0.7624482
0.954,0.9542,True,,,10,e8c1ad2afec441cc8d37f3fb0fed3cbf,2021-03-17_13-15-00,1615986900,6.79526424407959,66.51172494888306,3571,eeb1cb364ceb,172.28.0.2,13.693032264709473,0,2,1e58fd5c,1,43,2,0.1,0.0,0.9,0.9912705,0.7624482
0.8724,0.8766,False,,,9,eb400c41c8114bc38cce7f83e3bd7fbf,2021-03-17_13-15-10,1615986910,6.728159666061401,59.779457330703735,3592,eeb1cb364ceb,172.28.0.2,6.728159666061401,0,1,284435ac,1,43,2,0.06383134366755933,0.04410445617499862,0.9774170823201758,0.9903597775500583,0.4568227527563077
0.7896,0.8062,True,,,10,eb400c41c8114bc38cce7f83e3bd7fbf,2021-03-17_13-15-17,1615986917,6.7574849128723145,66.53694224357605,3592,eeb1cb364ceb,172.28.0.2,13.485644578933716,0,2,284435ac,1,43,2,0.06383134366755933,0.04410445617499862,0.9774170823201758,0.9903597775500583,0.4568227527563077
0.1142,0.1128,False,,,9,e8c1ad2afec441cc8d37f3fb0fed3cbf,2021-03-17_13-15-28,1615986928,6.7288336753845215,59.98226737976074,3615,eeb1cb364ceb,172.28.0.2,6.7288336753845215,0,1,326e7416,1,43,2,0.0,0.0,0.9,0.9953257,1.0
0.1142,0.1128,True,,,10,e8c1ad2afec441cc8d37f3fb0fed3cbf,2021-03-17_13-15-34,1615986934,6.838531732559204,66.82079911231995,3615,eeb1cb364ceb,172.28.0.2,13.567365407943726,0,2,326e7416,1,43,2,0.0,0.0,0.9,0.9953257,1.0
0.802,0.788,False,,,9,86feed43057a4685aa4d3911876d41eb,2021-03-17_13-15-45,1615986945,6.4265265464782715,60.63713455200195,3638,eeb1cb364ceb,172.28.0.2,6.4265265464782715,0,1,3c6efcce,1,43,2,0.04159066152890216,0.059981534537015435,0.9463038447662705,0.9909930941694075,0.7462747360828172
0.7582,0.738,True,,,10,86feed43057a4685aa4d3911876d41eb,2021-03-17_13-15-51,1615986951,6.453980445861816,67.09111499786377,3638,eeb1cb364ceb,172.28.0.2,12.880506992340088,0,2,3c6efcce,1,43,2,0.04159066152890216,0.059981534537015435,0.9463038447662705,0.9909930941694075,0.7462747360828172
0.9306,0.9292,False,,,9,573781bc902c4b3ca2563d279030360f,2021-03-17_13-16-02,1615986962,6.588810205459595,59.15900635719299,3660,eeb1cb364ceb,172.28.0.2,6.588810205459595,0,1,46c783d0,1,43,2,0.056253926237916564,0.018678645131501772,0.9921423008383087,0.9999052561798845,0.2823265648219393
0.9176,0.9186,True,,,10,573781bc902c4b3ca2563d279030360f,2021-03-17_13-16-08,1615986968,6.593364953994751,65.75237131118774,3660,eeb1cb364ceb,172.28.0.2,13.182175159454346,0,2,46c783d0,1,43,2,0.056253926237916564,0.018678645131501772,0.9921423008383087,0.9999052561798845,0.2823265648219393