0.000000000000000000e+00,2.301608314467411276e+01,1.857117135051737833e+01,2.301608314490785645e+01,1.857117135044461875e+01
1.041666666666666741e+00,1.151186956097097713e+01,1.291702151775508334e+01,1.151186980429817552e+01,1.291702159033999209e+01
2.083333333333333481e+00,2.787366219595367234e+00,3.065700402660839874e+00,2.787365954296261883e+00,3.065700047330677691e+00
3.125000000000000000e+00,2.787366219595367234e+00,3.065700402660839874e+00,2.787365954296261883e+00,3.065700047330677691e+00
4.166666666666666963e+00,2.787366219595367234e+00,3.065700402660839874e+00,2.787365954296261883e+00,3.065700047330677691e+00
5.208333333333333037e+00,9.638538019329894180e-01,7.164515399390021244e-01,9.638537909470352716e-01,7.164515102796186197e-01
6.250000000000000000e+00,9.638538019329894180e-01,7.164515399390021244e-01,9.638537909470352716e-01,7.164515102796186197e-01
7.291666666666666963e+00,8.610644653731702736e-01,5.956336490064193523e-01,8.610644843064102494e-01,5.956336586898023366e-01
8.333333333333333925e+00,8.324480781368182036e-01,6.012293528832460821e-01,8.324480895902596211e-01,6.012293641131001287e-01
9.375000000000000000e+00,8.324480781368182036e-01,6.012293528832460821e-01,8.324480895902596211e-01,6.012293641131001287e-01
1.041666666666666607e+01,8.324480781368182036e-01,6.012293528832460821e-01,8.324480895902596211e-01,6.012293641131001287e-01
1.145833333333333393e+01,8.324480781368182036e-01,6.012293528832460821e-01,8.324480895902596211e-01,6.012293641131001287e-01
1.250000000000000000e+01,8.324480781368182036e-01,6.012293528832460821e-01,8.324480895902596211e-01,6.012293641131001287e-01
1.354166666666666607e+01,6.834546944674324553e-01,4.625703500564491977e-01,6.834547059208738728e-01,4.625703655748229504e-01
1.458333333333333393e+01,6.834546944674324553e-01,4.625703500564491977e-01,6.834547059208738728e-01,4.625703655748229504e-01
1.562500000000000000e+01,5.533070596994138501e-01,4.312474662105609813e-01,5.533070636730568204e-01,4.312474843941963010e-01
1.666666666666666785e+01,5.533070596994138501e-01,4.312474662105609813e-01,5.533070636730568204e-01,4.312474843941963010e-01
1.770833333333333215e+01,5.533070596994138501e-01,4.312474662105609813e-01,5.533070636730568204e-01,4.312474843941963010e-01
1.875000000000000000e+01,5.533070596994138501e-01,4.312474662105609813e-01,5.533070636730568204e-01,4.312474843941963010e-01
1.979166666666666785e+01,5.533070596994138501e-01,4.312474662105609813e-01,5.533070636730568204e-01,4.312474843941963010e-01
2.083333333333333215e+01,5.533070596994138501e-01,4.312474662105609813e-01,5.533070636730568204e-01,4.312474843941963010e-01
2.187500000000000000e+01,4.023743736977671293e-01,3.001308254095538808e-01,4.023743327926186941e-01,3.001308111166360315e-01
2.291666666666666785e+01,3.040000779955994714e-01,1.833412842640106399e-01,3.040000370904510918e-01,1.833412553793577482e-01
2.395833333333333215e+01,2.000003048017913732e-01,1.454276277513047722e-01,2.000002970882490683e-01,1.454276252029154670e-01
2.500000000000000000e+01,2.000003048017913732e-01,1.454276277513047722e-01,2.000002970882490683e-01,1.454276252029154670e-01
2.604166666666666785e+01,1.958579362607469898e-01,1.460284979500047764e-01,1.958579285472047127e-01,1.460284953573992017e-01
2.708333333333333215e+01,1.958579362607469898e-01,1.460284979500047764e-01,1.958579285472047127e-01,1.460284953573992017e-01
2.812500000000000000e+01,1.004021653942033521e-01,5.480465590286378447e-02,1.004021590831233046e-01,5.480464534372005841e-02
2.916666666666666785e+01,1.004021653942033521e-01,5.480465590286378447e-02,1.004021590831233046e-01,5.480464534372005841e-02
3.020833333333333215e+01,1.004021653942033521e-01,5.480465590286378447e-02,1.004021590831233046e-01,5.480464534372005841e-02
3.125000000000000000e+01,1.004021653942033521e-01,5.480465590286378447e-02,1.004021590831233046e-01,5.480464534372005841e-02
3.229166666666666430e+01,1.004021653942033521e-01,5.480465590286378447e-02,1.004021590831233046e-01,5.480464534372005841e-02
3.333333333333333570e+01,1.004021653942033521e-01,5.480465590286378447e-02,1.004021590831233046e-01,5.480464534372005841e-02
3.437500000000000000e+01,1.004021653942033521e-01,5.480465590286378447e-02,1.004021590831233046e-01,5.480464534372005841e-02
3.541666666666666430e+01,1.004021653942033521e-01,5.480465590286378447e-02,1.004021590831233046e-01,5.480464534372005841e-02
3.645833333333333570e+01,6.678598160837211084e-02,2.337055707068681418e-02,6.678598230960322568e-02,2.337055655663539816e-02
3.750000000000000000e+01,6.678598160837211084e-02,2.337055707068681418e-02,6.678598230960322568e-02,2.337055655663539816e-02
3.854166666666666430e+01,6.678598160837211084e-02,2.337055707068681418e-02,6.678598230960322568e-02,2.337055655663539816e-02
3.958333333333333570e+01,6.678598160837211084e-02,2.337055707068681418e-02,6.678598230960322568e-02,2.337055655663539816e-02
4.062500000000000000e+01,6.678598160837211084e-02,2.337055707068681418e-02,6.678598230960322568e-02,2.337055655663539816e-02
4.166666666666666430e+01,6.678598160837211084e-02,2.337055707068681418e-02,6.678598230960322568e-02,2.337055655663539816e-02
4.270833333333333570e+01,6.678598160837211084e-02,2.337055707068681418e-02,6.678598230960322568e-02,2.337055655663539816e-02
4.375000000000000000e+01,6.678598160837211084e-02,2.337055707068681418e-02,6.678598230960322568e-02,2.337055655663539816e-02
4.479166666666666430e+01,6.678598160837211084e-02,2.337055707068681418e-02,6.678598230960322568e-02,2.337055655663539816e-02
4.583333333333333570e+01,6.678598160837211084e-02,2.337055707068681418e-02,6.678598230960322568e-02,2.337055655663539816e-02
4.687500000000000000e+01,6.678598160837211084e-02,2.337055707068681418e-02,6.678598230960322568e-02,2.337055655663539816e-02
4.791666666666666430e+01,6.678598160837211084e-02,2.337055707068681418e-02,6.678598230960322568e-02,2.337055655663539816e-02
4.895833333333333570e+01,6.660666232015571842e-02,2.345555814794937979e-02,6.660666278764312831e-02,2.345555774524260215e-02
5.000000000000000000e+01,5.663976225198483899e-02,2.439039584947395520e-02,5.663976225198483899e-02,2.439039536477455306e-02
5.104166666666666430e+01,5.633928635541129992e-02,2.449327461999287192e-02,5.633928565418018508e-02,2.449327436564929794e-02
5.208333333333333570e+01,5.633928635541129992e-02,2.449327461999287192e-02,5.633928565418018508e-02,2.449327436564929794e-02
5.312500000000000000e+01,4.573287683374741702e-02,1.266636133780698822e-02,4.573287800246594176e-02,1.266636110407468735e-02
5.416666666666666430e+01,4.398894824233708784e-02,1.238321892781288000e-02,4.398894987854303634e-02,1.238321889717725055e-02
5.520833333333333570e+01,4.398894824233708784e-02,1.238321892781288000e-02,4.398894987854303634e-02,1.238321889717725055e-02
5.625000000000000000e+01,4.398894824233708784e-02,1.238321892781288000e-02,4.398894987854303634e-02,1.238321889717725055e-02
5.729166666666666430e+01,4.398894824233708784e-02,1.238321892781288000e-02,4.398894987854303634e-02,1.238321889717725055e-02
5.833333333333333570e+01,4.398894824233708784e-02,1.238321892781288000e-02,4.398894987854303634e-02,1.238321889717725055e-02
5.937500000000000000e+01,4.398894824233708784e-02,1.238321892781288000e-02,4.398894987854303634e-02,1.238321889717725055e-02
6.041666666666666430e+01,4.398894824233708784e-02,1.238321892781288000e-02,4.398894987854303634e-02,1.238321889717725055e-02
6.145833333333333570e+01,4.398894824233708784e-02,1.238321892781288000e-02,4.398894987854303634e-02,1.238321889717725055e-02
6.250000000000000000e+01,4.398894824233708784e-02,1.238321892781288000e-02,4.398894987854303634e-02,1.238321889717725055e-02
6.354166666666666430e+01,4.398894824233708784e-02,1.238321892781288000e-02,4.398894987854303634e-02,1.238321889717725055e-02
6.458333333333332860e+01,4.398894824233708784e-02,1.238321892781288000e-02,4.398894987854303634e-02,1.238321889717725055e-02
6.562500000000000000e+01,4.398894824233708784e-02,1.238321892781288000e-02,4.398894987854303634e-02,1.238321889717725055e-02
6.666666666666667140e+01,4.398894824233708784e-02,1.238321892781288000e-02,4.398894987854303634e-02,1.238321889717725055e-02
6.770833333333332860e+01,4.398894824233708784e-02,1.238321892781288000e-02,4.398894987854303634e-02,1.238321889717725055e-02
6.875000000000000000e+01,4.185041259316837209e-02,1.072194556122832779e-02,4.185041329439949387e-02,1.072194456843434882e-02
6.979166666666667140e+01,4.185041259316837209e-02,1.072194556122832779e-02,4.185041329439949387e-02,1.072194456843434882e-02
7.083333333333332860e+01,4.185041259316837209e-02,1.072194556122832779e-02,4.185041329439949387e-02,1.072194456843434882e-02
7.187500000000000000e+01,4.185041259316837209e-02,1.072194556122832779e-02,4.185041329439949387e-02,1.072194456843434882e-02
7.291666666666667140e+01,4.185041259316837209e-02,1.072194556122832779e-02,4.185041329439949387e-02,1.072194456843434882e-02
7.395833333333332860e+01,4.185041259316837209e-02,1.072194556122832779e-02,4.185041329439949387e-02,1.072194456843434882e-02
7.500000000000000000e+01,4.185041259316837209e-02,1.072194556122832779e-02,4.185041329439949387e-02,1.072194456843434882e-02
7.604166666666667140e+01,4.185041259316837209e-02,1.072194556122832779e-02,4.185041329439949387e-02,1.072194456843434882e-02
7.708333333333332860e+01,4.185041259316837209e-02,1.072194556122832779e-02,4.185041329439949387e-02,1.072194456843434882e-02
7.812500000000000000e+01,4.185041259316837209e-02,1.072194556122832779e-02,4.185041329439949387e-02,1.072194456843434882e-02
7.916666666666667140e+01,4.185041259316837209e-02,1.072194556122832779e-02,4.185041329439949387e-02,1.072194456843434882e-02
8.020833333333332860e+01,4.185041259316837209e-02,1.072194556122832779e-02,4.185041329439949387e-02,1.072194456843434882e-02
8.125000000000000000e+01,4.185041259316837209e-02,1.072194556122832779e-02,4.185041329439949387e-02,1.072194456843434882e-02
8.229166666666667140e+01,4.185041259316837209e-02,1.072194556122832779e-02,4.185041329439949387e-02,1.072194456843434882e-02
8.333333333333332860e+01,4.185041259316837209e-02,1.072194556122832779e-02,4.185041329439949387e-02,1.072194456843434882e-02
8.437500000000000000e+01,4.185041259316837209e-02,1.072194556122832779e-02,4.185041329439949387e-02,1.072194456843434882e-02
8.541666666666667140e+01,4.185041259316837209e-02,1.072194556122832779e-02,4.185041329439949387e-02,1.072194456843434882e-02
8.645833333333332860e+01,4.103406059975718556e-02,1.074568740621517984e-02,4.103406153473199841e-02,1.074568640216520300e-02
8.750000000000000000e+01,4.103406059975718556e-02,1.074568740621517984e-02,4.103406153473199841e-02,1.074568640216520300e-02
8.854166666666667140e+01,4.103406059975718556e-02,1.074568740621517984e-02,4.103406153473199841e-02,1.074568640216520300e-02
8.958333333333332860e+01,3.643213580636417426e-02,1.003920633755906421e-02,3.643213697508269899e-02,1.003920528660512228e-02
9.062500000000000000e+01,3.643213580636417426e-02,1.003920633755906421e-02,3.643213697508269899e-02,1.003920528660512228e-02
9.166666666666667140e+01,3.643213580636417426e-02,1.003920633755906421e-02,3.643213697508269899e-02,1.003920528660512228e-02
9.270833333333332860e+01,3.643213580636417426e-02,1.003920633755906421e-02,3.643213697508269899e-02,1.003920528660512228e-02
9.375000000000000000e+01,3.422206616869159779e-02,8.407434798530007830e-03,3.422207060982199178e-02,8.407436532149328845e-03
9.479166666666667140e+01,3.329305368311265279e-02,8.470481848968028013e-03,3.329305812424304678e-02,8.470483627365165899e-03
9.583333333333332860e+01,3.329305368311265279e-02,8.470481848968028013e-03,3.329305812424304678e-02,8.470483627365165899e-03
9.687500000000000000e+01,3.329305368311265279e-02,8.470481848968028013e-03,3.329305812424304678e-02,8.470483627365165899e-03
9.791666666666667140e+01,3.329305368311265279e-02,8.470481848968028013e-03,3.329305812424304678e-02,8.470483627365165899e-03
9.895833333333332860e+01,3.329305368311265279e-02,8.470481848968028013e-03,3.329305812424304678e-02,8.470483627365165899e-03
1.000000000000000000e+02,3.329305368311265279e-02,8.470481848968028013e-03,3.329305812424304678e-02,8.470483627365165899e-03
1.010416666666666714e+02,3.329305368311265279e-02,8.470481848968028013e-03,3.329305812424304678e-02,8.470483627365165899e-03
1.020833333333333286e+02,3.329305368311265279e-02,8.470481848968028013e-03,3.329305812424304678e-02,8.470483627365165899e-03
1.031250000000000000e+02,3.329305368311265279e-02,8.470481848968028013e-03,3.329305812424304678e-02,8.470483627365165899e-03
1.041666666666666714e+02,3.329305368311265279e-02,8.470481848968028013e-03,3.329305812424304678e-02,8.470483627365165899e-03
1.052083333333333286e+02,3.329305368311265279e-02,8.470481848968028013e-03,3.329305812424304678e-02,8.470483627365165899e-03
1.062500000000000000e+02,3.329305368311265279e-02,8.470481848968028013e-03,3.329305812424304678e-02,8.470483627365165899e-03
1.072916666666666714e+02,3.329305368311265279e-02,8.470481848968028013e-03,3.329305812424304678e-02,8.470483627365165899e-03
1.083333333333333286e+02,3.329305368311265279e-02,8.470481848968028013e-03,3.329305812424304678e-02,8.470483627365165899e-03
1.093750000000000000e+02,3.329305368311265279e-02,8.470481848968028013e-03,3.329305812424304678e-02,8.470483627365165899e-03
1.104166666666666714e+02,3.329305368311265279e-02,8.470481848968028013e-03,3.329305812424304678e-02,8.470483627365165899e-03
1.114583333333333286e+02,3.329305368311265279e-02,8.470481848968028013e-03,3.329305812424304678e-02,8.470483627365165899e-03
1.125000000000000000e+02,3.329305368311265279e-02,8.470481848968028013e-03,3.329305812424304678e-02,8.470483627365165899e-03
1.135416666666666714e+02,3.329305368311265279e-02,8.470481848968028013e-03,3.329305812424304678e-02,8.470483627365165899e-03
1.145833333333333286e+02,3.329305368311265279e-02,8.470481848968028013e-03,3.329305812424304678e-02,8.470483627365165899e-03
1.156250000000000000e+02,3.329305368311265279e-02,8.470481848968028013e-03,3.329305812424304678e-02,8.470483627365165899e-03
1.166666666666666714e+02,3.329305368311265279e-02,8.470481848968028013e-03,3.329305812424304678e-02,8.470483627365165899e-03
1.177083333333333286e+02,3.082888313368254904e-02,6.472839436638831191e-03,3.082888757481294650e-02,6.472841741637070344e-03
1.187500000000000000e+02,3.082888313368254904e-02,6.472839436638831191e-03,3.082888757481294650e-02,6.472841741637070344e-03
1.197916666666666714e+02,3.082888313368254904e-02,6.472839436638831191e-03,3.082888757481294650e-02,6.472841741637070344e-03
1.208333333333333286e+02,3.082888313368254904e-02,6.472839436638831191e-03,3.082888757481294650e-02,6.472841741637070344e-03
1.218750000000000000e+02,3.082888313368254904e-02,6.472839436638831191e-03,3.082888757481294650e-02,6.472841741637070344e-03
1.229166666666666714e+02,3.082888313368254904e-02,6.472839436638831191e-03,3.082888757481294650e-02,6.472841741637070344e-03
1.239583333333333286e+02,2.636848875120574240e-02,4.374585791996261387e-03,2.636849108864279187e-02,4.374587589292640820e-03
1.250000000000000000e+02,2.594291345745909291e-02,3.767406767725436229e-03,2.594291439243391270e-02,3.767406540691514618e-03
1.260416666666666714e+02,2.594291345745909291e-02,3.767406767725436229e-03,2.594291439243391270e-02,3.767406540691514618e-03
1.270833333333333286e+02,2.594291345745909291e-02,3.767406767725436229e-03,2.594291439243391270e-02,3.767406540691514618e-03
1.281250000000000000e+02,2.594291345745909291e-02,3.767406767725436229e-03,2.594291439243391270e-02,3.767406540691514618e-03
1.291666666666666572e+02,2.594291345745909291e-02,3.767406767725436229e-03,2.594291439243391270e-02,3.767406540691514618e-03
1.302083333333333428e+02,2.594291345745909291e-02,3.767406767725436229e-03,2.594291439243391270e-02,3.767406540691514618e-03
1.312500000000000000e+02,2.594291345745909291e-02,3.767406767725436229e-03,2.594291439243391270e-02,3.767406540691514618e-03
1.322916666666666572e+02,2.385202015147489668e-02,1.320409221864257904e-03,2.385202108644971647e-02,1.320408944226088722e-03
1.333333333333333428e+02,2.385202015147489668e-02,1.320409221864257904e-03,2.385202108644971647e-02,1.320408944226088722e-03
1.343750000000000000e+02,2.385202015147489668e-02,1.320409221864257904e-03,2.385202108644971647e-02,1.320408944226088722e-03
1.354166666666666572e+02,2.385202015147489668e-02,1.320409221864257904e-03,2.385202108644971647e-02,1.320408944226088722e-03
1.364583333333333428e+02,2.385202015147489668e-02,1.320409221864257904e-03,2.385202108644971647e-02,1.320408944226088722e-03
1.375000000000000000e+02,2.385202015147489668e-02,1.320409221864257904e-03,2.385202108644971647e-02,1.320408944226088722e-03
1.385416666666666572e+02,2.385202015147489668e-02,1.320409221864257904e-03,2.385202108644971647e-02,1.320408944226088722e-03
1.395833333333333428e+02,2.385202015147489668e-02,1.320409221864257904e-03,2.385202108644971647e-02,1.320408944226088722e-03
1.406250000000000000e+02,2.385202015147489668e-02,1.320409221864257904e-03,2.385202108644971647e-02,1.320408944226088722e-03
1.416666666666666572e+02,2.385202015147489668e-02,1.320409221864257904e-03,2.385202108644971647e-02,1.320408944226088722e-03
1.427083333333333428e+02,2.385202015147489668e-02,1.320409221864257904e-03,2.385202108644971647e-02,1.320408944226088722e-03
1.437500000000000000e+02,2.385202015147489668e-02,1.320409221864257904e-03,2.385202108644971647e-02,1.320408944226088722e-03
1.447916666666666572e+02,2.385202015147489668e-02,1.320409221864257904e-03,2.385202108644971647e-02,1.320408944226088722e-03
1.458333333333333428e+02,2.385202015147489668e-02,1.320409221864257904e-03,2.385202108644971647e-02,1.320408944226088722e-03
1.468750000000000000e+02,2.385202015147489668e-02,1.320409221864257904e-03,2.385202108644971647e-02,1.320408944226088722e-03
1.479166666666666572e+02,2.302584928624770017e-02,1.419467267493698844e-03,2.302584975373511006e-02,1.419467380254718549e-03
1.489583333333333428e+02,2.302584928624770017e-02,1.419467267493698844e-03,2.302584975373511006e-02,1.419467380254718549e-03
1.500000000000000000e+02,2.302584928624770017e-02,1.419467267493698844e-03,2.302584975373511006e-02,1.419467380254718549e-03
1.510416666666666572e+02,2.302584928624770017e-02,1.419467267493698844e-03,2.302584975373511006e-02,1.419467380254718549e-03
1.520833333333333428e+02,2.302584928624770017e-02,1.419467267493698844e-03,2.302584975373511006e-02,1.419467380254718549e-03
1.531250000000000000e+02,2.302584928624770017e-02,1.419467267493698844e-03,2.302584975373511006e-02,1.419467380254718549e-03
1.541666666666666572e+02,2.302584928624770017e-02,1.419467267493698844e-03,2.302584975373511006e-02,1.419467380254718549e-03
1.552083333333333428e+02,2.302584928624770017e-02,1.419467267493698844e-03,2.302584975373511006e-02,1.419467380254718549e-03
1.562500000000000000e+02,2.302584928624770017e-02,1.419467267493698844e-03,2.302584975373511006e-02,1.419467380254718549e-03
1.572916666666666572e+02,2.302584928624770017e-02,1.419467267493698844e-03,2.302584975373511006e-02,1.419467380254718549e-03
1.583333333333333428e+02,2.302584928624770017e-02,1.419467267493698844e-03,2.302584975373511006e-02,1.419467380254718549e-03
1.593750000000000000e+02,2.302584928624770017e-02,1.419467267493698844e-03,2.302584975373511006e-02,1.419467380254718549e-03
1.604166666666666572e+02,2.302584928624770017e-02,1.419467267493698844e-03,2.302584975373511006e-02,1.419467380254718549e-03
1.614583333333333428e+02,2.288039805842381064e-02,1.488658411713325667e-03,2.288039829216751558e-02,1.488658664953329287e-03
1.625000000000000000e+02,2.288039805842381064e-02,1.488658411713325667e-03,2.288039829216751558e-02,1.488658664953329287e-03
1.635416666666666572e+02,2.288039805842381064e-02,1.488658411713325667e-03,2.288039829216751558e-02,1.488658664953329287e-03
1.645833333333333428e+02,2.288039805842381064e-02,1.488658411713325667e-03,2.288039829216751558e-02,1.488658664953329287e-03
1.656250000000000000e+02,2.288039805842381064e-02,1.488658411713325667e-03,2.288039829216751558e-02,1.488658664953329287e-03
1.666666666666666572e+02,2.288039805842381064e-02,1.488658411713325667e-03,2.288039829216751558e-02,1.488658664953329287e-03
1.677083333333333428e+02,2.288039805842381064e-02,1.488658411713325667e-03,2.288039829216751558e-02,1.488658664953329287e-03
1.687500000000000000e+02,2.288039805842381064e-02,1.488658411713325667e-03,2.288039829216751558e-02,1.488658664953329287e-03
1.697916666666666572e+02,2.288039805842381064e-02,1.488658411713325667e-03,2.288039829216751558e-02,1.488658664953329287e-03
1.708333333333333428e+02,2.288039805842381064e-02,1.488658411713325667e-03,2.288039829216751558e-02,1.488658664953329287e-03
1.718750000000000000e+02,2.288039805842381064e-02,1.488658411713325667e-03,2.288039829216751558e-02,1.488658664953329287e-03
1.729166666666666572e+02,2.288039805842381064e-02,1.488658411713325667e-03,2.288039829216751558e-02,1.488658664953329287e-03
1.739583333333333428e+02,2.288039805842381064e-02,1.488658411713325667e-03,2.288039829216751558e-02,1.488658664953329287e-03
1.750000000000000000e+02,2.288039805842381064e-02,1.488658411713325667e-03,2.288039829216751558e-02,1.488658664953329287e-03
1.760416666666666572e+02,2.288039805842381064e-02,1.488658411713325667e-03,2.288039829216751558e-02,1.488658664953329287e-03
1.770833333333333428e+02,2.288039805842381064e-02,1.488658411713325667e-03,2.288039829216751558e-02,1.488658664953329287e-03
1.781250000000000000e+02,2.284274638867845805e-02,1.467449991609450595e-03,2.284274615493474964e-02,1.467449983280420854e-03
1.791666666666666572e+02,2.284274638867845805e-02,1.467449991609450595e-03,2.284274615493474964e-02,1.467449983280420854e-03
1.802083333333333428e+02,2.284274638867845805e-02,1.467449991609450595e-03,2.284274615493474964e-02,1.467449983280420854e-03
1.812500000000000000e+02,2.284274638867845805e-02,1.467449991609450595e-03,2.284274615493474964e-02,1.467449983280420854e-03
1.822916666666666572e+02,2.284274638867845805e-02,1.467449991609450595e-03,2.284274615493474964e-02,1.467449983280420854e-03
1.833333333333333428e+02,2.187030946507173557e-02,1.272233799340759383e-03,2.187030934819988309e-02,1.272233669832085199e-03
1.843750000000000000e+02,2.187030946507173557e-02,1.272233799340759383e-03,2.187030934819988309e-02,1.272233669832085199e-03
1.854166666666666572e+02,2.187030946507173557e-02,1.272233799340759383e-03,2.187030934819988309e-02,1.272233669832085199e-03
1.864583333333333428e+02,2.187030946507173557e-02,1.272233799340759383e-03,2.187030934819988309e-02,1.272233669832085199e-03
1.875000000000000000e+02,2.187030946507173557e-02,1.272233799340759383e-03,2.187030934819988309e-02,1.272233669832085199e-03
1.885416666666666572e+02,2.187030946507173557e-02,1.272233799340759383e-03,2.187030934819988309e-02,1.272233669832085199e-03
1.895833333333333428e+02,2.187030946507173557e-02,1.272233799340759383e-03,2.187030934819988309e-02,1.272233669832085199e-03
1.906250000000000000e+02,2.187030946507173557e-02,1.272233799340759383e-03,2.187030934819988309e-02,1.272233669832085199e-03
1.916666666666666572e+02,2.187030946507173557e-02,1.272233799340759383e-03,2.187030934819988309e-02,1.272233669832085199e-03
1.927083333333333428e+02,2.187030946507173557e-02,1.272233799340759383e-03,2.187030934819988309e-02,1.272233669832085199e-03
1.937500000000000000e+02,2.187030946507173557e-02,1.272233799340759383e-03,2.187030934819988309e-02,1.272233669832085199e-03
1.947916666666666572e+02,2.187030946507173557e-02,1.272233799340759383e-03,2.187030934819988309e-02,1.272233669832085199e-03
1.958333333333333428e+02,2.187030946507173557e-02,1.272233799340759383e-03,2.187030934819988309e-02,1.272233669832085199e-03
1.968750000000000000e+02,2.187030946507173557e-02,1.272233799340759383e-03,2.187030934819988309e-02,1.272233669832085199e-03
1.979166666666666572e+02,2.187030946507173557e-02,1.272233799340759383e-03,2.187030934819988309e-02,1.272233669832085199e-03
1.989583333333333428e+02,2.187030946507173557e-02,1.272233799340759383e-03,2.187030934819988309e-02,1.272233669832085199e-03
2.000000000000000000e+02,2.187030946507173557e-02,1.272233799340759383e-03,2.187030934819988309e-02,1.272233669832085199e-03
2.010416666666666572e+02,2.187030946507173557e-02,1.272233799340759383e-03,2.187030934819988309e-02,1.272233669832085199e-03
2.020833333333333428e+02,2.162471098058364044e-02,1.097264194640066356e-03,2.162471109745548944e-02,1.097264158882988502e-03
2.031250000000000000e+02,2.162471098058364044e-02,1.097264194640066356e-03,2.162471109745548944e-02,1.097264158882988502e-03
2.041666666666666572e+02,2.162471098058364044e-02,1.097264194640066356e-03,2.162471109745548944e-02,1.097264158882988502e-03
2.052083333333333428e+02,2.162471098058364044e-02,1.097264194640066356e-03,2.162471109745548944e-02,1.097264158882988502e-03
2.062500000000000000e+02,2.153490267547906664e-02,1.012673841893399571e-03,2.153490279235091912e-02,1.012673857564160701e-03
2.072916666666666572e+02,2.145201972886627909e-02,9.864089347392695269e-04,2.145202031322553798e-02,9.864091083074525736e-04
2.083333333333333428e+02,2.145201972886627909e-02,9.864089347392695269e-04,2.145202031322553798e-02,9.864091083074525736e-04
2.093750000000000000e+02,2.145201972886627909e-02,9.864089347392695269e-04,2.145202031322553798e-02,9.864091083074525736e-04
2.104166666666666572e+02,2.145201972886627909e-02,9.864089347392695269e-04,2.145202031322553798e-02,9.864091083074525736e-04
2.114583333333333428e+02,2.133728546254775107e-02,9.824203921071313940e-04,2.133728557941960355e-02,9.824205603324951547e-04
2.125000000000000000e+02,2.133728546254775107e-02,9.824203921071313940e-04,2.133728557941960355e-02,9.824205603324951547e-04
2.135416666666666572e+02,2.133728546254775107e-02,9.824203921071313940e-04,2.133728557941960355e-02,9.824205603324951547e-04
2.145833333333333428e+02,2.133728546254775107e-02,9.824203921071313940e-04,2.133728557941960355e-02,9.824205603324951547e-04
2.156250000000000000e+02,2.086231182603275058e-02,1.172011538173924408e-03,2.086231194290460306e-02,1.172011454207649286e-03
2.166666666666666572e+02,2.086231182603275058e-02,1.172011538173924408e-03,2.086231194290460306e-02,1.172011454207649286e-03
2.177083333333333428e+02,2.086231182603275058e-02,1.172011538173924408e-03,2.086231194290460306e-02,1.172011454207649286e-03
2.187500000000000000e+02,2.086231182603275058e-02,1.172011538173924408e-03,2.086231194290460306e-02,1.172011454207649286e-03
2.197916666666666572e+02,2.086231182603275058e-02,1.172011538173924408e-03,2.086231194290460306e-02,1.172011454207649286e-03
2.208333333333333428e+02,2.086231182603275058e-02,1.172011538173924408e-03,2.086231194290460306e-02,1.172011454207649286e-03
2.218750000000000000e+02,2.086231182603275058e-02,1.172011538173924408e-03,2.086231194290460306e-02,1.172011454207649286e-03
2.229166666666666572e+02,2.075156382485932385e-02,1.079929324175274170e-03,2.075156394173117286e-02,1.079929295972513080e-03
2.239583333333333428e+02,2.075156382485932385e-02,1.079929324175274170e-03,2.075156394173117286e-02,1.079929295972513080e-03
2.250000000000000000e+02,2.075156382485932385e-02,1.079929324175274170e-03,2.075156394173117286e-02,1.079929295972513080e-03
2.260416666666666572e+02,2.075156382485932385e-02,1.079929324175274170e-03,2.075156394173117286e-02,1.079929295972513080e-03
2.270833333333333428e+02,2.075156382485932385e-02,1.079929324175274170e-03,2.075156394173117286e-02,1.079929295972513080e-03
2.281250000000000000e+02,2.075156382485932385e-02,1.079929324175274170e-03,2.075156394173117286e-02,1.079929295972513080e-03
2.291666666666666572e+02,2.075156382485932385e-02,1.079929324175274170e-03,2.075156394173117286e-02,1.079929295972513080e-03
2.302083333333333428e+02,2.075156382485932385e-02,1.079929324175274170e-03,2.075156394173117286e-02,1.079929295972513080e-03
2.312500000000000000e+02,2.075156382485932385e-02,1.079929324175274170e-03,2.075156394173117286e-02,1.079929295972513080e-03
2.322916666666666572e+02,2.075156382485932385e-02,1.079929324175274170e-03,2.075156394173117286e-02,1.079929295972513080e-03
2.333333333333333428e+02,2.075156382485932385e-02,1.079929324175274170e-03,2.075156394173117286e-02,1.079929295972513080e-03
2.343750000000000000e+02,2.075156382485932385e-02,1.079929324175274170e-03,2.075156394173117286e-02,1.079929295972513080e-03
2.354166666666666572e+02,2.075156382485932385e-02,1.079929324175274170e-03,2.075156394173117286e-02,1.079929295972513080e-03
2.364583333333333428e+02,2.075156382485932385e-02,1.079929324175274170e-03,2.075156394173117286e-02,1.079929295972513080e-03
2.375000000000000000e+02,2.033007203363904752e-02,9.504537412922708147e-04,2.033007168302349010e-02,9.504535429044619213e-04
2.385416666666666572e+02,2.033007203363904752e-02,9.504537412922708147e-04,2.033007168302349010e-02,9.504535429044619213e-04
2.395833333333333428e+02,2.008233117122276007e-02,9.922535986191627182e-04,2.008233058686349770e-02,9.922533450661683626e-04
2.406250000000000000e+02,2.008233117122276007e-02,9.922535986191627182e-04,2.008233058686349770e-02,9.922533450661683626e-04
2.416666666666666572e+02,2.008233117122276007e-02,9.922535986191627182e-04,2.008233058686349770e-02,9.922533450661683626e-04
2.427083333333333428e+02,2.008233117122276007e-02,9.922535986191627182e-04,2.008233058686349770e-02,9.922533450661683626e-04
2.437500000000000000e+02,1.996063321244482755e-02,9.381613603705967180e-04,1.996063239434186024e-02,9.381609246664127230e-04
2.447916666666666572e+02,1.996063321244482755e-02,9.381613603705967180e-04,1.996063239434186024e-02,9.381609246664127230e-04
2.458333333333333428e+02,1.996063321244482755e-02,9.381613603705967180e-04,1.996063239434186024e-02,9.381609246664127230e-04
2.468750000000000000e+02,1.996063321244482755e-02,9.381613603705967180e-04,1.996063239434186024e-02,9.381609246664127230e-04
2.479166666666666572e+02,1.996063321244482755e-02,9.381613603705967180e-04,1.996063239434186024e-02,9.381609246664127230e-04
2.489583333333333428e+02,1.996063321244482755e-02,9.381613603705967180e-04,1.996063239434186024e-02,9.381609246664127230e-04
2.500000000000000000e+02,1.996063321244482755e-02,9.381613603705967180e-04,1.996063239434186024e-02,9.381609246664127230e-04
2.510416666666666572e+02,1.996063321244482755e-02,9.381613603705967180e-04,1.996063239434186024e-02,9.381609246664127230e-04
2.520833333333333428e+02,1.996063321244482755e-02,9.381613603705967180e-04,1.996063239434186024e-02,9.381609246664127230e-04
2.531250000000000000e+02,1.996063321244482755e-02,9.381613603705967180e-04,1.996063239434186024e-02,9.381609246664127230e-04
2.541666666666666572e+02,1.996063321244482755e-02,9.381613603705967180e-04,1.996063239434186024e-02,9.381609246664127230e-04
2.552083333333333428e+02,1.996063321244482755e-02,9.381613603705967180e-04,1.996063239434186024e-02,9.381609246664127230e-04
2.562500000000000000e+02,1.996063321244482755e-02,9.381613603705967180e-04,1.996063239434186024e-02,9.381609246664127230e-04
2.572916666666666856e+02,1.996063321244482755e-02,9.381613603705967180e-04,1.996063239434186024e-02,9.381609246664127230e-04
2.583333333333333144e+02,1.995426603392058684e-02,9.357534580170124433e-04,1.995426498207391458e-02,9.357529330796918350e-04
2.593750000000000000e+02,1.983714080324359974e-02,9.083919973029960836e-04,1.983713998514063243e-02,9.083915195156234837e-04
2.604166666666666856e+02,1.983714080324359974e-02,9.083919973029960836e-04,1.983713998514063243e-02,9.083915195156234837e-04
2.614583333333333144e+02,1.983714080324359974e-02,9.083919973029960836e-04,1.983713998514063243e-02,9.083915195156234837e-04
2.625000000000000000e+02,1.983714080324359974e-02,9.083919973029960836e-04,1.983713998514063243e-02,9.083915195156234837e-04
2.635416666666666856e+02,1.983714080324359974e-02,9.083919973029960836e-04,1.983713998514063243e-02,9.083915195156234837e-04
2.645833333333333144e+02,1.983714080324359974e-02,9.083919973029960836e-04,1.983713998514063243e-02,9.083915195156234837e-04
2.656250000000000000e+02,1.983714080324359974e-02,9.083919973029960836e-04,1.983713998514063243e-02,9.083915195156234837e-04
2.666666666666666856e+02,1.983714080324359974e-02,9.083919973029960836e-04,1.983713998514063243e-02,9.083915195156234837e-04
2.677083333333333144e+02,1.983714080324359974e-02,9.083919973029960836e-04,1.983713998514063243e-02,9.083915195156234837e-04
2.687500000000000000e+02,1.957283534255681995e-02,6.576386150379472150e-04,1.957283499194126253e-02,6.576384244324296260e-04
2.697916666666666856e+02,1.957283534255681995e-02,6.576386150379472150e-04,1.957283499194126253e-02,6.576384244324296260e-04
2.708333333333333144e+02,1.957283534255681995e-02,6.576386150379472150e-04,1.957283499194126253e-02,6.576384244324296260e-04
2.718750000000000000e+02,1.957283534255681995e-02,6.576386150379472150e-04,1.957283499194126253e-02,6.576384244324296260e-04
2.729166666666666856e+02,1.957283534255681995e-02,6.576386150379472150e-04,1.957283499194126253e-02,6.576384244324296260e-04
2.739583333333333144e+02,1.957283534255681995e-02,6.576386150379472150e-04,1.957283499194126253e-02,6.576384244324296260e-04
2.750000000000000000e+02,1.957283534255681995e-02,6.576386150379472150e-04,1.957283499194126253e-02,6.576384244324296260e-04
2.760416666666666856e+02,1.957283534255681995e-02,6.576386150379472150e-04,1.957283499194126253e-02,6.576384244324296260e-04
2.770833333333333144e+02,1.957283534255681995e-02,6.576386150379472150e-04,1.957283499194126253e-02,6.576384244324296260e-04
2.781250000000000000e+02,1.957283534255681995e-02,6.576386150379472150e-04,1.957283499194126253e-02,6.576384244324296260e-04
2.791666666666666856e+02,1.957283534255681995e-02,6.576386150379472150e-04,1.957283499194126253e-02,6.576384244324296260e-04
2.802083333333333144e+02,1.957283534255681995e-02,6.576386150379472150e-04,1.957283499194126253e-02,6.576384244324296260e-04
2.812500000000000000e+02,1.957283534255681995e-02,6.576386150379472150e-04,1.957283499194126253e-02,6.576384244324296260e-04
2.822916666666666856e+02,1.957283534255681995e-02,6.576386150379472150e-04,1.957283499194126253e-02,6.576384244324296260e-04
2.833333333333333144e+02,1.957283534255681995e-02,6.576386150379472150e-04,1.957283499194126253e-02,6.576384244324296260e-04
2.843750000000000000e+02,1.957283534255681995e-02,6.576386150379472150e-04,1.957283499194126253e-02,6.576384244324296260e-04
2.854166666666666856e+02,1.957283534255681995e-02,6.576386150379472150e-04,1.957283499194126253e-02,6.576384244324296260e-04
2.864583333333333144e+02,1.957283534255681995e-02,6.576386150379472150e-04,1.957283499194126253e-02,6.576384244324296260e-04
2.875000000000000000e+02,1.956607664332670263e-02,6.541489286057360466e-04,1.956607582522373184e-02,6.541485055305258731e-04
2.885416666666666856e+02,1.956607664332670263e-02,6.541489286057360466e-04,1.956607582522373184e-02,6.541485055305258731e-04
2.895833333333333144e+02,1.956607664332670263e-02,6.541489286057360466e-04,1.956607582522373184e-02,6.541485055305258731e-04
2.906250000000000000e+02,1.956607664332670263e-02,6.541489286057360466e-04,1.956607582522373184e-02,6.541485055305258731e-04
2.916666666666666856e+02,1.956607664332670263e-02,6.541489286057360466e-04,1.956607582522373184e-02,6.541485055305258731e-04
2.927083333333333144e+02,1.956607664332670263e-02,6.541489286057360466e-04,1.956607582522373184e-02,6.541485055305258731e-04
2.937500000000000000e+02,1.956607664332670263e-02,6.541489286057360466e-04,1.956607582522373184e-02,6.541485055305258731e-04
2.947916666666666856e+02,1.956607664332670263e-02,6.541489286057360466e-04,1.956607582522373184e-02,6.541485055305258731e-04
2.958333333333333144e+02,1.956607664332670263e-02,6.541489286057360466e-04,1.956607582522373184e-02,6.541485055305258731e-04
2.968750000000000000e+02,1.956607664332670263e-02,6.541489286057360466e-04,1.956607582522373184e-02,6.541485055305258731e-04
2.979166666666666856e+02,1.956607664332670263e-02,6.541489286057360466e-04,1.956607582522373184e-02,6.541485055305258731e-04
2.989583333333333144e+02,1.956607664332670263e-02,6.541489286057360466e-04,1.956607582522373184e-02,6.541485055305258731e-04
3.000000000000000000e+02,1.946007889859816681e-02,7.104171803191561708e-04,1.946007808049519602e-02,7.104167166424997472e-04
3.010416666666666856e+02,1.946007889859816681e-02,7.104171803191561708e-04,1.946007808049519602e-02,7.104167166424997472e-04
3.020833333333333144e+02,1.932995214181787783e-02,6.476932082779634191e-04,1.932995108997120209e-02,6.476924759100209780e-04
3.031250000000000000e+02,1.923366609741659558e-02,5.947706704370628534e-04,1.923366481182621837e-02,5.947697387125270045e-04
3.041666666666666856e+02,1.919211698513404937e-02,5.836106383501584631e-04,1.919211569954367216e-02,5.836096659274281253e-04
3.052083333333333144e+02,1.919211698513404937e-02,5.836106383501584631e-04,1.919211569954367216e-02,5.836096659274281253e-04
3.062500000000000000e+02,1.919211698513404937e-02,5.836106383501584631e-04,1.919211569954367216e-02,5.836096659274281253e-04
3.072916666666666856e+02,1.919211698513404937e-02,5.836106383501584631e-04,1.919211569954367216e-02,5.836096659274281253e-04
3.083333333333333144e+02,1.919211698513404937e-02,5.836106383501584631e-04,1.919211569954367216e-02,5.836096659274281253e-04
3.093750000000000000e+02,1.919211698513404937e-02,5.836106383501584631e-04,1.919211569954367216e-02,5.836096659274281253e-04
3.104166666666666856e+02,1.916515979112363294e-02,5.651084597280630565e-04,1.916515920676437057e-02,5.651079753019823187e-04
3.114583333333333144e+02,1.916515979112363294e-02,5.651084597280630565e-04,1.916515920676437057e-02,5.651079753019823187e-04
3.125000000000000000e+02,1.916515979112363294e-02,5.651084597280630565e-04,1.916515920676437057e-02,5.651079753019823187e-04
3.135416666666666856e+02,1.916515979112363294e-02,5.651084597280630565e-04,1.916515920676437057e-02,5.651079753019823187e-04
3.145833333333333144e+02,1.916515979112363294e-02,5.651084597280630565e-04,1.916515920676437057e-02,5.651079753019823187e-04
3.156250000000000000e+02,1.916515979112363294e-02,5.651084597280630565e-04,1.916515920676437057e-02,5.651079753019823187e-04
3.166666666666666856e+02,1.916515979112363294e-02,5.651084597280630565e-04,1.916515920676437057e-02,5.651079753019823187e-04
3.177083333333333144e+02,1.916515979112363294e-02,5.651084597280630565e-04,1.916515920676437057e-02,5.651079753019823187e-04
3.187500000000000000e+02,1.916515979112363294e-02,5.651084597280630565e-04,1.916515920676437057e-02,5.651079753019823187e-04
3.197916666666666856e+02,1.916515979112363294e-02,5.651084597280630565e-04,1.916515920676437057e-02,5.651079753019823187e-04
3.208333333333333144e+02,1.916515979112363294e-02,5.651084597280630565e-04,1.916515920676437057e-02,5.651079753019823187e-04
3.218750000000000000e+02,1.916515979112363294e-02,5.651084597280630565e-04,1.916515920676437057e-02,5.651079753019823187e-04
3.229166666666666856e+02,1.916515979112363294e-02,5.651084597280630565e-04,1.916515920676437057e-02,5.651079753019823187e-04
3.239583333333333144e+02,1.916515979112363294e-02,5.651084597280630565e-04,1.916515920676437057e-02,5.651079753019823187e-04
3.250000000000000000e+02,1.916515979112363294e-02,5.651084597280630565e-04,1.916515920676437057e-02,5.651079753019823187e-04
3.260416666666666856e+02,1.916515979112363294e-02,5.651084597280630565e-04,1.916515920676437057e-02,5.651079753019823187e-04
3.270833333333333144e+02,1.916515979112363294e-02,5.651084597280630565e-04,1.916515920676437057e-02,5.651079753019823187e-04
3.281250000000000000e+02,1.916515979112363294e-02,5.651084597280630565e-04,1.916515920676437057e-02,5.651079753019823187e-04
3.291666666666666856e+02,1.916515979112363294e-02,5.651084597280630565e-04,1.916515920676437057e-02,5.651079753019823187e-04
3.302083333333333144e+02,1.916515979112363294e-02,5.651084597280630565e-04,1.916515920676437057e-02,5.651079753019823187e-04
3.312500000000000000e+02,1.916515979112363294e-02,5.651084597280630565e-04,1.916515920676437057e-02,5.651079753019823187e-04
3.322916666666666856e+02,1.916515979112363294e-02,5.651084597280630565e-04,1.916515920676437057e-02,5.651079753019823187e-04
3.333333333333333144e+02,1.916515979112363294e-02,5.651084597280630565e-04,1.916515920676437057e-02,5.651079753019823187e-04
3.343750000000000000e+02,1.916515979112363294e-02,5.651084597280630565e-04,1.916515920676437057e-02,5.651079753019823187e-04
3.354166666666666856e+02,1.916515979112363294e-02,5.651084597280630565e-04,1.916515920676437057e-02,5.651079753019823187e-04
3.364583333333333144e+02,1.915929294099994601e-02,5.654401714308798614e-04,1.915929259038438859e-02,5.654396758958545217e-04
3.375000000000000000e+02,1.915929294099994601e-02,5.654401714308798614e-04,1.915929259038438859e-02,5.654396758958545217e-04
3.385416666666666856e+02,1.909361364794712537e-02,5.443917518049929067e-04,1.909361399856267932e-02,5.443914309302521747e-04
3.395833333333333144e+02,1.909361364794712537e-02,5.443917518049929067e-04,1.909361399856267932e-02,5.443914309302521747e-04
3.406250000000000000e+02,1.909361364794712537e-02,5.443917518049929067e-04,1.909361399856267932e-02,5.443914309302521747e-04
3.416666666666666856e+02,1.909361364794712537e-02,5.443917518049929067e-04,1.909361399856267932e-02,5.443914309302521747e-04
3.427083333333333144e+02,1.909361364794712537e-02,5.443917518049929067e-04,1.909361399856267932e-02,5.443914309302521747e-04
3.437500000000000000e+02,1.909361364794712537e-02,5.443917518049929067e-04,1.909361399856267932e-02,5.443914309302521747e-04
3.447916666666666856e+02,1.909361364794712537e-02,5.443917518049929067e-04,1.909361399856267932e-02,5.443914309302521747e-04
3.458333333333333144e+02,1.909361364794712537e-02,5.443917518049929067e-04,1.909361399856267932e-02,5.443914309302521747e-04
3.468750000000000000e+02,1.909361364794712537e-02,5.443917518049929067e-04,1.909361399856267932e-02,5.443914309302521747e-04
3.479166666666666856e+02,1.909361364794712537e-02,5.443917518049929067e-04,1.909361399856267932e-02,5.443914309302521747e-04
3.489583333333333144e+02,1.909361364794712537e-02,5.443917518049929067e-04,1.909361399856267932e-02,5.443914309302521747e-04
3.500000000000000000e+02,1.909361364794712537e-02,5.443917518049929067e-04,1.909361399856267932e-02,5.443914309302521747e-04
3.510416666666666856e+02,1.909361364794712537e-02,5.443917518049929067e-04,1.909361399856267932e-02,5.443914309302521747e-04
3.520833333333333144e+02,1.909361364794712537e-02,5.443917518049929067e-04,1.909361399856267932e-02,5.443914309302521747e-04
3.531250000000000000e+02,1.909361364794712537e-02,5.443917518049929067e-04,1.909361399856267932e-02,5.443914309302521747e-04
3.541666666666666856e+02,1.909361364794712537e-02,5.443917518049929067e-04,1.909361399856267932e-02,5.443914309302521747e-04
3.552083333333333144e+02,1.904266464943979442e-02,5.400102038952028609e-04,1.904266488318349590e-02,5.400097807335255042e-04
3.562500000000000000e+02,1.896242066925647382e-02,5.106859050774980625e-04,1.896242078612832282e-02,5.106854435230985447e-04
3.572916666666666856e+02,1.896242066925647382e-02,5.106859050774980625e-04,1.896242078612832282e-02,5.106854435230985447e-04
3.583333333333333144e+02,1.896242066925647382e-02,5.106859050774980625e-04,1.896242078612832282e-02,5.106854435230985447e-04
3.593750000000000000e+02,1.896242066925647382e-02,5.106859050774980625e-04,1.896242078612832282e-02,5.106854435230985447e-04
3.604166666666666856e+02,1.896242066925647382e-02,5.106859050774980625e-04,1.896242078612832282e-02,5.106854435230985447e-04
3.614583333333333144e+02,1.896242066925647382e-02,5.106859050774980625e-04,1.896242078612832282e-02,5.106854435230985447e-04
3.625000000000000000e+02,1.896242066925647382e-02,5.106859050774980625e-04,1.896242078612832282e-02,5.106854435230985447e-04
3.635416666666666856e+02,1.896242066925647382e-02,5.106859050774980625e-04,1.896242078612832282e-02,5.106854435230985447e-04
3.645833333333333144e+02,1.896242066925647382e-02,5.106859050774980625e-04,1.896242078612832282e-02,5.106854435230985447e-04
3.656250000000000000e+02,1.896242066925647382e-02,5.106859050774980625e-04,1.896242078612832282e-02,5.106854435230985447e-04
3.666666666666666856e+02,1.896242066925647382e-02,5.106859050774980625e-04,1.896242078612832282e-02,5.106854435230985447e-04
3.677083333333333144e+02,1.896242066925647382e-02,5.106859050774980625e-04,1.896242078612832282e-02,5.106854435230985447e-04
3.687500000000000000e+02,1.896242066925647382e-02,5.106859050774980625e-04,1.896242078612832282e-02,5.106854435230985447e-04
3.697916666666666856e+02,1.896242066925647382e-02,5.106859050774980625e-04,1.896242078612832282e-02,5.106854435230985447e-04
3.708333333333333144e+02,1.896242066925647382e-02,5.106859050774980625e-04,1.896242078612832282e-02,5.106854435230985447e-04
3.718750000000000000e+02,1.880852007398418207e-02,4.318408226452387258e-04,1.880852030772788702e-02,4.318403057166945395e-04
3.729166666666666856e+02,1.880852007398418207e-02,4.318408226452387258e-04,1.880852030772788702e-02,4.318403057166945395e-04
3.739583333333333144e+02,1.880852007398418207e-02,4.318408226452387258e-04,1.880852030772788702e-02,4.318403057166945395e-04
