0.000000000000000000e+00,4.903275688021790302e+01,1.667555507701415962e+01,4.550497794057807965e+01,1.635962789429239805e+01
1.141666666666666607e+00,3.203379178514667558e+01,1.652473218771376295e+01,2.802254520491057477e+01,1.499393965545546514e+01
2.283333333333333215e+00,2.167997272248361540e+01,1.582660753635332895e+01,1.871660289904650654e+01,1.527744377544416032e+01
3.424999999999999822e+00,3.153185933243994654e+00,1.177812992833294103e+00,2.669538458188374985e+00,1.142384549583998377e+00
4.566666666666666430e+00,2.554115856395048123e+00,1.128495779988673231e+00,1.879745733504201821e+00,1.014912374958994334e+00
5.708333333333333037e+00,1.823664003259995336e+00,6.544370400310206559e-01,1.219729699808008494e+00,5.092725125896612193e-01
6.849999999999999645e+00,1.455075237797756049e+00,6.059870643290359293e-01,8.366486544702567141e-01,3.280011217217188024e-01
7.991666666666666252e+00,1.455075237797756049e+00,6.059870643290359293e-01,8.366486544702567141e-01,3.280011217217188024e-01
9.133333333333332860e+00,1.455075237797756049e+00,6.059870643290359293e-01,8.366486544702567141e-01,3.280011217217188024e-01
1.027500000000000036e+01,1.313084389181698119e+00,5.722348858657186899e-01,7.739379822039136325e-01,3.225040008541401604e-01
1.141666666666666607e+01,1.018283257764928562e+00,5.422025656471314292e-01,6.583134169672050229e-01,3.218579279345785138e-01
1.255833333333333357e+01,1.018283257764928562e+00,5.422025656471314292e-01,6.583134169672050229e-01,3.218579279345785138e-01
1.369999999999999929e+01,9.328283905982972524e-01,5.620141016042351501e-01,5.958055271821863785e-01,3.353230994611597904e-01
1.484166666666666679e+01,9.328283905982972524e-01,5.620141016042351501e-01,5.958055271821863785e-01,3.353230994611597904e-01
1.598333333333333250e+01,7.518330197708278373e-01,5.475707164407174199e-01,3.919765491111605327e-01,2.196381110372913614e-01
1.712500000000000000e+01,7.443836667958427800e-01,5.457235493097472023e-01,3.858008445477952852e-01,2.187363201392796552e-01
1.826666666666666572e+01,7.258775549776413927e-01,5.488415489451520246e-01,3.785883291094910286e-01,2.201752095483738014e-01
1.940833333333333499e+01,7.258775549776413927e-01,5.488415489451520246e-01,3.785883291094910286e-01,2.201752095483738014e-01
2.055000000000000071e+01,4.001556384797189669e-01,1.730232133783078108e-01,2.724556834089989499e-01,1.118924664327661106e-01
2.169166666666666643e+01,4.001556384797189669e-01,1.730232133783078108e-01,2.724556834089989499e-01,1.118924664327661106e-01
2.283333333333333215e+01,3.621774306484296657e-01,1.714174736521572040e-01,2.347530257468129489e-01,1.093075738442722544e-01
2.397500000000000142e+01,3.621774306484296657e-01,1.714174736521572040e-01,2.347530257468129489e-01,1.093075738442722544e-01
2.511666666666666714e+01,3.621774306484296657e-01,1.714174736521572040e-01,2.347530257468129489e-01,1.093075738442722544e-01
2.625833333333333286e+01,3.621774306484296657e-01,1.714174736521572040e-01,2.347530257468129489e-01,1.093075738442722544e-01
2.739999999999999858e+01,3.507765690485635801e-01,1.760032347233337069e-01,2.245692860846425221e-01,1.130761060202995355e-01
2.854166666666666785e+01,3.465436930749929978e-01,1.775320751253033624e-01,2.202033650641347928e-01,1.144149441757610214e-01
2.968333333333333357e+01,3.465436930749929978e-01,1.775320751253033624e-01,2.202033650641347928e-01,1.144149441757610214e-01
3.082499999999999929e+01,3.465436930749929978e-01,1.775320751253033624e-01,2.202033650641347928e-01,1.144149441757610214e-01
3.196666666666666501e+01,3.460480199140660296e-01,1.777250802630542803e-01,2.196830001531862864e-01,1.145984376566558383e-01
3.310833333333333428e+01,3.460480199140660296e-01,1.777250802630542803e-01,2.196830001531862864e-01,1.145984376566558383e-01
3.425000000000000000e+01,2.833913106544344584e-01,1.568585690373709707e-01,1.929795096902286178e-01,9.929413334866871166e-02
3.539166666666666572e+01,2.833913106544344584e-01,1.568585690373709707e-01,1.929795096902286178e-01,9.929413334866871166e-02
3.653333333333333144e+01,3.065192217920340578e-01,1.852726902908769513e-01,1.899517994300991830e-01,9.645286502824433617e-02
3.767499999999999716e+01,3.065192217920340578e-01,1.852726902908769513e-01,1.899517994300991830e-01,9.645286502824433617e-02
3.881666666666666998e+01,2.998850742975870398e-01,1.816844679949785046e-01,1.865553911994485559e-01,9.352414160795353981e-02
3.995833333333333570e+01,2.998850742975870398e-01,1.816844679949785046e-01,1.865553911994485559e-01,9.352414160795353981e-02
4.110000000000000142e+01,2.998850742975870398e-01,1.816844679949785046e-01,1.865553911994485559e-01,9.352414160795353981e-02
4.224166666666666714e+01,2.998850742975870398e-01,1.816844679949785046e-01,1.865553911994485559e-01,9.352414160795353981e-02
4.338333333333333286e+01,2.998850742975870398e-01,1.816844679949785046e-01,1.865553911994485559e-01,9.352414160795353981e-02
4.452499999999999858e+01,2.998850742975870398e-01,1.816844679949785046e-01,1.865553911994485559e-01,9.352414160795353981e-02
4.566666666666666430e+01,2.998850742975870398e-01,1.816844679949785046e-01,1.865553911994485559e-01,9.352414160795353981e-02
4.680833333333333002e+01,2.998850742975870398e-01,1.816844679949785046e-01,1.865553911994485559e-01,9.352414160795353981e-02
4.795000000000000284e+01,2.998850742975870398e-01,1.816844679949785046e-01,1.865553911994485559e-01,9.352414160795353981e-02
4.909166666666666856e+01,2.998850742975870398e-01,1.816844679949785046e-01,1.865553911994485559e-01,9.352414160795353981e-02
5.023333333333333428e+01,2.998850742975870398e-01,1.816844679949785046e-01,1.865553911994485559e-01,9.352414160795353981e-02
5.137500000000000000e+01,2.998850742975870398e-01,1.816844679949785046e-01,1.865553911994485559e-01,9.352414160795353981e-02
5.251666666666666572e+01,2.029627701815436835e-01,9.674301482561278864e-02,1.554427219372169766e-01,7.733429384198861611e-02
5.365833333333333144e+01,1.985621330784816396e-01,9.810975500268338811e-02,1.533403429330564005e-01,7.805309557880577009e-02
5.479999999999999716e+01,1.985621330784816396e-01,9.810975500268338811e-02,1.533403429330564005e-01,7.805309557880577009e-02
5.594166666666666998e+01,1.985621330784816396e-01,9.810975500268338811e-02,1.533403429330564005e-01,7.805309557880577009e-02
5.708333333333333570e+01,1.985621330784816396e-01,9.810975500268338811e-02,1.533403429330564005e-01,7.805309557880577009e-02
5.822500000000000142e+01,1.806213958590638380e-01,1.005930318971734044e-01,1.252849873374490275e-01,7.452295557971991280e-02
5.936666666666666714e+01,1.806213958590638380e-01,1.005930318971734044e-01,1.252849873374490275e-01,7.452295557971991280e-02
6.050833333333333286e+01,1.806213958590638380e-01,1.005930318971734044e-01,1.252849873374490275e-01,7.452295557971991280e-02
6.164999999999999858e+01,1.806213958590638380e-01,1.005930318971734044e-01,1.252849873374490275e-01,7.452295557971991280e-02
6.279166666666666430e+01,1.806213958590638380e-01,1.005930318971734044e-01,1.252849873374490275e-01,7.452295557971991280e-02
6.393333333333333002e+01,1.806213958590638380e-01,1.005930318971734044e-01,1.252849873374490275e-01,7.452295557971991280e-02
6.507500000000000284e+01,1.806213958590638380e-01,1.005930318971734044e-01,1.252849873374490275e-01,7.452295557971991280e-02
6.621666666666666856e+01,1.806213958590638380e-01,1.005930318971734044e-01,1.252849873374490275e-01,7.452295557971991280e-02
6.735833333333333428e+01,1.806213958590638380e-01,1.005930318971734044e-01,1.252849873374490275e-01,7.452295557971991280e-02
6.850000000000000000e+01,1.806213958590638380e-01,1.005930318971734044e-01,1.252849873374490275e-01,7.452295557971991280e-02
6.964166666666666572e+01,1.806213958590638380e-01,1.005930318971734044e-01,1.252849873374490275e-01,7.452295557971991280e-02
7.078333333333333144e+01,1.806213958590638380e-01,1.005930318971734044e-01,1.252849873374490275e-01,7.452295557971991280e-02
7.192499999999999716e+01,1.806213958590638380e-01,1.005930318971734044e-01,1.252849873374490275e-01,7.452295557971991280e-02
7.306666666666666288e+01,1.806213958590638380e-01,1.005930318971734044e-01,1.252849873374490275e-01,7.452295557971991280e-02
7.420833333333332860e+01,1.806213958590638380e-01,1.005930318971734044e-01,1.252849873374490275e-01,7.452295557971991280e-02
7.534999999999999432e+01,1.806213958590638380e-01,1.005930318971734044e-01,1.252849873374490275e-01,7.452295557971991280e-02
7.649166666666666003e+01,1.806213958590638380e-01,1.005930318971734044e-01,1.252849873374490275e-01,7.452295557971991280e-02
7.763333333333333997e+01,1.806213958590638380e-01,1.005930318971734044e-01,1.252849873374490275e-01,7.452295557971991280e-02
7.877500000000000568e+01,1.816130170635148477e-01,1.002689831267883358e-01,1.247252511043174666e-01,7.469245586932721226e-02
7.991666666666667140e+01,1.816130170635148477e-01,1.002689831267883358e-01,1.247252511043174666e-01,7.469245586932721226e-02
8.105833333333333712e+01,1.816130170635148477e-01,1.002689831267883358e-01,1.247252511043174666e-01,7.469245586932721226e-02
8.220000000000000284e+01,1.816130170635148477e-01,1.002689831267883358e-01,1.247252511043174666e-01,7.469245586932721226e-02
8.334166666666666856e+01,1.420461804259057215e-01,6.303973021163973567e-02,9.574478654300463965e-02,4.524045706695733332e-02
8.448333333333333428e+01,1.420461804259057215e-01,6.303973021163973567e-02,9.574478654300463965e-02,4.524045706695733332e-02
8.562500000000000000e+01,1.414435849470250806e-01,6.322490321287101145e-02,9.493935341928519400e-02,4.543383089908462069e-02
8.676666666666666572e+01,1.414435849470250806e-01,6.322490321287101145e-02,9.493935341928519400e-02,4.543383089908462069e-02
8.790833333333333144e+01,1.414435849470250806e-01,6.322490321287101145e-02,9.493935341928519400e-02,4.543383089908462069e-02
8.904999999999999716e+01,1.414435849470250806e-01,6.322490321287101145e-02,9.493935341928519400e-02,4.543383089908462069e-02
9.019166666666666288e+01,1.414435849470250806e-01,6.322490321287101145e-02,9.493935341928519400e-02,4.543383089908462069e-02
9.133333333333332860e+01,1.414435849470250806e-01,6.322490321287101145e-02,9.493935341928519400e-02,4.543383089908462069e-02
9.247499999999999432e+01,1.414435849470250806e-01,6.322490321287101145e-02,9.493935341928519400e-02,4.543383089908462069e-02
9.361666666666666003e+01,1.414435849470250806e-01,6.322490321287101145e-02,9.493935341928519400e-02,4.543383089908462069e-02
9.475833333333333997e+01,1.375157687009549712e-01,6.478051920731285607e-02,9.286964337031046457e-02,4.618638698944125404e-02
9.590000000000000568e+01,1.375157687009549712e-01,6.478051920731285607e-02,9.286964337031046457e-02,4.618638698944125404e-02
9.704166666666667140e+01,1.375157687009549712e-01,6.478051920731285607e-02,9.286964337031046457e-02,4.618638698944125404e-02
9.818333333333333712e+01,1.258265657752168087e-01,6.089030228131166178e-02,8.924460668189852786e-02,4.495690792865222885e-02
9.932500000000000284e+01,1.258265657752168087e-01,6.089030228131166178e-02,8.924460668189852786e-02,4.495690792865222885e-02
1.004666666666666686e+02,1.258265657752168087e-01,6.089030228131166178e-02,8.924460668189852786e-02,4.495690792865222885e-02
1.016083333333333343e+02,1.258265657752168087e-01,6.089030228131166178e-02,8.924460668189852786e-02,4.495690792865222885e-02
1.027500000000000000e+02,1.249490414180007558e-01,6.122620581895145409e-02,8.848116725098853497e-02,4.521637681295233302e-02
1.038916666666666657e+02,1.249490414180007558e-01,6.122620581895145409e-02,8.848116725098853497e-02,4.521637681295233302e-02
1.050333333333333314e+02,1.249490414180007558e-01,6.122620581895145409e-02,8.848116725098853497e-02,4.521637681295233302e-02
1.061749999999999972e+02,1.248061569298014872e-01,6.128340218073995843e-02,8.832668930876488855e-02,4.527222183419215423e-02
1.073166666666666629e+02,1.248061569298014872e-01,6.128340218073995843e-02,8.832668930876488855e-02,4.527222183419215423e-02
1.084583333333333286e+02,1.248061569298014872e-01,6.128340218073995843e-02,8.832668930876488855e-02,4.527222183419215423e-02
1.095999999999999943e+02,1.248061569298014872e-01,6.128340218073995843e-02,8.832668930876488855e-02,4.527222183419215423e-02
1.107416666666666600e+02,1.248061569298014872e-01,6.128340218073995843e-02,8.832668930876488855e-02,4.527222183419215423e-02
1.118833333333333400e+02,1.248061569298014872e-01,6.128340218073995843e-02,8.832668930876488855e-02,4.527222183419215423e-02
1.130250000000000057e+02,1.248061569298014872e-01,6.128340218073995843e-02,8.832668930876488855e-02,4.527222183419215423e-02
1.141666666666666714e+02,1.085447494890175585e-01,4.707522724393083807e-02,7.777018967796774096e-02,3.512786631241612834e-02
1.153083333333333371e+02,1.085447494890175585e-01,4.707522724393083807e-02,7.777018967796774096e-02,3.512786631241612834e-02
1.164500000000000028e+02,1.085447494890175585e-01,4.707522724393083807e-02,7.777018967796774096e-02,3.512786631241612834e-02
1.175916666666666686e+02,1.085447494890175585e-01,4.707522724393083807e-02,7.777018967796774096e-02,3.512786631241612834e-02
1.187333333333333343e+02,1.040696065799862763e-01,4.640043365250847568e-02,7.232756848428763263e-02,3.384580303879701491e-02
1.198750000000000000e+02,9.053348337902741849e-02,4.216535106062255234e-02,6.862916899662392656e-02,3.366909606304240021e-02
1.210166666666666657e+02,9.053348337902741849e-02,4.216535106062255234e-02,6.862916899662392656e-02,3.366909606304240021e-02
1.221583333333333314e+02,9.053348337902741849e-02,4.216535106062255234e-02,6.862916899662392656e-02,3.366909606304240021e-02
1.232999999999999972e+02,9.053348337902741849e-02,4.216535106062255234e-02,6.862916899662392656e-02,3.366909606304240021e-02
1.244416666666666629e+02,9.053348337902741849e-02,4.216535106062255234e-02,6.862916899662392656e-02,3.366909606304240021e-02
1.255833333333333286e+02,7.672311149391472518e-02,3.096305675870760291e-02,6.244156734616148480e-02,2.802069948833655483e-02
1.267249999999999943e+02,7.672311149391472518e-02,3.096305675870760291e-02,6.244156734616148480e-02,2.802069948833655483e-02
1.278666666666666600e+02,7.672311149391472518e-02,3.096305675870760291e-02,6.244156734616148480e-02,2.802069948833655483e-02
1.290083333333333258e+02,7.672311149391472518e-02,3.096305675870760291e-02,6.244156734616148480e-02,2.802069948833655483e-02
1.301500000000000057e+02,7.672311149391472518e-02,3.096305675870760291e-02,6.244156734616148480e-02,2.802069948833655483e-02
1.312916666666666572e+02,7.672311149391472518e-02,3.096305675870760291e-02,6.244156734616148480e-02,2.802069948833655483e-02
1.324333333333333371e+02,7.672311149391472518e-02,3.096305675870760291e-02,6.244156734616148480e-02,2.802069948833655483e-02
1.335749999999999886e+02,7.672311149391472518e-02,3.096305675870760291e-02,6.244156734616148480e-02,2.802069948833655483e-02
1.347166666666666686e+02,7.672311149391472518e-02,3.096305675870760291e-02,6.244156734616148480e-02,2.802069948833655483e-02
1.358583333333333201e+02,7.672311149391472518e-02,3.096305675870760291e-02,6.244156734616148480e-02,2.802069948833655483e-02
1.370000000000000000e+02,7.672311149391472518e-02,3.096305675870760291e-02,6.244156734616148480e-02,2.802069948833655483e-02
1.381416666666666799e+02,7.672311149391472518e-02,3.096305675870760291e-02,6.244156734616148480e-02,2.802069948833655483e-02
1.392833333333333314e+02,7.672311149391472518e-02,3.096305675870760291e-02,6.244156734616148480e-02,2.802069948833655483e-02
1.404250000000000114e+02,7.672311149391472518e-02,3.096305675870760291e-02,6.244156734616148480e-02,2.802069948833655483e-02
1.415666666666666629e+02,7.672311149391472518e-02,3.096305675870760291e-02,6.244156734616148480e-02,2.802069948833655483e-02
1.427083333333333428e+02,7.672311149391472518e-02,3.096305675870760291e-02,6.244156734616148480e-02,2.802069948833655483e-02
1.438499999999999943e+02,7.672311149391472518e-02,3.096305675870760291e-02,6.244156734616148480e-02,2.802069948833655483e-02
1.449916666666666742e+02,7.672311149391472518e-02,3.096305675870760291e-02,6.244156734616148480e-02,2.802069948833655483e-02
1.461333333333333258e+02,7.672311149391472518e-02,3.096305675870760291e-02,6.244156734616148480e-02,2.802069948833655483e-02
1.472750000000000057e+02,7.672311149391472518e-02,3.096305675870760291e-02,6.244156734616148480e-02,2.802069948833655483e-02
1.484166666666666572e+02,6.403010370684604491e-02,1.954323406168473332e-02,5.033669284745758560e-02,1.934818489634907573e-02
1.495583333333333371e+02,6.403010370684604491e-02,1.954323406168473332e-02,5.033669284745758560e-02,1.934818489634907573e-02
1.506999999999999886e+02,6.403010370684604491e-02,1.954323406168473332e-02,5.033669284745758560e-02,1.934818489634907573e-02
1.518416666666666686e+02,6.403010370684604491e-02,1.954323406168473332e-02,5.033669284745758560e-02,1.934818489634907573e-02
1.529833333333333201e+02,6.403010370684604491e-02,1.954323406168473332e-02,5.033669284745758560e-02,1.934818489634907573e-02
1.541250000000000000e+02,6.403010370684604491e-02,1.954323406168473332e-02,5.033669284745758560e-02,1.934818489634907573e-02
1.552666666666666799e+02,6.403010370684604491e-02,1.954323406168473332e-02,5.033669284745758560e-02,1.934818489634907573e-02
1.564083333333333314e+02,6.403010370684604491e-02,1.954323406168473332e-02,5.033669284745758560e-02,1.934818489634907573e-02
1.575500000000000114e+02,6.403010370684604491e-02,1.954323406168473332e-02,5.033669284745758560e-02,1.934818489634907573e-02
1.586916666666666629e+02,6.067891880577686026e-02,1.928734149451237848e-02,4.834328375610650458e-02,1.937055566555978200e-02
1.598333333333333428e+02,6.067891880577686026e-02,1.928734149451237848e-02,4.834328375610650458e-02,1.937055566555978200e-02
1.609749999999999943e+02,6.067891880577686026e-02,1.928734149451237848e-02,4.834328375610650458e-02,1.937055566555978200e-02
1.621166666666666742e+02,6.067891880577686026e-02,1.928734149451237848e-02,4.834328375610650458e-02,1.937055566555978200e-02
1.632583333333333258e+02,6.067891880577686026e-02,1.928734149451237848e-02,4.834328375610650458e-02,1.937055566555978200e-02
1.644000000000000057e+02,6.067891880577686026e-02,1.928734149451237848e-02,4.834328375610650458e-02,1.937055566555978200e-02
1.655416666666666572e+02,6.123556354466606899e-02,1.923933475624785283e-02,4.816542887220195274e-02,1.939496300211081270e-02
1.666833333333333371e+02,6.123556354466606899e-02,1.923933475624785283e-02,4.816542887220195274e-02,1.939496300211081270e-02
1.678249999999999886e+02,6.123556354466606899e-02,1.923933475624785283e-02,4.816542887220195274e-02,1.939496300211081270e-02
1.689666666666666686e+02,6.007527381766075703e-02,1.820505167835179128e-02,4.425962485519109590e-02,1.473210082810792222e-02
1.701083333333333201e+02,6.007527381766075703e-02,1.820505167835179128e-02,4.425962485519109590e-02,1.473210082810792222e-02
1.712500000000000000e+02,6.007527381766075703e-02,1.820505167835179128e-02,4.425962485519109590e-02,1.473210082810792222e-02
1.723916666666666799e+02,6.007527381766075703e-02,1.820505167835179128e-02,4.425962485519109590e-02,1.473210082810792222e-02
1.735333333333333314e+02,6.144887197251412692e-02,1.834106367766072387e-02,4.405203753826664875e-02,1.472300329988388001e-02
1.746750000000000114e+02,6.144887197251412692e-02,1.834106367766072387e-02,4.405203753826664875e-02,1.472300329988388001e-02
1.758166666666666629e+02,6.144887197251412692e-02,1.834106367766072387e-02,4.405203753826664875e-02,1.472300329988388001e-02
1.769583333333333428e+02,6.144887197251412692e-02,1.834106367766072387e-02,4.405203753826664875e-02,1.472300329988388001e-02
1.780999999999999943e+02,6.144887197251412692e-02,1.834106367766072387e-02,4.405203753826664875e-02,1.472300329988388001e-02
1.792416666666666742e+02,6.144887197251412692e-02,1.834106367766072387e-02,4.405203753826664875e-02,1.472300329988388001e-02
1.803833333333333258e+02,6.144887197251412692e-02,1.834106367766072387e-02,4.405203753826664875e-02,1.472300329988388001e-02
1.815250000000000057e+02,6.144887197251412692e-02,1.834106367766072387e-02,4.405203753826664875e-02,1.472300329988388001e-02
1.826666666666666572e+02,5.945905108077853551e-02,1.689521908229041705e-02,3.960780302683512832e-02,1.089658289597060688e-02
1.838083333333333371e+02,5.945905108077853551e-02,1.689521908229041705e-02,3.960780302683512832e-02,1.089658289597060688e-02
1.849499999999999886e+02,5.945905108077853551e-02,1.689521908229041705e-02,3.960780302683512832e-02,1.089658289597060688e-02
1.860916666666666686e+02,5.945905108077853551e-02,1.689521908229041705e-02,3.960780302683512832e-02,1.089658289597060688e-02
1.872333333333333201e+02,5.945905108077853551e-02,1.689521908229041705e-02,3.960780302683512832e-02,1.089658289597060688e-02
1.883750000000000000e+02,5.945905108077853551e-02,1.689521908229041705e-02,3.960780302683512832e-02,1.089658289597060688e-02
1.895166666666666799e+02,5.945905108077853551e-02,1.689521908229041705e-02,3.960780302683512832e-02,1.089658289597060688e-02
1.906583333333333314e+02,5.697588838782965265e-02,1.673891336878170419e-02,3.803420604444017472e-02,1.093224307533498946e-02
1.918000000000000114e+02,5.697588838782965265e-02,1.673891336878170419e-02,3.803420604444017472e-02,1.093224307533498946e-02
1.929416666666666629e+02,5.697588838782965265e-02,1.673891336878170419e-02,3.803420604444017472e-02,1.093224307533498946e-02
1.940833333333333428e+02,5.697588838782965265e-02,1.673891336878170419e-02,3.803420604444017472e-02,1.093224307533498946e-02
1.952249999999999943e+02,5.697588838782965265e-02,1.673891336878170419e-02,3.803420604444017472e-02,1.093224307533498946e-02
1.963666666666666742e+02,5.697588838782965265e-02,1.673891336878170419e-02,3.803420604444017472e-02,1.093224307533498946e-02
1.975083333333333258e+02,5.697588838782965265e-02,1.673891336878170419e-02,3.803420604444017472e-02,1.093224307533498946e-02
1.986500000000000057e+02,5.697588838782965265e-02,1.673891336878170419e-02,3.803420604444017472e-02,1.093224307533498946e-02
1.997916666666666572e+02,5.393008823488273235e-02,1.473374659240158507e-02,3.628812046612010789e-02,9.457651977927739734e-03
2.009333333333333371e+02,5.393008823488273235e-02,1.473374659240158507e-02,3.628812046612010789e-02,9.457651977927739734e-03
2.020749999999999886e+02,5.393008823488273235e-02,1.473374659240158507e-02,3.628812046612010789e-02,9.457651977927739734e-03
2.032166666666666686e+02,5.393008823488273235e-02,1.473374659240158507e-02,3.628812046612010789e-02,9.457651977927739734e-03
2.043583333333333201e+02,5.393008823488273235e-02,1.473374659240158507e-02,3.628812046612010789e-02,9.457651977927739734e-03
2.055000000000000000e+02,5.393008823488273235e-02,1.473374659240158507e-02,3.628812046612010789e-02,9.457651977927739734e-03
2.066416666666666799e+02,5.393008823488273235e-02,1.473374659240158507e-02,3.628812046612010789e-02,9.457651977927739734e-03
2.077833333333333314e+02,5.046683468070685408e-02,1.544633828325540220e-02,3.444866444550308271e-02,9.831486867997181467e-03
2.089250000000000114e+02,5.046683468070685408e-02,1.544633828325540220e-02,3.444866444550308271e-02,9.831486867997181467e-03
2.100666666666666629e+02,5.046683468070685408e-02,1.544633828325540220e-02,3.444866444550308271e-02,9.831486867997181467e-03
2.112083333333333428e+02,5.046683468070685408e-02,1.544633828325540220e-02,3.444866444550308271e-02,9.831486867997181467e-03
2.123499999999999943e+02,5.084150199796640124e-02,1.545394740143864187e-02,3.441704032467861329e-02,9.835207229706969048e-03
2.134916666666666742e+02,5.084150199796640124e-02,1.545394740143864187e-02,3.441704032467861329e-02,9.835207229706969048e-03
2.146333333333333258e+02,5.084150199796640124e-02,1.545394740143864187e-02,3.441704032467861329e-02,9.835207229706969048e-03
2.157750000000000057e+02,5.084150199796640124e-02,1.545394740143864187e-02,3.441704032467861329e-02,9.835207229706969048e-03
2.169166666666666572e+02,5.084150199796640124e-02,1.545394740143864187e-02,3.441704032467861329e-02,9.835207229706969048e-03
2.180583333333333371e+02,5.084150199796640124e-02,1.545394740143864187e-02,3.441704032467861329e-02,9.835207229706969048e-03
2.191999999999999886e+02,5.084150199796640124e-02,1.545394740143864187e-02,3.441704032467861329e-02,9.835207229706969048e-03
2.203416666666666686e+02,5.084150199796640124e-02,1.545394740143864187e-02,3.441704032467861329e-02,9.835207229706969048e-03
2.214833333333333201e+02,5.084150199796640124e-02,1.545394740143864187e-02,3.441704032467861329e-02,9.835207229706969048e-03
2.226250000000000000e+02,5.084150199796640124e-02,1.545394740143864187e-02,3.441704032467861329e-02,9.835207229706969048e-03
2.237666666666666799e+02,5.084150199796640124e-02,1.545394740143864187e-02,3.441704032467861329e-02,9.835207229706969048e-03
2.249083333333333314e+02,5.084150199796640124e-02,1.545394740143864187e-02,3.441704032467861329e-02,9.835207229706969048e-03
2.260500000000000114e+02,5.084150199796640124e-02,1.545394740143864187e-02,3.441704032467861329e-02,9.835207229706969048e-03
2.271916666666666629e+02,5.084150199796640124e-02,1.545394740143864187e-02,3.441704032467861329e-02,9.835207229706969048e-03
2.283333333333333428e+02,5.084150199796640124e-02,1.545394740143864187e-02,3.441704032467861329e-02,9.835207229706969048e-03
2.294749999999999943e+02,5.084150199796640124e-02,1.545394740143864187e-02,3.441704032467861329e-02,9.835207229706969048e-03
2.306166666666666742e+02,5.084150199796640124e-02,1.545394740143864187e-02,3.441704032467861329e-02,9.835207229706969048e-03
2.317583333333333258e+02,5.084150199796640124e-02,1.545394740143864187e-02,3.441704032467861329e-02,9.835207229706969048e-03
2.329000000000000057e+02,5.084150199796640124e-02,1.545394740143864187e-02,3.441704032467861329e-02,9.835207229706969048e-03
2.340416666666666572e+02,5.084150199796640124e-02,1.545394740143864187e-02,3.441704032467861329e-02,9.835207229706969048e-03
2.351833333333333371e+02,5.084150199796640124e-02,1.545394740143864187e-02,3.441704032467861329e-02,9.835207229706969048e-03
2.363249999999999886e+02,5.084150199796640124e-02,1.545394740143864187e-02,3.441704032467861329e-02,9.835207229706969048e-03
2.374666666666666686e+02,5.084150199796640124e-02,1.545394740143864187e-02,3.441704032467861329e-02,9.835207229706969048e-03
2.386083333333333201e+02,5.084150199796640124e-02,1.545394740143864187e-02,3.441704032467861329e-02,9.835207229706969048e-03
2.397500000000000000e+02,5.084150199796640124e-02,1.545394740143864187e-02,3.441704032467861329e-02,9.835207229706969048e-03
2.408916666666666799e+02,5.084150199796640124e-02,1.545394740143864187e-02,3.441704032467861329e-02,9.835207229706969048e-03
2.420333333333333314e+02,5.084150199796640124e-02,1.545394740143864187e-02,3.441704032467861329e-02,9.835207229706969048e-03
2.431750000000000114e+02,5.084150199796640124e-02,1.545394740143864187e-02,3.441704032467861329e-02,9.835207229706969048e-03
2.443166666666666629e+02,5.084150199796640124e-02,1.545394740143864187e-02,3.441704032467861329e-02,9.835207229706969048e-03
2.454583333333333428e+02,5.084150199796640124e-02,1.545394740143864187e-02,3.441704032467861329e-02,9.835207229706969048e-03
2.465999999999999943e+02,5.084150199796640124e-02,1.545394740143864187e-02,3.441704032467861329e-02,9.835207229706969048e-03
2.477416666666666742e+02,5.084150199796640124e-02,1.545394740143864187e-02,3.441704032467861329e-02,9.835207229706969048e-03
2.488833333333333258e+02,5.084150199796640124e-02,1.545394740143864187e-02,3.441704032467861329e-02,9.835207229706969048e-03
2.500250000000000057e+02,5.084150199796640124e-02,1.545394740143864187e-02,3.441704032467861329e-02,9.835207229706969048e-03
2.511666666666666572e+02,5.084150199796640124e-02,1.545394740143864187e-02,3.441704032467861329e-02,9.835207229706969048e-03
2.523083333333333371e+02,4.523700019892525070e-02,1.333907647408498140e-02,3.207180838958890307e-02,8.644224926615895824e-03
2.534499999999999886e+02,4.523700019892525070e-02,1.333907647408498140e-02,3.207180838958890307e-02,8.644224926615895824e-03
2.545916666666666686e+02,4.468948642412821914e-02,1.355909745716151436e-02,3.175179479168910995e-02,8.748228900309908476e-03
2.557333333333333201e+02,4.468948642412821914e-02,1.355909745716151436e-02,3.175179479168910995e-02,8.748228900309908476e-03
2.568750000000000000e+02,4.468948642412821914e-02,1.355909745716151436e-02,3.175179479168910995e-02,8.748228900309908476e-03
2.580166666666666515e+02,4.468948642412821914e-02,1.355909745716151436e-02,3.175179479168910995e-02,8.748228900309908476e-03
2.591583333333333599e+02,4.468948642412821914e-02,1.355909745716151436e-02,3.175179479168910995e-02,8.748228900309908476e-03
2.603000000000000114e+02,4.468948642412821914e-02,1.355909745716151436e-02,3.175179479168910995e-02,8.748228900309908476e-03
2.614416666666666629e+02,4.468948642412821914e-02,1.355909745716151436e-02,3.175179479168910995e-02,8.748228900309908476e-03
2.625833333333333144e+02,4.468948642412821914e-02,1.355909745716151436e-02,3.175179479168910995e-02,8.748228900309908476e-03
2.637250000000000227e+02,4.468948642412821914e-02,1.355909745716151436e-02,3.175179479168910995e-02,8.748228900309908476e-03
2.648666666666666742e+02,4.468948642412821914e-02,1.355909745716151436e-02,3.175179479168910995e-02,8.748228900309908476e-03
2.660083333333333258e+02,4.468948642412821914e-02,1.355909745716151436e-02,3.175179479168910995e-02,8.748228900309908476e-03
2.671499999999999773e+02,4.468948642412821914e-02,1.355909745716151436e-02,3.175179479168910995e-02,8.748228900309908476e-03
2.682916666666666856e+02,4.468948642412821914e-02,1.355909745716151436e-02,3.175179479168910995e-02,8.748228900309908476e-03
2.694333333333333371e+02,4.468948642412821914e-02,1.355909745716151436e-02,3.175179479168910995e-02,8.748228900309908476e-03
2.705749999999999886e+02,4.468948642412821914e-02,1.355909745716151436e-02,3.175179479168910995e-02,8.748228900309908476e-03
2.717166666666666401e+02,4.468948642412821914e-02,1.355909745716151436e-02,3.175179479168910995e-02,8.748228900309908476e-03
2.728583333333333485e+02,4.468948642412821914e-02,1.355909745716151436e-02,3.175179479168910995e-02,8.748228900309908476e-03
2.740000000000000000e+02,4.468948642412821914e-02,1.355909745716151436e-02,3.175179479168910995e-02,8.748228900309908476e-03
2.751416666666666515e+02,4.468948642412821914e-02,1.355909745716151436e-02,3.175179479168910995e-02,8.748228900309908476e-03
2.762833333333333599e+02,4.468948642412821914e-02,1.355909745716151436e-02,3.175179479168910995e-02,8.748228900309908476e-03
2.774250000000000114e+02,4.468948642412821914e-02,1.355909745716151436e-02,3.175179479168910995e-02,8.748228900309908476e-03
2.785666666666666629e+02,4.468948642412821914e-02,1.355909745716151436e-02,3.175179479168910995e-02,8.748228900309908476e-03
2.797083333333333144e+02,4.468948642412821914e-02,1.355909745716151436e-02,3.175179479168910995e-02,8.748228900309908476e-03
2.808500000000000227e+02,4.468948642412821914e-02,1.355909745716151436e-02,3.175179479168910995e-02,8.748228900309908476e-03
2.819916666666666742e+02,4.468948642412821914e-02,1.355909745716151436e-02,3.175179479168910995e-02,8.748228900309908476e-03
2.831333333333333258e+02,4.468948642412821914e-02,1.355909745716151436e-02,3.175179479168910995e-02,8.748228900309908476e-03
2.842749999999999773e+02,4.468948642412821914e-02,1.355909745716151436e-02,3.175179479168910995e-02,8.748228900309908476e-03
2.854166666666666856e+02,4.468948642412821914e-02,1.355909745716151436e-02,3.175179479168910995e-02,8.748228900309908476e-03
2.865583333333333371e+02,4.468948642412821914e-02,1.355909745716151436e-02,3.175179479168910995e-02,8.748228900309908476e-03
2.876999999999999886e+02,4.468948642412821914e-02,1.355909745716151436e-02,3.175179479168910995e-02,8.748228900309908476e-03
2.888416666666666401e+02,4.857281832134022898e-02,1.701677168516666991e-02,3.163600330259285637e-02,8.646391001360047290e-03
2.899833333333333485e+02,4.857281832134022898e-02,1.701677168516666991e-02,3.163600330259285637e-02,8.646391001360047290e-03
2.911250000000000000e+02,4.857281832134022898e-02,1.701677168516666991e-02,3.163600330259285637e-02,8.646391001360047290e-03
2.922666666666666515e+02,4.857281832134022898e-02,1.701677168516666991e-02,3.163600330259285637e-02,8.646391001360047290e-03
2.934083333333333599e+02,4.857281832134022898e-02,1.701677168516666991e-02,3.163600330259285637e-02,8.646391001360047290e-03
2.945500000000000114e+02,4.857281832134022898e-02,1.701677168516666991e-02,3.163600330259285637e-02,8.646391001360047290e-03
2.956916666666666629e+02,4.857281832134022898e-02,1.701677168516666991e-02,3.163600330259285637e-02,8.646391001360047290e-03
2.968333333333333144e+02,4.857281832134022898e-02,1.701677168516666991e-02,3.163600330259285637e-02,8.646391001360047290e-03
2.979750000000000227e+02,4.857281832134022898e-02,1.701677168516666991e-02,3.163600330259285637e-02,8.646391001360047290e-03
2.991166666666666742e+02,4.857281832134022898e-02,1.701677168516666991e-02,3.163600330259285637e-02,8.646391001360047290e-03
3.002583333333333258e+02,4.857281832134022898e-02,1.701677168516666991e-02,3.163600330259285637e-02,8.646391001360047290e-03
3.013999999999999773e+02,4.857281832134022898e-02,1.701677168516666991e-02,3.163600330259285637e-02,8.646391001360047290e-03
3.025416666666666856e+02,4.545836249987283972e-02,1.512104000761519546e-02,3.142908542763953039e-02,8.457926808748036582e-03
3.036833333333333371e+02,4.545836249987283972e-02,1.512104000761519546e-02,3.142908542763953039e-02,8.457926808748036582e-03
3.048249999999999886e+02,4.545836249987283972e-02,1.512104000761519546e-02,3.142908542763953039e-02,8.457926808748036582e-03
3.059666666666666401e+02,4.545836249987283972e-02,1.512104000761519546e-02,3.142908542763953039e-02,8.457926808748036582e-03
3.071083333333333485e+02,4.545836249987283972e-02,1.512104000761519546e-02,3.142908542763953039e-02,8.457926808748036582e-03
3.082500000000000000e+02,4.545836249987283972e-02,1.512104000761519546e-02,3.142908542763953039e-02,8.457926808748036582e-03
3.093916666666666515e+02,4.545836249987283972e-02,1.512104000761519546e-02,3.142908542763953039e-02,8.457926808748036582e-03
3.105333333333333599e+02,4.545836249987283972e-02,1.512104000761519546e-02,3.142908542763953039e-02,8.457926808748036582e-03
3.116750000000000114e+02,4.545836249987283972e-02,1.512104000761519546e-02,3.142908542763953039e-02,8.457926808748036582e-03
3.128166666666666629e+02,4.545836249987283972e-02,1.512104000761519546e-02,3.142908542763953039e-02,8.457926808748036582e-03
3.139583333333333144e+02,4.545836249987283972e-02,1.512104000761519546e-02,3.142908542763953039e-02,8.457926808748036582e-03
3.151000000000000227e+02,4.545836249987283972e-02,1.512104000761519546e-02,3.142908542763953039e-02,8.457926808748036582e-03
3.162416666666666742e+02,4.450439062773012960e-02,1.540329011817810796e-02,3.128710938434973998e-02,8.505362984953144037e-03
3.173833333333333258e+02,4.450439062773012960e-02,1.540329011817810796e-02,3.128710938434973998e-02,8.505362984953144037e-03
3.185249999999999773e+02,4.450439062773012960e-02,1.540329011817810796e-02,3.128710938434973998e-02,8.505362984953144037e-03
3.196666666666666856e+02,4.450439062773012960e-02,1.540329011817810796e-02,3.128710938434973998e-02,8.505362984953144037e-03
3.208083333333333371e+02,4.450439062773012960e-02,1.540329011817810796e-02,3.128710938434973998e-02,8.505362984953144037e-03
3.219499999999999886e+02,4.450439062773012960e-02,1.540329011817810796e-02,3.128710938434973998e-02,8.505362984953144037e-03
3.230916666666666401e+02,4.450439062773012960e-02,1.540329011817810796e-02,3.128710938434973998e-02,8.505362984953144037e-03
3.242333333333333485e+02,4.450439062773012960e-02,1.540329011817810796e-02,3.128710938434973998e-02,8.505362984953144037e-03
3.253750000000000000e+02,4.450439062773012960e-02,1.540329011817810796e-02,3.128710938434973998e-02,8.505362984953144037e-03
3.265166666666666515e+02,4.450439062773012960e-02,1.540329011817810796e-02,3.128710938434973998e-02,8.505362984953144037e-03
3.276583333333333599e+02,4.450439062773012960e-02,1.540329011817810796e-02,3.128710938434973998e-02,8.505362984953144037e-03
3.288000000000000114e+02,4.243505480242711070e-02,1.580345558027683450e-02,2.940345067603914939e-02,8.476325517113405747e-03
3.299416666666666629e+02,4.243505480242711070e-02,1.580345558027683450e-02,2.940345067603914939e-02,8.476325517113405747e-03
3.310833333333333144e+02,4.243505480242711070e-02,1.580345558027683450e-02,2.940345067603914939e-02,8.476325517113405747e-03
3.322250000000000227e+02,4.243505480242711070e-02,1.580345558027683450e-02,2.940345067603914939e-02,8.476325517113405747e-03
3.333666666666666742e+02,4.243505480242711070e-02,1.580345558027683450e-02,2.940345067603914939e-02,8.476325517113405747e-03
3.345083333333333258e+02,4.243505480242711070e-02,1.580345558027683450e-02,2.940345067603914939e-02,8.476325517113405747e-03
3.356499999999999773e+02,4.243505480242711070e-02,1.580345558027683450e-02,2.940345067603914939e-02,8.476325517113405747e-03
3.367916666666666856e+02,4.243505480242711070e-02,1.580345558027683450e-02,2.940345067603914939e-02,8.476325517113405747e-03
3.379333333333333371e+02,4.243505480242711070e-02,1.580345558027683450e-02,2.940345067603914939e-02,8.476325517113405747e-03
3.390749999999999886e+02,4.243505480242711070e-02,1.580345558027683450e-02,2.940345067603914939e-02,8.476325517113405747e-03
3.402166666666666401e+02,4.243505480242711070e-02,1.580345558027683450e-02,2.940345067603914939e-02,8.476325517113405747e-03
3.413583333333333485e+02,4.243505480242711070e-02,1.580345558027683450e-02,2.940345067603914939e-02,8.476325517113405747e-03
3.425000000000000000e+02,4.243505480242711070e-02,1.580345558027683450e-02,2.940345067603914939e-02,8.476325517113405747e-03
3.436416666666666515e+02,4.124077406584047978e-02,1.567087976876751013e-02,2.902632530997781291e-02,8.468150827430130298e-03
3.447833333333333599e+02,4.124077406584047978e-02,1.567087976876751013e-02,2.902632530997781291e-02,8.468150827430130298e-03
3.459250000000000114e+02,4.124077406584047978e-02,1.567087976876751013e-02,2.902632530997781291e-02,8.468150827430130298e-03
3.470666666666666629e+02,4.124077406584047978e-02,1.567087976876751013e-02,2.902632530997781291e-02,8.468150827430130298e-03
3.482083333333333144e+02,4.124077406584047978e-02,1.567087976876751013e-02,2.902632530997781291e-02,8.468150827430130298e-03
3.493500000000000227e+02,4.124077406584047978e-02,1.567087976876751013e-02,2.902632530997781291e-02,8.468150827430130298e-03
3.504916666666666742e+02,4.124077406584047978e-02,1.567087976876751013e-02,2.902632530997781291e-02,8.468150827430130298e-03
3.516333333333333258e+02,4.124077406584047978e-02,1.567087976876751013e-02,2.902632530997781291e-02,8.468150827430130298e-03
3.527749999999999773e+02,3.943123642136069085e-02,1.585824696902771516e-02,2.771584707147934853e-02,8.729506020235347843e-03
3.539166666666666856e+02,3.768511858640932743e-02,1.369559157716318358e-02,2.754285569284476570e-02,8.563357990070345760e-03
3.550583333333333371e+02,3.768511858640932743e-02,1.369559157716318358e-02,2.754285569284476570e-02,8.563357990070345760e-03
3.561999999999999886e+02,3.768511858640932743e-02,1.369559157716318358e-02,2.754285569284476570e-02,8.563357990070345760e-03
3.573416666666666401e+02,3.768511858640932743e-02,1.369559157716318358e-02,2.754285569284476570e-02,8.563357990070345760e-03
3.584833333333333485e+02,3.768511858640932743e-02,1.369559157716318358e-02,2.754285569284476570e-02,8.563357990070345760e-03
3.596250000000000000e+02,3.768511858640932743e-02,1.369559157716318358e-02,2.754285569284476570e-02,8.563357990070345760e-03
3.607666666666666515e+02,3.768511858640932743e-02,1.369559157716318358e-02,2.754285569284476570e-02,8.563357990070345760e-03
3.619083333333333599e+02,3.476206239532021736e-02,1.054905096644377822e-02,2.673359244477515120e-02,7.853582478270932851e-03
3.630500000000000114e+02,3.476206239532021736e-02,1.054905096644377822e-02,2.673359244477515120e-02,7.853582478270932851e-03
3.641916666666666629e+02,3.476206239532021736e-02,1.054905096644377822e-02,2.673359244477515120e-02,7.853582478270932851e-03
3.653333333333333144e+02,3.476206239532021736e-02,1.054905096644377822e-02,2.673359244477515120e-02,7.853582478270932851e-03
3.664750000000000227e+02,3.476206239532021736e-02,1.054905096644377822e-02,2.673359244477515120e-02,7.853582478270932851e-03
3.676166666666666742e+02,3.448244181333803837e-02,1.043068213882292553e-02,2.600957716212553422e-02,7.861512131781328225e-03
3.687583333333333258e+02,3.448244181333803837e-02,1.043068213882292553e-02,2.600957716212553422e-02,7.861512131781328225e-03
3.698999999999999773e+02,3.448244181333803837e-02,1.043068213882292553e-02,2.600957716212553422e-02,7.861512131781328225e-03
3.710416666666666856e+02,3.448244181333803837e-02,1.043068213882292553e-02,2.600957716212553422e-02,7.861512131781328225e-03
3.721833333333333371e+02,3.448244181333803837e-02,1.043068213882292553e-02,2.600957716212553422e-02,7.861512131781328225e-03
3.733249999999999886e+02,3.448244181333803837e-02,1.043068213882292553e-02,2.600957716212553422e-02,7.861512131781328225e-03
3.744666666666666401e+02,3.448244181333803837e-02,1.043068213882292553e-02,2.600957716212553422e-02,7.861512131781328225e-03
3.756083333333333485e+02,3.448244181333803837e-02,1.043068213882292553e-02,2.600957716212553422e-02,7.861512131781328225e-03
3.767500000000000000e+02,3.313754458053439628e-02,9.296585172219267931e-03,2.392379138983932382e-02,6.678488367720251603e-03
3.778916666666666515e+02,3.313754458053439628e-02,9.296585172219267931e-03,2.392379138983932382e-02,6.678488367720251603e-03
3.790333333333333599e+02,3.313754458053439628e-02,9.296585172219267931e-03,2.392379138983932382e-02,6.678488367720251603e-03
3.801750000000000114e+02,3.313754458053439628e-02,9.296585172219267931e-03,2.392379138983932382e-02,6.678488367720251603e-03
3.813166666666666629e+02,3.313754458053439628e-02,9.296585172219267931e-03,2.392379138983932382e-02,6.678488367720251603e-03
3.824583333333333144e+02,3.313754458053439628e-02,9.296585172219267931e-03,2.392379138983932382e-02,6.678488367720251603e-03
3.836000000000000227e+02,3.313754458053439628e-02,9.296585172219267931e-03,2.392379138983932382e-02,6.678488367720251603e-03
3.847416666666666742e+02,3.313754458053439628e-02,9.296585172219267931e-03,2.392379138983932382e-02,6.678488367720251603e-03
3.858833333333333258e+02,3.313754458053439628e-02,9.296585172219267931e-03,2.392379138983932382e-02,6.678488367720251603e-03
3.870249999999999773e+02,3.313754458053439628e-02,9.296585172219267931e-03,2.392379138983932382e-02,6.678488367720251603e-03
3.881666666666666856e+02,3.313754458053439628e-02,9.296585172219267931e-03,2.392379138983932382e-02,6.678488367720251603e-03
3.893083333333333371e+02,3.313754458053439628e-02,9.296585172219267931e-03,2.392379138983932382e-02,6.678488367720251603e-03
3.904499999999999886e+02,3.313754458053439628e-02,9.296585172219267931e-03,2.392379138983932382e-02,6.678488367720251603e-03
3.915916666666666401e+02,3.313754458053439628e-02,9.296585172219267931e-03,2.392379138983932382e-02,6.678488367720251603e-03
3.927333333333333485e+02,3.313754458053439628e-02,9.296585172219267931e-03,2.392379138983932382e-02,6.678488367720251603e-03
3.938750000000000000e+02,3.313754458053439628e-02,9.296585172219267931e-03,2.392379138983932382e-02,6.678488367720251603e-03
3.950166666666666515e+02,3.313754458053439628e-02,9.296585172219267931e-03,2.392379138983932382e-02,6.678488367720251603e-03
3.961583333333333599e+02,3.313754458053439628e-02,9.296585172219267931e-03,2.392379138983932382e-02,6.678488367720251603e-03
3.973000000000000114e+02,3.313754458053439628e-02,9.296585172219267931e-03,2.392379138983932382e-02,6.678488367720251603e-03
3.984416666666666629e+02,3.313754458053439628e-02,9.296585172219267931e-03,2.392379138983932382e-02,6.678488367720251603e-03
3.995833333333333144e+02,3.313754458053439628e-02,9.296585172219267931e-03,2.392379138983932382e-02,6.678488367720251603e-03
4.007250000000000227e+02,3.313754458053439628e-02,9.296585172219267931e-03,2.392379138983932382e-02,6.678488367720251603e-03
4.018666666666666742e+02,3.313754458053439628e-02,9.296585172219267931e-03,2.392379138983932382e-02,6.678488367720251603e-03
4.030083333333333258e+02,3.313754458053439628e-02,9.296585172219267931e-03,2.392379138983932382e-02,6.678488367720251603e-03
4.041499999999999773e+02,3.313754458053439628e-02,9.296585172219267931e-03,2.392379138983932382e-02,6.678488367720251603e-03
4.052916666666666856e+02,3.313754458053439628e-02,9.296585172219267931e-03,2.392379138983932382e-02,6.678488367720251603e-03
4.064333333333333371e+02,3.313754458053439628e-02,9.296585172219267931e-03,2.392379138983932382e-02,6.678488367720251603e-03
4.075749999999999886e+02,3.313754458053439628e-02,9.296585172219267931e-03,2.392379138983932382e-02,6.678488367720251603e-03
4.087166666666666401e+02,3.313754458053439628e-02,9.296585172219267931e-03,2.392379138983932382e-02,6.678488367720251603e-03
4.098583333333333485e+02,3.313754458053439628e-02,9.296585172219267931e-03,2.392379138983932382e-02,6.678488367720251603e-03
