loss,test,done,timesteps_total,episodes_total,training_iteration,experiment_id,date,timestamp,time_this_iter_s,time_total_s,pid,hostname,node_ip,time_since_restore,timesteps_since_restore,iterations_since_restore,trial_id,config/lr,config/weight_decay,config/b1,config/b2,config/droupout_prob,config/eps
3862.1158088235293,3647.2956495098038,False,,,1,d2797704b2a4485f9fc9583a7c95cd19,2021-04-05_16-05-04,1617631504,0.03405404090881348,0.03405404090881348,14248,antoine-HP-Spectre-Laptop-13-af0xx,192.168.1.24,0.03405404090881348,0,1,ea33f9b6,0.07838325672140214,0.08598693888461593,0.9402919904840822,0.9948785281664483,0.14082759319816646,18.04845340472179
loss,test,done,timesteps_total,episodes_total,training_iteration,experiment_id,date,timestamp,time_this_iter_s,time_total_s,pid,hostname,node_ip,time_since_restore,timesteps_since_restore,iterations_since_restore,trial_id,config/lr,config/weight_decay,config/b1,config/b2,config/droupout_prob,config/eps
21.712000229779413,34.55957509957108,False,,,1,bca1204694e4406691d9247887ac1598,2021-04-05_16-05-04,1617631504,0.020946979522705078,0.020946979522705078,14246,antoine-HP-Spectre-Laptop-13-af0xx,192.168.1.24,0.020946979522705078,0,1,ea3c1c68,0.030563687562957482,0.006461560015530962,0.9407536063494736,0.995922204369441,0.5499458276962428,18.524557932775657
loss,test,done,timesteps_total,episodes_total,training_iteration,experiment_id,date,timestamp,time_this_iter_s,time_total_s,pid,hostname,node_ip,time_since_restore,timesteps_since_restore,iterations_since_restore,trial_id,config/lr,config/weight_decay,config/b1,config/b2,config/droupout_prob,config/eps
237.62134267769608,238.16318167892157,False,,,1,e76b804e7b9c452e9ccdca196384daad,2021-04-05_16-05-04,1617631504,0.015206336975097656,0.015206336975097656,14250,antoine-HP-Spectre-Laptop-13-af0xx,192.168.1.24,0.015206336975097656,0,1,ea394614,0.0422406748125438,0.05884454393207843,0.9037811653881818,0.9982822982996419,0.5828934600923273,18.45952438795907
16.65891280828738,19.61154114966299,False,,,2,bca1204694e4406691d9247887ac1598,2021-04-05_16-05-04,1617631504,0.014765024185180664,0.03571200370788574,14246,antoine-HP-Spectre-Laptop-13-af0xx,192.168.1.24,0.03571200370788574,0,2,ea3c1c68,0.030563687562957482,0.006461560015530962,0.9407536063494736,0.995922204369441,0.5499458276962428,18.524557932775657
loss,test,done,timesteps_total,episodes_total,training_iteration,experiment_id,date,timestamp,time_this_iter_s,time_total_s,pid,hostname,node_ip,time_since_restore,timesteps_since_restore,iterations_since_restore,trial_id,config/lr,config/weight_decay,config/b1,config/b2,config/droupout_prob,config/eps
23.330317478553923,23.526984719669116,False,,,1,1c8c2c24418b458b893c830247bfbb68,2021-04-05_16-05-04,1617631504,0.022353172302246094,0.022353172302246094,14245,antoine-HP-Spectre-Laptop-13-af0xx,192.168.1.24,0.022353172302246094,0,1,ea41adf4,0.06671021667119051,0.09142804712935543,0.9544102027673381,0.9970769289984043,0.16064835788780624,15.85115700223355
2.995636883903952,2.690020392922794,False,,,3,bca1204694e4406691d9247887ac1598,2021-04-05_16-05-04,1617631504,0.019280195236206055,0.0549921989440918,14246,antoine-HP-Spectre-Laptop-13-af0xx,192.168.1.24,0.0549921989440918,0,3,ea3c1c68,0.030563687562957482,0.006461560015530962,0.9407536063494736,0.995922204369441,0.5499458276962428,18.524557932775657
loss,test,done,timesteps_total,episodes_total,training_iteration,experiment_id,date,timestamp,time_this_iter_s,time_total_s,pid,hostname,node_ip,time_since_restore,timesteps_since_restore,iterations_since_restore,trial_id,config/lr,config/weight_decay,config/b1,config/b2,config/droupout_prob,config/eps
275.5895182291667,295.3183785232843,False,,,1,256e291389d843d98145e075a517898c,2021-04-05_16-05-04,1617631504,0.014301061630249023,0.014301061630249023,14249,antoine-HP-Spectre-Laptop-13-af0xx,192.168.1.24,0.014301061630249023,0,1,ea3fe5b4,0.0965004808843274,0.08919032252130778,0.9032237639340304,0.9996187935445242,0.8015609990081931,11.522822535068341
0.8279306748334099,2.0007150687423407,False,,,4,bca1204694e4406691d9247887ac1598,2021-04-05_16-05-04,1617631504,0.03644251823425293,0.09143471717834473,14246,antoine-HP-Spectre-Laptop-13-af0xx,192.168.1.24,0.09143471717834473,0,4,ea3c1c68,0.030563687562957482,0.006461560015530962,0.9407536063494736,0.995922204369441,0.5499458276962428,18.524557932775657
loss,test,done,timesteps_total,episodes_total,training_iteration,experiment_id,date,timestamp,time_this_iter_s,time_total_s,pid,hostname,node_ip,time_since_restore,timesteps_since_restore,iterations_since_restore,trial_id,config/lr,config/weight_decay,config/b1,config/b2,config/droupout_prob,config/eps
115.60794845281863,132.04516122855392,True,,,1,8371ff74764f49d984aaff2ed9f6a02c,2021-04-05_16-05-04,1617631504,0.018973350524902344,0.018973350524902344,14247,antoine-HP-Spectre-Laptop-13-af0xx,192.168.1.24,0.018973350524902344,0,1,ea3dbffa,0.07827003519931942,0.015454517628240452,0.945929623364063,0.995132940160006,0.18261361958800798,7.6612728642435695
loss,test,done,timesteps_total,episodes_total,training_iteration,experiment_id,date,timestamp,time_this_iter_s,time_total_s,pid,hostname,node_ip,time_since_restore,timesteps_since_restore,iterations_since_restore,trial_id,config/lr,config/weight_decay,config/b1,config/b2,config/droupout_prob,config/eps
7758.5545343137255,8949.873161764706,True,,,1,a37709aa726d41faa78114d637eb1d23,2021-04-05_16-05-04,1617631504,0.014968395233154297,0.014968395233154297,14252,antoine-HP-Spectre-Laptop-13-af0xx,192.168.1.24,0.014968395233154297,0,1,ea37ed78,0.07712953564675178,0.09996949847792737,0.9364186361418669,0.9959606721047006,0.3059557909323565,19.74171359674819
5.787507300283394,5.9301410749846815,False,,,5,bca1204694e4406691d9247887ac1598,2021-04-05_16-05-04,1617631504,0.03122568130493164,0.12266039848327637,14246,antoine-HP-Spectre-Laptop-13-af0xx,192.168.1.24,0.12266039848327637,0,5,ea3c1c68,0.030563687562957482,0.006461560015530962,0.9407536063494736,0.995922204369441,0.5499458276962428,18.524557932775657
loss,test,done,timesteps_total,episodes_total,training_iteration,experiment_id,date,timestamp,time_this_iter_s,time_total_s,pid,hostname,node_ip,time_since_restore,timesteps_since_restore,iterations_since_restore,trial_id,config/lr,config/weight_decay,config/b1,config/b2,config/droupout_prob,config/eps
60.244312959558826,49.30620021446079,False,,,1,a187046aab1a4424a66a4701b51d289c,2021-04-05_16-05-04,1617631504,0.014457941055297852,0.014457941055297852,14251,antoine-HP-Spectre-Laptop-13-af0xx,192.168.1.24,0.014457941055297852,0,1,ea3aa6e4,0.05184858863611781,0.05435163837357283,0.9763424410462167,0.9934878913438262,0.08118360880828873,6.844573106285479
126.39037607230392,100.86161534926471,False,,,2,a187046aab1a4424a66a4701b51d289c,2021-04-05_16-05-05,1617631505,0.030331134796142578,0.04478907585144043,14251,antoine-HP-Spectre-Laptop-13-af0xx,192.168.1.24,0.04478907585144043,0,2,ea3aa6e4,0.05184858863611781,0.05435163837357283,0.9763424410462167,0.9934878913438262,0.08118360880828873,6.844573106285479
70.69578642003677,113.34109796262256,False,,,3,a187046aab1a4424a66a4701b51d289c,2021-04-05_16-05-05,1617631505,0.0377047061920166,0.08249378204345703,14251,antoine-HP-Spectre-Laptop-13-af0xx,192.168.1.24,0.08249378204345703,0,3,ea3aa6e4,0.05184858863611781,0.05435163837357283,0.9763424410462167,0.9934878913438262,0.08118360880828873,6.844573106285479
12.529251397824755,21.290058210784313,False,,,4,a187046aab1a4424a66a4701b51d289c,2021-04-05_16-05-05,1617631505,0.03461503982543945,0.11710882186889648,14251,antoine-HP-Spectre-Laptop-13-af0xx,192.168.1.24,0.11710882186889648,0,4,ea3aa6e4,0.05184858863611781,0.05435163837357283,0.9763424410462167,0.9934878913438262,0.08118360880828873,6.844573106285479
22.52346861596201,22.017939548866423,True,,,5,a187046aab1a4424a66a4701b51d289c,2021-04-05_16-05-05,1617631505,0.045007944107055664,0.16211676597595215,14251,antoine-HP-Spectre-Laptop-13-af0xx,192.168.1.24,0.16211676597595215,0,5,ea3aa6e4,0.05184858863611781,0.05435163837357283,0.9763424410462167,0.9934878913438262,0.08118360880828873,6.844573106285479
loss,test,done,timesteps_total,episodes_total,training_iteration,experiment_id,date,timestamp,time_this_iter_s,time_total_s,pid,hostname,node_ip,time_since_restore,timesteps_since_restore,iterations_since_restore,trial_id,config/lr,config/weight_decay,config/b1,config/b2,config/droupout_prob,config/eps
7.332304113051471,8.795196533203125,False,,,1,316ebc1e2c564f3d82e957221c1abd0e,2021-04-05_16-05-08,1617631508,0.022127389907836914,0.022127389907836914,14414,antoine-HP-Spectre-Laptop-13-af0xx,192.168.1.24,0.022127389907836914,0,1,ea4605ca,0.00431036802077893,0.04034273786906466,0.9118158677194595,0.9966892425214895,0.03288078372024974,15.429219283986296
1.6183775359509038,2.1024774289598653,False,,,2,316ebc1e2c564f3d82e957221c1abd0e,2021-04-05_16-05-08,1617631508,0.036400794982910156,0.05852818489074707,14414,antoine-HP-Spectre-Laptop-13-af0xx,192.168.1.24,0.05852818489074707,0,2,ea4605ca,0.00431036802077893,0.04034273786906466,0.9118158677194595,0.9966892425214895,0.03288078372024974,15.429219283986296
0.2487471711401846,0.23925137987323836,False,,,3,316ebc1e2c564f3d82e957221c1abd0e,2021-04-05_16-05-08,1617631508,0.02163243293762207,0.08016061782836914,14414,antoine-HP-Spectre-Laptop-13-af0xx,192.168.1.24,0.08016061782836914,0,3,ea4605ca,0.00431036802077893,0.04034273786906466,0.9118158677194595,0.9966892425214895,0.03288078372024974,15.429219283986296
loss,test,done,timesteps_total,episodes_total,training_iteration,experiment_id,date,timestamp,time_this_iter_s,time_total_s,pid,hostname,node_ip,time_since_restore,timesteps_since_restore,iterations_since_restore,trial_id,config/lr,config/weight_decay,config/b1,config/b2,config/droupout_prob,config/eps
3.2623434627757355,3.327177459118413,False,,,1,c9687407dfee47eab921b27fa6fcacd7,2021-04-05_16-05-08,1617631508,0.023833036422729492,0.023833036422729492,14424,antoine-HP-Spectre-Laptop-13-af0xx,192.168.1.24,0.023833036422729492,0,1,eb9b32a6,0.02047387970919045,0.014013308545638656,0.9022812226336846,0.9947485867166098,0.9488176306251288,13.931945532729273
loss,test,done,timesteps_total,episodes_total,training_iteration,experiment_id,date,timestamp,time_this_iter_s,time_total_s,pid,hostname,node_ip,time_since_restore,timesteps_since_restore,iterations_since_restore,trial_id,config/lr,config/weight_decay,config/b1,config/b2,config/droupout_prob,config/eps
178.51313572303923,165.47983685661765,False,,,1,6034593c0f3248b4953fa54c7344970c,2021-04-05_16-05-08,1617631508,0.02142047882080078,0.02142047882080078,14423,antoine-HP-Spectre-Laptop-13-af0xx,192.168.1.24,0.02142047882080078,0,1,eb7f0022,0.07113064896803299,0.08728914701519451,0.9206580504748407,0.9922881118986049,0.8030788202924208,13.217550947747384
loss,test,done,timesteps_total,episodes_total,training_iteration,experiment_id,date,timestamp,time_this_iter_s,time_total_s,pid,hostname,node_ip,time_since_restore,timesteps_since_restore,iterations_since_restore,trial_id,config/lr,config/weight_decay,config/b1,config/b2,config/droupout_prob,config/eps
32.539467007506126,38.922035366881126,False,,,1,e90edb4729bd475681ea961308e46c59,2021-04-05_16-05-08,1617631508,0.015235662460327148,0.015235662460327148,14422,antoine-HP-Spectre-Laptop-13-af0xx,192.168.1.24,0.015235662460327148,0,1,eb684e2c,0.044295418855649894,0.07765658883705963,0.9592214387815566,0.9904955709130774,0.7244333446701859,9.666490378321239
loss,test,done,timesteps_total,episodes_total,training_iteration,experiment_id,date,timestamp,time_this_iter_s,time_total_s,pid,hostname,node_ip,time_since_restore,timesteps_since_restore,iterations_since_restore,trial_id,config/lr,config/weight_decay,config/b1,config/b2,config/droupout_prob,config/eps
10.419397690716911,15.74337828393076,True,,,1,2c1c3f16b68f4a22bb5edc3ce6f5acd1,2021-04-05_16-05-08,1617631508,0.014550447463989258,0.014550447463989258,14433,antoine-HP-Spectre-Laptop-13-af0xx,192.168.1.24,0.014550447463989258,0,1,ebcb61ec,0.04978339861639588,0.06824680575009598,0.9088871087515831,0.995000569139257,0.8118223970107886,16.036320616217754
loss,test,done,timesteps_total,episodes_total,training_iteration,experiment_id,date,timestamp,time_this_iter_s,time_total_s,pid,hostname,node_ip,time_since_restore,timesteps_since_restore,iterations_since_restore,trial_id,config/lr,config/weight_decay,config/b1,config/b2,config/droupout_prob,config/eps
17.541609221813726,28.63153913909314,False,,,1,9810b268305e40c9801ef20c13aa8e6e,2021-04-05_16-05-08,1617631508,0.02297830581665039,0.02297830581665039,14436,antoine-HP-Spectre-Laptop-13-af0xx,192.168.1.24,0.02297830581665039,0,1,ec08571e,0.023554173000676994,0.0951241998550308,0.9897197896493504,0.9926003771160792,0.544129308240422,19.583961847880403
1.0471538468903185,1.2939590753293504,False,,,4,316ebc1e2c564f3d82e957221c1abd0e,2021-04-05_16-05-08,1617631508,0.04433751106262207,0.12449812889099121,14414,antoine-HP-Spectre-Laptop-13-af0xx,192.168.1.24,0.12449812889099121,0,4,ea4605ca,0.00431036802077893,0.04034273786906466,0.9118158677194595,0.9966892425214895,0.03288078372024974,15.429219283986296
90.23398246017157,88.05804802389706,False,,,2,e76b804e7b9c452e9ccdca196384daad,2021-04-05_16-05-08,1617631508,0.013659000396728516,0.028865337371826172,14434,antoine-HP-Spectre-Laptop-13-af0xx,192.168.1.24,0.013659000396728516,0,1,ea394614,0.0422406748125438,0.05884454393207843,0.9037811653881818,0.9982822982996419,0.5828934600923273,18.45952438795907
6.344662535424326,6.541374056946998,False,,,2,e90edb4729bd475681ea961308e46c59,2021-04-05_16-05-08,1617631508,0.023556947708129883,0.03879261016845703,14422,antoine-HP-Spectre-Laptop-13-af0xx,192.168.1.24,0.03879261016845703,0,2,eb684e2c,0.044295418855649894,0.07765658883705963,0.9592214387815566,0.9904955709130774,0.7244333446701859,9.666490378321239
262.93367034313724,258.21296721813724,False,,,2,1c8c2c24418b458b893c830247bfbb68,2021-04-05_16-05-08,1617631508,0.029035091400146484,0.05138826370239258,14447,antoine-HP-Spectre-Laptop-13-af0xx,192.168.1.24,0.029035091400146484,0,1,ea41adf4,0.06671021667119051,0.09142804712935543,0.9544102027673381,0.9970769289984043,0.16064835788780624,15.85115700223355
68.72353707107843,57.503714767156865,False,,,2,9810b268305e40c9801ef20c13aa8e6e,2021-04-05_16-05-08,1617631508,0.034044504165649414,0.057022809982299805,14436,antoine-HP-Spectre-Laptop-13-af0xx,192.168.1.24,0.057022809982299805,0,2,ec08571e,0.023554173000676994,0.0951241998550308,0.9897197896493504,0.9926003771160792,0.544129308240422,19.583961847880403
1.2847210753197764,1.917158089432062,False,,,5,316ebc1e2c564f3d82e957221c1abd0e,2021-04-05_16-05-08,1617631508,0.03895092010498047,0.16344904899597168,14414,antoine-HP-Spectre-Laptop-13-af0xx,192.168.1.24,0.16344904899597168,0,5,ea4605ca,0.00431036802077893,0.04034273786906466,0.9118158677194595,0.9966892425214895,0.03288078372024974,15.429219283986296
0.5647529153262868,0.9440626256606158,False,,,3,e90edb4729bd475681ea961308e46c59,2021-04-05_16-05-09,1617631509,0.043473005294799805,0.08226561546325684,14422,antoine-HP-Spectre-Laptop-13-af0xx,192.168.1.24,0.08226561546325684,0,3,eb684e2c,0.044295418855649894,0.07765658883705963,0.9592214387815566,0.9904955709130774,0.7244333446701859,9.666490378321239
32.12136900658701,40.23778818167892,True,,,3,e76b804e7b9c452e9ccdca196384daad,2021-04-05_16-05-08,1617631508,0.03485751152038574,0.06372284889221191,14434,antoine-HP-Spectre-Laptop-13-af0xx,192.168.1.24,0.04851651191711426,0,2,ea394614,0.0422406748125438,0.05884454393207843,0.9037811653881818,0.9982822982996419,0.5828934600923273,18.45952438795907
26.980157590379903,40.84341011795343,False,,,3,9810b268305e40c9801ef20c13aa8e6e,2021-04-05_16-05-09,1617631509,0.02291393280029297,0.07993674278259277,14436,antoine-HP-Spectre-Laptop-13-af0xx,192.168.1.24,0.07993674278259277,0,3,ec08571e,0.023554173000676994,0.0951241998550308,0.9897197896493504,0.9926003771160792,0.544129308240422,19.583961847880403
940.5274969362745,909.750612745098,True,,,3,1c8c2c24418b458b893c830247bfbb68,2021-04-05_16-05-09,1617631509,0.035978078842163086,0.08736634254455566,14447,antoine-HP-Spectre-Laptop-13-af0xx,192.168.1.24,0.06501317024230957,0,2,ea41adf4,0.06671021667119051,0.09142804712935543,0.9544102027673381,0.9970769289984043,0.16064835788780624,15.85115700223355
1.4463735842237286,1.5699259440104167,False,,,4,e90edb4729bd475681ea961308e46c59,2021-04-05_16-05-09,1617631509,0.05818057060241699,0.14044618606567383,14422,antoine-HP-Spectre-Laptop-13-af0xx,192.168.1.24,0.14044618606567383,0,4,eb684e2c,0.044295418855649894,0.07765658883705963,0.9592214387815566,0.9904955709130774,0.7244333446701859,9.666490378321239
8.66934263939951,8.054985495174632,False,,,4,9810b268305e40c9801ef20c13aa8e6e,2021-04-05_16-05-09,1617631509,0.06214022636413574,0.14207696914672852,14436,antoine-HP-Spectre-Laptop-13-af0xx,192.168.1.24,0.14207696914672852,0,4,ec08571e,0.023554173000676994,0.0951241998550308,0.9897197896493504,0.9926003771160792,0.544129308240422,19.583961847880403
17.24029541015625,23.025129729626226,False,,,5,9810b268305e40c9801ef20c13aa8e6e,2021-04-05_16-05-09,1617631509,0.03307032585144043,0.17514729499816895,14436,antoine-HP-Spectre-Laptop-13-af0xx,192.168.1.24,0.17514729499816895,0,5,ec08571e,0.023554173000676994,0.0951241998550308,0.9897197896493504,0.9926003771160792,0.544129308240422,19.583961847880403
1.1950777091232,1.4149045757218903,True,,,5,e90edb4729bd475681ea961308e46c59,2021-04-05_16-05-09,1617631509,0.047695159912109375,0.1881413459777832,14422,antoine-HP-Spectre-Laptop-13-af0xx,192.168.1.24,0.1881413459777832,0,5,eb684e2c,0.044295418855649894,0.07765658883705963,0.9592214387815566,0.9904955709130774,0.7244333446701859,9.666490378321239
loss,test,done,timesteps_total,episodes_total,training_iteration,experiment_id,date,timestamp,time_this_iter_s,time_total_s,pid,hostname,node_ip,time_since_restore,timesteps_since_restore,iterations_since_restore,trial_id,config/lr,config/weight_decay,config/b1,config/b2,config/droupout_prob,config/eps
43.11035634957108,42.292236328125,False,,,1,18ef396d66fa4bef87c37faa4147b5d8,2021-04-05_16-05-11,1617631511,0.07766985893249512,0.07766985893249512,14552,antoine-HP-Spectre-Laptop-13-af0xx,192.168.1.24,0.07766985893249512,0,1,ec2be8dc,0.06683558597655195,0.04971035584234281,0.9377393557889293,0.9986472151367919,0.681101617878705,9.11901516374287
768.7635569852941,806.9325214460785,False,,,2,18ef396d66fa4bef87c37faa4147b5d8,2021-04-05_16-05-11,1617631511,0.04006457328796387,0.11773443222045898,14552,antoine-HP-Spectre-Laptop-13-af0xx,192.168.1.24,0.11773443222045898,0,2,ec2be8dc,0.06683558597655195,0.04971035584234281,0.9377393557889293,0.9986472151367919,0.681101617878705,9.11901516374287
49.14129997702206,47.454814836090684,False,,,3,18ef396d66fa4bef87c37faa4147b5d8,2021-04-05_16-05-11,1617631511,0.04314613342285156,0.16088056564331055,14552,antoine-HP-Spectre-Laptop-13-af0xx,192.168.1.24,0.16088056564331055,0,3,ec2be8dc,0.06683558597655195,0.04971035584234281,0.9377393557889293,0.9986472151367919,0.681101617878705,9.11901516374287
19.64026716643689,36.1472598805147,False,,,4,18ef396d66fa4bef87c37faa4147b5d8,2021-04-05_16-05-11,1617631511,0.04827761650085449,0.20915818214416504,14552,antoine-HP-Spectre-Laptop-13-af0xx,192.168.1.24,0.20915818214416504,0,4,ec2be8dc,0.06683558597655195,0.04971035584234281,0.9377393557889293,0.9986472151367919,0.681101617878705,9.11901516374287
13.685630648743873,13.41220032935049,True,,,5,18ef396d66fa4bef87c37faa4147b5d8,2021-04-05_16-05-11,1617631511,0.041192054748535156,0.2503502368927002,14552,antoine-HP-Spectre-Laptop-13-af0xx,192.168.1.24,0.2503502368927002,0,5,ec2be8dc,0.06683558597655195,0.04971035584234281,0.9377393557889293,0.9986472151367919,0.681101617878705,9.11901516374287
loss,test,done,timesteps_total,episodes_total,training_iteration,experiment_id,date,timestamp,time_this_iter_s,time_total_s,pid,hostname,node_ip,time_since_restore,timesteps_since_restore,iterations_since_restore,trial_id,config/lr,config/weight_decay,config/b1,config/b2,config/droupout_prob,config/eps
747.3888633578431,750.6644454656863,False,,,1,4adf77f6e88f41b4a9e4173b0f4805f9,2021-04-05_16-05-13,1617631513,0.05523037910461426,0.05523037910461426,14714,antoine-HP-Spectre-Laptop-13-af0xx,192.168.1.24,0.05523037910461426,0,1,ee0669b6,0.05499317950898934,0.045722245671651056,0.9232486622800818,0.9999616934904123,0.43286830186076514,6.026812831343959
0.037229491215126184,0.06172021230061849,False,,,2,c9687407dfee47eab921b27fa6fcacd7,2021-04-05_16-05-13,1617631513,0.025614500045776367,0.04944753646850586,14720,antoine-HP-Spectre-Laptop-13-af0xx,192.168.1.24,0.025614500045776367,0,1,eb9b32a6,0.02047387970919045,0.014013308545638656,0.9022812226336846,0.9947485867166098,0.9488176306251288,13.931945532729273
loss,test,done,timesteps_total,episodes_total,training_iteration,experiment_id,date,timestamp,time_this_iter_s,time_total_s,pid,hostname,node_ip,time_since_restore,timesteps_since_restore,iterations_since_restore,trial_id,config/lr,config/weight_decay,config/b1,config/b2,config/droupout_prob,config/eps
2.500728831571691,2.168385075587852,False,,,1,70bb5491432c456993c08be89f484475,2021-04-05_16-05-13,1617631513,0.03618502616882324,0.03618502616882324,14722,antoine-HP-Spectre-Laptop-13-af0xx,192.168.1.24,0.03618502616882324,0,1,ee270400,0.0783760585029997,0.05746206222051497,0.9075408458733245,0.9961463870269452,0.9487790566976547,18.64755113709348
loss,test,done,timesteps_total,episodes_total,training_iteration,experiment_id,date,timestamp,time_this_iter_s,time_total_s,pid,hostname,node_ip,time_since_restore,timesteps_since_restore,iterations_since_restore,trial_id,config/lr,config/weight_decay,config/b1,config/b2,config/droupout_prob,config/eps
22.403174306832106,18.821731866574755,False,,,1,aee08cca163e43a297817ac530553414,2021-04-05_16-05-13,1617631513,0.017217159271240234,0.017217159271240234,14736,antoine-HP-Spectre-Laptop-13-af0xx,192.168.1.24,0.017217159271240234,0,1,ee6f1ec0,0.06149140702484965,0.01274525145607194,0.9737141536074806,0.9962355253397908,0.6657093495022667,9.451931691193021
loss,test,done,timesteps_total,episodes_total,training_iteration,experiment_id,date,timestamp,time_this_iter_s,time_total_s,pid,hostname,node_ip,time_since_restore,timesteps_since_restore,iterations_since_restore,trial_id,config/lr,config/weight_decay,config/b1,config/b2,config/droupout_prob,config/eps
3.4634902056525734,3.8517156862745097,False,,,1,d6e83c2c978849fbabff404024d59f26,2021-04-05_16-05-13,1617631513,0.02429986000061035,0.02429986000061035,14738,antoine-HP-Spectre-Laptop-13-af0xx,192.168.1.24,0.02429986000061035,0,1,eebc7292,0.010132208219797113,0.015352160888952278,0.9058895656934524,0.990783132463796,0.9918189461105911,14.645580909259753
loss,test,done,timesteps_total,episodes_total,training_iteration,experiment_id,date,timestamp,time_this_iter_s,time_total_s,pid,hostname,node_ip,time_since_restore,timesteps_since_restore,iterations_since_restore,trial_id,config/lr,config/weight_decay,config/b1,config/b2,config/droupout_prob,config/eps
5.894653918696385,6.024168126723346,False,,,1,3149cf51e33c4373bc4381baa21a6bab,2021-04-05_16-05-13,1617631513,0.01760268211364746,0.01760268211364746,14737,antoine-HP-Spectre-Laptop-13-af0xx,192.168.1.24,0.01760268211364746,0,1,eeb4a080,0.05153182148373507,0.09794877435953203,0.9272141878989288,0.9989598881923868,0.9300668622794035,14.358469494063902
loss,test,done,timesteps_total,episodes_total,training_iteration,experiment_id,date,timestamp,time_this_iter_s,time_total_s,pid,hostname,node_ip,time_since_restore,timesteps_since_restore,iterations_since_restore,trial_id,config/lr,config/weight_decay,config/b1,config/b2,config/droupout_prob,config/eps
4.262350643382353,4.014147290996477,True,,,1,7f1d807c01b5463f9c71361b9655babe,2021-04-05_16-05-13,1617631513,0.020224332809448242,0.020224332809448242,14740,antoine-HP-Spectre-Laptop-13-af0xx,192.168.1.24,0.020224332809448242,0,1,ee5e08f6,0.003815830884413294,0.07953098790859164,0.9069682657794823,0.9975006036763011,0.7631907592478473,6.4290333245448155
0.3892379087560317,0.4379132962694355,True,,,3,c9687407dfee47eab921b27fa6fcacd7,2021-04-05_16-05-13,1617631513,0.02225637435913086,0.07170391082763672,14720,antoine-HP-Spectre-Laptop-13-af0xx,192.168.1.24,0.04787087440490723,0,2,eb9b32a6,0.02047387970919045,0.014013308545638656,0.9022812226336846,0.9947485867166098,0.9488176306251288,13.931945532729273
loss,test,done,timesteps_total,episodes_total,training_iteration,experiment_id,date,timestamp,time_this_iter_s,time_total_s,pid,hostname,node_ip,time_since_restore,timesteps_since_restore,iterations_since_restore,trial_id,config/lr,config/weight_decay,config/b1,config/b2,config/droupout_prob,config/eps
3.754643159754136,3.8813910390816484,False,,,1,21409b6b661e4c4eb9464308e52b80c1,2021-04-05_16-05-13,1617631513,0.022219181060791016,0.022219181060791016,14721,antoine-HP-Spectre-Laptop-13-af0xx,192.168.1.24,0.022219181060791016,0,1,ee665240,0.07642982418429015,0.0968775520907485,0.9177213435538287,0.9970675752196693,0.9193976577293622,18.10808977033804
155.17779181985293,206.15962009803923,False,,,2,aee08cca163e43a297817ac530553414,2021-04-05_16-05-14,1617631514,0.027082204818725586,0.04429936408996582,14736,antoine-HP-Spectre-Laptop-13-af0xx,192.168.1.24,0.04429936408996582,0,2,ee6f1ec0,0.06149140702484965,0.01274525145607194,0.9737141536074806,0.9962355253397908,0.6657093495022667,9.451931691193021
34.060829312193626,30.853271484375,False,,,2,21409b6b661e4c4eb9464308e52b80c1,2021-04-05_16-05-14,1617631514,0.041027069091796875,0.06324625015258789,14721,antoine-HP-Spectre-Laptop-13-af0xx,192.168.1.24,0.06324625015258789,0,2,ee665240,0.07642982418429015,0.0968775520907485,0.9177213435538287,0.9970675752196693,0.9193976577293622,18.10808977033804
112.84001608455883,112.00205844056373,False,,,3,aee08cca163e43a297817ac530553414,2021-04-05_16-05-14,1617631514,0.0560455322265625,0.10034489631652832,14736,antoine-HP-Spectre-Laptop-13-af0xx,192.168.1.24,0.10034489631652832,0,3,ee6f1ec0,0.06149140702484965,0.01274525145607194,0.9737141536074806,0.9962355253397908,0.6657093495022667,9.451931691193021
7.8116431142769605,6.878521489162071,False,,,3,21409b6b661e4c4eb9464308e52b80c1,2021-04-05_16-05-14,1617631514,0.03449702262878418,0.09774327278137207,14721,antoine-HP-Spectre-Laptop-13-af0xx,192.168.1.24,0.09774327278137207,0,3,ee665240,0.07642982418429015,0.0968775520907485,0.9177213435538287,0.9970675752196693,0.9193976577293622,18.10808977033804
25.801599839154413,39.04769837622549,False,,,4,aee08cca163e43a297817ac530553414,2021-04-05_16-05-14,1617631514,0.04579734802246094,0.14614224433898926,14736,antoine-HP-Spectre-Laptop-13-af0xx,192.168.1.24,0.14614224433898926,0,4,ee6f1ec0,0.06149140702484965,0.01274525145607194,0.9737141536074806,0.9962355253397908,0.6657093495022667,9.451931691193021
67.99444221047794,75.14621151194854,False,,,4,21409b6b661e4c4eb9464308e52b80c1,2021-04-05_16-05-14,1617631514,0.03215146064758301,0.12989473342895508,14721,antoine-HP-Spectre-Laptop-13-af0xx,192.168.1.24,0.12989473342895508,0,4,ee665240,0.07642982418429015,0.0968775520907485,0.9177213435538287,0.9970675752196693,0.9193976577293622,18.10808977033804
6.546951593137255,7.087595621744792,False,,,5,aee08cca163e43a297817ac530553414,2021-04-05_16-05-14,1617631514,0.039946794509887695,0.18608903884887695,14736,antoine-HP-Spectre-Laptop-13-af0xx,192.168.1.24,0.18608903884887695,0,5,ee6f1ec0,0.06149140702484965,0.01274525145607194,0.9737141536074806,0.9962355253397908,0.6657093495022667,9.451931691193021
46.376699410232845,57.50791781556372,True,,,5,21409b6b661e4c4eb9464308e52b80c1,2021-04-05_16-05-14,1617631514,0.04719114303588867,0.17708587646484375,14721,antoine-HP-Spectre-Laptop-13-af0xx,192.168.1.24,0.17708587646484375,0,5,ee665240,0.07642982418429015,0.0968775520907485,0.9177213435538287,0.9970675752196693,0.9193976577293622,18.10808977033804
loss,test,done,timesteps_total,episodes_total,training_iteration,experiment_id,date,timestamp,time_this_iter_s,time_total_s,pid,hostname,node_ip,time_since_restore,timesteps_since_restore,iterations_since_restore,trial_id,config/lr,config/weight_decay,config/b1,config/b2,config/droupout_prob,config/eps
50.93807444852941,63.19482421875,False,,,1,28f77951ae134af38b382902fcddf2e9,2021-04-05_16-05-18,1617631518,0.044981956481933594,0.044981956481933594,14995,antoine-HP-Spectre-Laptop-13-af0xx,192.168.1.24,0.044981956481933594,0,1,f13f71f4,0.040104020319421105,0.022392433722261358,0.9726179340551161,0.9974384621016635,0.7123475675701418,19.187983930883526
loss,test,done,timesteps_total,episodes_total,training_iteration,experiment_id,date,timestamp,time_this_iter_s,time_total_s,pid,hostname,node_ip,time_since_restore,timesteps_since_restore,iterations_since_restore,trial_id,config/lr,config/weight_decay,config/b1,config/b2,config/droupout_prob,config/eps
2.766433117436428,2.5188475964116117,False,,,1,b4bada9cd36b4f70a9bab3cb89172a23,2021-04-05_16-05-18,1617631518,0.04576992988586426,0.04576992988586426,14987,antoine-HP-Spectre-Laptop-13-af0xx,192.168.1.24,0.04576992988586426,0,1,efbf432c,0.008980706102502381,0.012796092522668043,0.9961259261163543,0.9970104294132469,0.9239128218769304,19.23370618916654
53.567923751531865,51.719841452205884,False,,,2,28f77951ae134af38b382902fcddf2e9,2021-04-05_16-05-18,1617631518,0.038485050201416016,0.08346700668334961,14995,antoine-HP-Spectre-Laptop-13-af0xx,192.168.1.24,0.08346700668334961,0,2,f13f71f4,0.040104020319421105,0.022392433722261358,0.9726179340551161,0.9974384621016635,0.7123475675701418,19.187983930883526
loss,test,done,timesteps_total,episodes_total,training_iteration,experiment_id,date,timestamp,time_this_iter_s,time_total_s,pid,hostname,node_ip,time_since_restore,timesteps_since_restore,iterations_since_restore,trial_id,config/lr,config/weight_decay,config/b1,config/b2,config/droupout_prob,config/eps
1.868107365626915,1.7540851667815565,False,,,1,5a0ea85ea8d84cb385e4c594e5a99f77,2021-04-05_16-05-18,1617631518,0.03869342803955078,0.03869342803955078,15001,antoine-HP-Spectre-Laptop-13-af0xx,192.168.1.24,0.03869342803955078,0,1,f166fff8,0.025343234034340047,0.011351112623692327,0.9527841361218206,0.9907843529653662,0.8325047121175464,19.188903686978
loss,test,done,timesteps_total,episodes_total,training_iteration,experiment_id,date,timestamp,time_this_iter_s,time_total_s,pid,hostname,node_ip,time_since_restore,timesteps_since_restore,iterations_since_restore,trial_id,config/lr,config/weight_decay,config/b1,config/b2,config/droupout_prob,config/eps
21.78226485906863,18.964491900275736,False,,,1,c5a1567dd4d0438d9f61fda05a7b3fd7,2021-04-05_16-05-18,1617631518,0.03438544273376465,0.03438544273376465,15003,antoine-HP-Spectre-Laptop-13-af0xx,192.168.1.24,0.03438544273376465,0,1,f192e636,0.09320060932116063,0.0461124307250319,0.9208427407161973,0.9976091162644998,0.7714333987236626,13.624391791479262
136.57842179840685,137.81720090379903,False,,,2,70bb5491432c456993c08be89f484475,2021-04-05_16-05-18,1617631518,0.016957998275756836,0.05314302444458008,15002,antoine-HP-Spectre-Laptop-13-af0xx,192.168.1.24,0.016957998275756836,0,1,ee270400,0.0783760585029997,0.05746206222051497,0.9075408458733245,0.9961463870269452,0.9487790566976547,18.64755113709348
8.790272432215074,10.347059062882966,False,,,3,28f77951ae134af38b382902fcddf2e9,2021-04-05_16-05-18,1617631518,0.03459429740905762,0.11806130409240723,14995,antoine-HP-Spectre-Laptop-13-af0xx,192.168.1.24,0.11806130409240723,0,3,f13f71f4,0.040104020319421105,0.022392433722261358,0.9726179340551161,0.9974384621016635,0.7123475675701418,19.187983930883526
loss,test,done,timesteps_total,episodes_total,training_iteration,experiment_id,date,timestamp,time_this_iter_s,time_total_s,pid,hostname,node_ip,time_since_restore,timesteps_since_restore,iterations_since_restore,trial_id,config/lr,config/weight_decay,config/b1,config/b2,config/droupout_prob,config/eps
0.5167013056137982,1.1138526318120021,False,,,1,2127fa199d4b4c408f35d6287bc24c49,2021-04-05_16-05-19,1617631519,0.017342329025268555,0.017342329025268555,15016,antoine-HP-Spectre-Laptop-13-af0xx,192.168.1.24,0.017342329025268555,0,1,f1a1f716,0.03043703227862293,0.027214603669028538,0.924806439143922,0.9963280508682376,0.8333326012653309,6.057825706526783
loss,test,done,timesteps_total,episodes_total,training_iteration,experiment_id,date,timestamp,time_this_iter_s,time_total_s,pid,hostname,node_ip,time_since_restore,timesteps_since_restore,iterations_since_restore,trial_id,config/lr,config/weight_decay,config/b1,config/b2,config/droupout_prob,config/eps
43.64118987438726,36.63571107153799,False,,,1,32c0a7870fcf41dd8fcbb9f5da4da07f,2021-04-05_16-05-19,1617631519,0.0220639705657959,0.0220639705657959,14993,antoine-HP-Spectre-Laptop-13-af0xx,192.168.1.24,0.0220639705657959,0,1,f11b83f2,0.03355025498614209,0.015269017707579087,0.9370772337488621,0.9935218807649161,0.08259963273701494,11.616927536325882
loss,test,done,timesteps_total,episodes_total,training_iteration,experiment_id,date,timestamp,time_this_iter_s,time_total_s,pid,hostname,node_ip,time_since_restore,timesteps_since_restore,iterations_since_restore,trial_id,config/lr,config/weight_decay,config/b1,config/b2,config/droupout_prob,config/eps
4.644634770412071,4.01075714709712,False,,,1,9987b373af614a1bbbc8199a74a69489,2021-04-05_16-05-19,1617631519,0.016457080841064453,0.016457080841064453,15014,antoine-HP-Spectre-Laptop-13-af0xx,192.168.1.24,0.016457080841064453,0,1,f1f3f3c2,0.00848800121147127,0.09807815458048282,0.9812186174610298,0.9993106324794468,0.689281277168771,15.74700047316247
1.2160273533241421,0.8569623161764706,True,,,3,70bb5491432c456993c08be89f484475,2021-04-05_16-05-19,1617631519,0.018805742263793945,0.07194876670837402,15002,antoine-HP-Spectre-Laptop-13-af0xx,192.168.1.24,0.03576374053955078,0,2,ee270400,0.0783760585029997,0.05746206222051497,0.9075408458733245,0.9961463870269452,0.9487790566976547,18.64755113709348
3.8422477572571996,4.0810172885072,False,,,4,28f77951ae134af38b382902fcddf2e9,2021-04-05_16-05-19,1617631519,0.016441822052001953,0.13450312614440918,14995,antoine-HP-Spectre-Laptop-13-af0xx,192.168.1.24,0.13450312614440918,0,4,f13f71f4,0.040104020319421105,0.022392433722261358,0.9726179340551161,0.9974384621016635,0.7123475675701418,19.187983930883526
0.4031870598886527,0.6593636905445772,False,,,2,2127fa199d4b4c408f35d6287bc24c49,2021-04-05_16-05-19,1617631519,0.01691889762878418,0.034261226654052734,15016,antoine-HP-Spectre-Laptop-13-af0xx,192.168.1.24,0.034261226654052734,0,2,f1a1f716,0.03043703227862293,0.027214603669028538,0.924806439143922,0.9963280508682376,0.8333326012653309,6.057825706526783
2.0432330860811123,2.107648064108456,False,,,2,b4bada9cd36b4f70a9bab3cb89172a23,2021-04-05_16-05-18,1617631518,0.03915238380432129,0.08492231369018555,14987,antoine-HP-Spectre-Laptop-13-af0xx,192.168.1.24,0.08492231369018555,0,2,efbf432c,0.008980706102502381,0.012796092522668043,0.9961259261163543,0.9970104294132469,0.9239128218769304,19.23370618916654
164.55141314338235,137.9286439185049,False,,,2,32c0a7870fcf41dd8fcbb9f5da4da07f,2021-04-05_16-05-19,1617631519,0.017798185348510742,0.03986215591430664,14993,antoine-HP-Spectre-Laptop-13-af0xx,192.168.1.24,0.03986215591430664,0,2,f11b83f2,0.03355025498614209,0.015269017707579087,0.9370772337488621,0.9935218807649161,0.08259963273701494,11.616927536325882
0.9050135145000383,1.0054889005773209,False,,,2,9987b373af614a1bbbc8199a74a69489,2021-04-05_16-05-19,1617631519,0.021080493927001953,0.037537574768066406,15014,antoine-HP-Spectre-Laptop-13-af0xx,192.168.1.24,0.037537574768066406,0,2,f1f3f3c2,0.00848800121147127,0.09807815458048282,0.9812186174610298,0.9993106324794468,0.689281277168771,15.74700047316247
1.7558109059053308,2.2021285412358305,True,,,3,2127fa199d4b4c408f35d6287bc24c49,2021-04-05_16-05-19,1617631519,0.03152871131896973,0.06578993797302246,15016,antoine-HP-Spectre-Laptop-13-af0xx,192.168.1.24,0.06578993797302246,0,3,f1a1f716,0.03043703227862293,0.027214603669028538,0.924806439143922,0.9963280508682376,0.8333326012653309,6.057825706526783
0.5240070118623621,0.47376494314156326,True,,,3,b4bada9cd36b4f70a9bab3cb89172a23,2021-04-05_16-05-19,1617631519,0.04767036437988281,0.13259267807006836,14987,antoine-HP-Spectre-Laptop-13-af0xx,192.168.1.24,0.13259267807006836,0,3,efbf432c,0.008980706102502381,0.012796092522668043,0.9961259261163543,0.9970104294132469,0.9239128218769304,19.23370618916654
9.289139093137255,9.161447562423406,False,,,3,32c0a7870fcf41dd8fcbb9f5da4da07f,2021-04-05_16-05-19,1617631519,0.027607440948486328,0.06746959686279297,14993,antoine-HP-Spectre-Laptop-13-af0xx,192.168.1.24,0.06746959686279297,0,3,f11b83f2,0.03355025498614209,0.015269017707579087,0.9370772337488621,0.9935218807649161,0.08259963273701494,11.616927536325882
1.0165195091097963,0.9523144142300475,False,,,3,9987b373af614a1bbbc8199a74a69489,2021-04-05_16-05-19,1617631519,0.038730621337890625,0.07626819610595703,15014,antoine-HP-Spectre-Laptop-13-af0xx,192.168.1.24,0.07626819610595703,0,3,f1f3f3c2,0.00848800121147127,0.09807815458048282,0.9812186174610298,0.9993106324794468,0.689281277168771,15.74700047316247
1.2348924524643843,1.3887855679381127,False,,,5,28f77951ae134af38b382902fcddf2e9,2021-04-05_16-05-19,1617631519,0.04265117645263672,0.1771543025970459,14995,antoine-HP-Spectre-Laptop-13-af0xx,192.168.1.24,0.1771543025970459,0,5,f13f71f4,0.040104020319421105,0.022392433722261358,0.9726179340551161,0.9974384621016635,0.7123475675701418,19.187983930883526
0.5512825460994945,0.6302766238941866,False,,,4,9987b373af614a1bbbc8199a74a69489,2021-04-05_16-05-20,1617631520,0.059076547622680664,0.1353447437286377,15014,antoine-HP-Spectre-Laptop-13-af0xx,192.168.1.24,0.1353447437286377,0,4,f1f3f3c2,0.00848800121147127,0.09807815458048282,0.9812186174610298,0.9993106324794468,0.689281277168771,15.74700047316247
59.52520871629902,53.27665919883579,False,,,4,32c0a7870fcf41dd8fcbb9f5da4da07f,2021-04-05_16-05-20,1617631520,0.03391838073730469,0.10138797760009766,14993,antoine-HP-Spectre-Laptop-13-af0xx,192.168.1.24,0.10138797760009766,0,4,f11b83f2,0.03355025498614209,0.015269017707579087,0.9370772337488621,0.9935218807649161,0.08259963273701494,11.616927536325882
0.5462775510900161,0.4863445431578393,False,,,5,9987b373af614a1bbbc8199a74a69489,2021-04-05_16-05-20,1617631520,0.04797196388244629,0.18331670761108398,15014,antoine-HP-Spectre-Laptop-13-af0xx,192.168.1.24,0.18331670761108398,0,5,f1f3f3c2,0.00848800121147127,0.09807815458048282,0.9812186174610298,0.9993106324794468,0.689281277168771,15.74700047316247
16.203287760416668,15.201770258884803,True,,,5,32c0a7870fcf41dd8fcbb9f5da4da07f,2021-04-05_16-05-20,1617631520,0.07665610313415527,0.17804408073425293,14993,antoine-HP-Spectre-Laptop-13-af0xx,192.168.1.24,0.17804408073425293,0,5,f11b83f2,0.03355025498614209,0.015269017707579087,0.9370772337488621,0.9935218807649161,0.08259963273701494,11.616927536325882
loss,test,done,timesteps_total,episodes_total,training_iteration,experiment_id,date,timestamp,time_this_iter_s,time_total_s,pid,hostname,node_ip,time_since_restore,timesteps_since_restore,iterations_since_restore,trial_id,config/lr,config/weight_decay,config/b1,config/b2,config/droupout_prob,config/eps
14.603048885569853,17.61962052887561,False,,,1,91d5b272a8c4444caea69f147d49ee66,2021-04-05_16-05-22,1617631522,0.05804300308227539,0.05804300308227539,15143,antoine-HP-Spectre-Laptop-13-af0xx,192.168.1.24,0.05804300308227539,0,1,f22d42f8,0.0020964859793161828,0.0017859349582268597,0.9578819105147194,0.998732106614988,0.37722550323245474,19.35421674225172
0.778080659754136,0.7666066487630209,False,,,2,91d5b272a8c4444caea69f147d49ee66,2021-04-05_16-05-22,1617631522,0.028266429901123047,0.08630943298339844,15143,antoine-HP-Spectre-Laptop-13-af0xx,192.168.1.24,0.08630943298339844,0,2,f22d42f8,0.0020964859793161828,0.0017859349582268597,0.9578819105147194,0.998732106614988,0.37722550323245474,19.35421674225172
6.826875574448529,7.998889399509804,False,,,3,91d5b272a8c4444caea69f147d49ee66,2021-04-05_16-05-22,1617631522,0.03994297981262207,0.1262524127960205,15143,antoine-HP-Spectre-Laptop-13-af0xx,192.168.1.24,0.1262524127960205,0,3,f22d42f8,0.0020964859793161828,0.0017859349582268597,0.9578819105147194,0.998732106614988,0.37722550323245474,19.35421674225172
0.5140450421501609,0.7662841946470971,False,,,4,91d5b272a8c4444caea69f147d49ee66,2021-04-05_16-05-22,1617631522,0.06324315071105957,0.18949556350708008,15143,antoine-HP-Spectre-Laptop-13-af0xx,192.168.1.24,0.18949556350708008,0,4,f22d42f8,0.0020964859793161828,0.0017859349582268597,0.9578819105147194,0.998732106614988,0.37722550323245474,19.35421674225172
1.2596314374138327,1.2534243265787761,True,,,5,91d5b272a8c4444caea69f147d49ee66,2021-04-05_16-05-22,1617631522,0.0348055362701416,0.22430109977722168,15143,antoine-HP-Spectre-Laptop-13-af0xx,192.168.1.24,0.22430109977722168,0,5,f22d42f8,0.0020964859793161828,0.0017859349582268597,0.9578819105147194,0.998732106614988,0.37722550323245474,19.35421674225172
loss,test,done,timesteps_total,episodes_total,training_iteration,experiment_id,date,timestamp,time_this_iter_s,time_total_s,pid,hostname,node_ip,time_since_restore,timesteps_since_restore,iterations_since_restore,trial_id,config/lr,config/weight_decay,config/b1,config/b2,config/droupout_prob,config/eps
4.5845812629250915,5.09901637657016,False,,,1,f185018cd34c47469930f548eed64696,2021-04-05_16-05-24,1617631524,0.05435347557067871,0.05435347557067871,15295,antoine-HP-Spectre-Laptop-13-af0xx,192.168.1.24,0.05435347557067871,0,1,f4398d72,0.0038980752521962066,0.004054728591254797,0.9922922403145684,0.9976807616906913,0.8089369805428398,19.41898973038953
loss,test,done,timesteps_total,episodes_total,training_iteration,experiment_id,date,timestamp,time_this_iter_s,time_total_s,pid,hostname,node_ip,time_since_restore,timesteps_since_restore,iterations_since_restore,trial_id,config/lr,config/weight_decay,config/b1,config/b2,config/droupout_prob,config/eps
5.903754140816483,8.408957687078738,False,,,1,f57c1ed171064ec8a62eb3e2108ed882,2021-04-05_16-05-24,1617631524,0.03199481964111328,0.03199481964111328,15312,antoine-HP-Spectre-Laptop-13-af0xx,192.168.1.24,0.03199481964111328,0,1,f47740b8,0.004119345654786003,0.048910565156953086,0.9954451970973597,0.9914342584569383,0.7983226749495941,15.395109847603152
loss,test,done,timesteps_total,episodes_total,training_iteration,experiment_id,date,timestamp,time_this_iter_s,time_total_s,pid,hostname,node_ip,time_since_restore,timesteps_since_restore,iterations_since_restore,trial_id,config/lr,config/weight_decay,config/b1,config/b2,config/droupout_prob,config/eps
188.46982230392157,267.86988740808823,False,,,1,5cc9330c313e44c4aab698b767280377,2021-04-05_16-05-25,1617631525,0.061232805252075195,0.061232805252075195,15321,antoine-HP-Spectre-Laptop-13-af0xx,192.168.1.24,0.061232805252075195,0,1,f593a16c,0.09241681229137297,0.019027934393269125,0.9168804900472388,0.9933813557900147,0.2543206370062288,7.547462360658695
loss,test,done,timesteps_total,episodes_total,training_iteration,experiment_id,date,timestamp,time_this_iter_s,time_total_s,pid,hostname,node_ip,time_since_restore,timesteps_since_restore,iterations_since_restore,trial_id,config/lr,config/weight_decay,config/b1,config/b2,config/droupout_prob,config/eps
411.2646675857843,492.0999923406863,True,,,1,26efb538ec5b477ea0a8075f2fb5a15c,2021-04-05_16-05-24,1617631524,0.04641890525817871,0.04641890525817871,15296,antoine-HP-Spectre-Laptop-13-af0xx,192.168.1.24,0.04641890525817871,0,1,f46cc3ae,0.08230208083908684,0.08684148068217913,0.9452901977115824,0.9977865900719848,0.3577278775149629,14.688870320673006
loss,test,done,timesteps_total,episodes_total,training_iteration,experiment_id,date,timestamp,time_this_iter_s,time_total_s,pid,hostname,node_ip,time_since_restore,timesteps_since_restore,iterations_since_restore,trial_id,config/lr,config/weight_decay,config/b1,config/b2,config/droupout_prob,config/eps
2.0739360136144303,3.0309660668466605,False,,,1,c796a16278324367a5208006af0f3637,2021-04-05_16-05-25,1617631525,0.04323005676269531,0.04323005676269531,15298,antoine-HP-Spectre-Laptop-13-af0xx,192.168.1.24,0.04323005676269531,0,1,f5014b28,0.0019093246856869248,0.022730391681664696,0.9692473524847615,0.9900496006841336,0.9131149814610239,16.970471928101446
loss,test,done,timesteps_total,episodes_total,training_iteration,experiment_id,date,timestamp,time_this_iter_s,time_total_s,pid,hostname,node_ip,time_since_restore,timesteps_since_restore,iterations_since_restore,trial_id,config/lr,config/weight_decay,config/b1,config/b2,config/droupout_prob,config/eps
2.9301982206456803,3.0773186777152266,False,,,1,f3b65bf4a00840f8980820c56494eab0,2021-04-05_16-05-25,1617631525,0.04527759552001953,0.04527759552001953,15313,antoine-HP-Spectre-Laptop-13-af0xx,192.168.1.24,0.04527759552001953,0,1,f4bdb4da,0.014267224854851195,0.003202958934878135,0.9768742772650209,0.9902521383962071,0.8322479610593655,19.10262836916918
loss,test,done,timesteps_total,episodes_total,training_iteration,experiment_id,date,timestamp,time_this_iter_s,time_total_s,pid,hostname,node_ip,time_since_restore,timesteps_since_restore,iterations_since_restore,trial_id,config/lr,config/weight_decay,config/b1,config/b2,config/droupout_prob,config/eps
0.37297817305022596,0.5938669092514935,False,,,1,9efd9be6f37f4d11b67aa3b830ffd176,2021-04-05_16-05-25,1617631525,0.02346348762512207,0.02346348762512207,15310,antoine-HP-Spectre-Laptop-13-af0xx,192.168.1.24,0.02346348762512207,0,1,f563a44e,0.014667122259662473,0.0279444358222904,0.9982339136562737,0.9956167414272056,0.9559918750164265,12.80973081899639
loss,test,done,timesteps_total,episodes_total,training_iteration,experiment_id,date,timestamp,time_this_iter_s,time_total_s,pid,hostname,node_ip,time_since_restore,timesteps_since_restore,iterations_since_restore,trial_id,config/lr,config/weight_decay,config/b1,config/b2,config/droupout_prob,config/eps
2.344301709941789,4.961886536841299,False,,,1,5bf8f0d5d8e342489d0c1c9fb7784f03,2021-04-05_16-05-24,1617631524,0.12195682525634766,0.12195682525634766,15289,antoine-HP-Spectre-Laptop-13-af0xx,192.168.1.24,0.12195682525634766,0,1,f49dbb6c,0.03190090624539998,0.007877812064850057,0.9911656838634751,0.9984345503049751,0.9085831211735736,19.6371124111393
0.06304094370673685,0.10537472893210019,False,,,2,f3b65bf4a00840f8980820c56494eab0,2021-04-05_16-05-27,1617631527,0.059264421463012695,0.10454201698303223,15313,antoine-HP-Spectre-Laptop-13-af0xx,192.168.1.24,0.10454201698303223,0,2,f4bdb4da,0.014267224854851195,0.003202958934878135,0.9768742772650209,0.9902521383962071,0.8322479610593655,19.10262836916918
0.05590983933093501,0.0998085339864095,False,,,2,9efd9be6f37f4d11b67aa3b830ffd176,2021-04-05_16-05-27,1617631527,0.03278303146362305,0.05624651908874512,15310,antoine-HP-Spectre-Laptop-13-af0xx,192.168.1.24,0.05624651908874512,0,2,f563a44e,0.014667122259662473,0.0279444358222904,0.9982339136562737,0.9956167414272056,0.9559918750164265,12.80973081899639
0.8583659751742494,2.022804110657935,False,,,2,5bf8f0d5d8e342489d0c1c9fb7784f03,2021-04-05_16-05-27,1617631527,0.03775954246520996,0.15971636772155762,15289,antoine-HP-Spectre-Laptop-13-af0xx,192.168.1.24,0.15971636772155762,0,2,f49dbb6c,0.03190090624539998,0.007877812064850057,0.9911656838634751,0.9984345503049751,0.9085831211735736,19.6371124111393
0.04540428460813036,0.051694790522257485,False,,,3,f3b65bf4a00840f8980820c56494eab0,2021-04-05_16-05-27,1617631527,0.047382354736328125,0.15192437171936035,15313,antoine-HP-Spectre-Laptop-13-af0xx,192.168.1.24,0.15192437171936035,0,3,f4bdb4da,0.014267224854851195,0.003202958934878135,0.9768742772650209,0.9902521383962071,0.8322479610593655,19.10262836916918
0.02542731341193704,0.023874626440160415,True,,,3,9efd9be6f37f4d11b67aa3b830ffd176,2021-04-05_16-05-27,1617631527,0.052367210388183594,0.10861372947692871,15310,antoine-HP-Spectre-Laptop-13-af0xx,192.168.1.24,0.10861372947692871,0,3,f563a44e,0.014667122259662473,0.0279444358222904,0.9982339136562737,0.9956167414272056,0.9559918750164265,12.80973081899639
3.096762862859988,4.263508516199448,False,,,4,f3b65bf4a00840f8980820c56494eab0,2021-04-05_16-05-27,1617631527,0.04421210289001465,0.196136474609375,15313,antoine-HP-Spectre-Laptop-13-af0xx,192.168.1.24,0.196136474609375,0,4,f4bdb4da,0.014267224854851195,0.003202958934878135,0.9768742772650209,0.9902521383962071,0.8322479610593655,19.10262836916918
1.4220449410232843,3.7980412501914826,False,,,3,5bf8f0d5d8e342489d0c1c9fb7784f03,2021-04-05_16-05-27,1617631527,0.04958939552307129,0.2093057632446289,15289,antoine-HP-Spectre-Laptop-13-af0xx,192.168.1.24,0.2093057632446289,0,3,f49dbb6c,0.03190090624539998,0.007877812064850057,0.9911656838634751,0.9984345503049751,0.9085831211735736,19.6371124111393
0.08939984265495748,0.21080628563376033,False,,,4,5bf8f0d5d8e342489d0c1c9fb7784f03,2021-04-05_16-05-27,1617631527,0.03582429885864258,0.24513006210327148,15289,antoine-HP-Spectre-Laptop-13-af0xx,192.168.1.24,0.24513006210327148,0,4,f49dbb6c,0.03190090624539998,0.007877812064850057,0.9911656838634751,0.9984345503049751,0.9085831211735736,19.6371124111393
0.5112449421602137,0.9515456405340457,False,,,5,f3b65bf4a00840f8980820c56494eab0,2021-04-05_16-05-27,1617631527,0.04626011848449707,0.24239659309387207,15313,antoine-HP-Spectre-Laptop-13-af0xx,192.168.1.24,0.24239659309387207,0,5,f4bdb4da,0.014267224854851195,0.003202958934878135,0.9768742772650209,0.9902521383962071,0.8322479610593655,19.10262836916918
0.3511778139600567,0.7674751281738281,True,,,5,5bf8f0d5d8e342489d0c1c9fb7784f03,2021-04-05_16-05-27,1617631527,0.05468273162841797,0.29981279373168945,15289,antoine-HP-Spectre-Laptop-13-af0xx,192.168.1.24,0.29981279373168945,0,5,f49dbb6c,0.03190090624539998,0.007877812064850057,0.9911656838634751,0.9984345503049751,0.9085831211735736,19.6371124111393
loss,test,done,timesteps_total,episodes_total,training_iteration,experiment_id,date,timestamp,time_this_iter_s,time_total_s,pid,hostname,node_ip,time_since_restore,timesteps_since_restore,iterations_since_restore,trial_id,config/lr,config/weight_decay,config/b1,config/b2,config/droupout_prob,config/eps
310.8270909926471,335.5904181985294,False,,,1,6bd6395e7c804308afad5eaa318d10b9,2021-04-05_16-05-28,1617631528,0.050290822982788086,0.050290822982788086,15559,antoine-HP-Spectre-Laptop-13-af0xx,192.168.1.24,0.050290822982788086,0,1,f645b028,0.046970991913685055,0.024433403050033334,0.9051116997516904,0.9974033337693262,0.5140739171755658,6.056667439604642
172.73320695465685,181.5791015625,False,,,2,6bd6395e7c804308afad5eaa318d10b9,2021-04-05_16-05-29,1617631529,0.03705477714538574,0.08734560012817383,15559,antoine-HP-Spectre-Laptop-13-af0xx,192.168.1.24,0.08734560012817383,0,2,f645b028,0.046970991913685055,0.024433403050033334,0.9051116997516904,0.9974033337693262,0.5140739171755658,6.056667439604642
145.82196882659315,163.36171109068627,False,,,3,6bd6395e7c804308afad5eaa318d10b9,2021-04-05_16-05-29,1617631529,0.03419756889343262,0.12154316902160645,15559,antoine-HP-Spectre-Laptop-13-af0xx,192.168.1.24,0.12154316902160645,0,3,f645b028,0.046970991913685055,0.024433403050033334,0.9051116997516904,0.9974033337693262,0.5140739171755658,6.056667439604642
37.25729310278799,45.28813380821079,False,,,4,6bd6395e7c804308afad5eaa318d10b9,2021-04-05_16-05-29,1617631529,0.04181408882141113,0.16335725784301758,15559,antoine-HP-Spectre-Laptop-13-af0xx,192.168.1.24,0.16335725784301758,0,4,f645b028,0.046970991913685055,0.024433403050033334,0.9051116997516904,0.9974033337693262,0.5140739171755658,6.056667439604642
1.4922844381893383,3.5594919242110907,False,,,5,6bd6395e7c804308afad5eaa318d10b9,2021-04-05_16-05-29,1617631529,0.03651595115661621,0.1998732089996338,15559,antoine-HP-Spectre-Laptop-13-af0xx,192.168.1.24,0.1998732089996338,0,5,f645b028,0.046970991913685055,0.024433403050033334,0.9051116997516904,0.9974033337693262,0.5140739171755658,6.056667439604642
loss,test,done,timesteps_total,episodes_total,training_iteration,experiment_id,date,timestamp,time_this_iter_s,time_total_s,pid,hostname,node_ip,time_since_restore,timesteps_since_restore,iterations_since_restore,trial_id,config/lr,config/weight_decay,config/b1,config/b2,config/droupout_prob,config/eps
0.8133701249664905,0.9923508588005515,False,,,1,20575388abed454fb82037e87c92859f,2021-04-05_16-05-29,1617631529,0.06508541107177734,0.06508541107177734,15561,antoine-HP-Spectre-Laptop-13-af0xx,192.168.1.24,0.06508541107177734,0,1,f7bbda36,0.0024456151331659305,0.005946364275926121,0.9669991169789439,0.990357247956049,0.8241487433511471,13.034802306555166
loss,test,done,timesteps_total,episodes_total,training_iteration,experiment_id,date,timestamp,time_this_iter_s,time_total_s,pid,hostname,node_ip,time_since_restore,timesteps_since_restore,iterations_since_restore,trial_id,config/lr,config/weight_decay,config/b1,config/b2,config/droupout_prob,config/eps
3.9255697212967218,5.996427648207721,False,,,1,0e72b4fb8e834a4dacca53e069384cdc,2021-04-05_16-05-29,1617631529,0.03025341033935547,0.03025341033935547,15563,antoine-HP-Spectre-Laptop-13-af0xx,192.168.1.24,0.03025341033935547,0,1,f813794e,0.0029088507807662235,0.011965326201410192,0.9383187579083867,0.9926863509157436,0.9670679958779793,18.23589923364421
loss,test,done,timesteps_total,episodes_total,training_iteration,experiment_id,date,timestamp,time_this_iter_s,time_total_s,pid,hostname,node_ip,time_since_restore,timesteps_since_restore,iterations_since_restore,trial_id,config/lr,config/weight_decay,config/b1,config/b2,config/droupout_prob,config/eps
252.88622089460785,278.15510110294116,False,,,1,61f431083ed64baaac11f204e452b726,2021-04-05_16-05-29,1617631529,0.0387265682220459,0.0387265682220459,15579,antoine-HP-Spectre-Laptop-13-af0xx,192.168.1.24,0.0387265682220459,0,1,f8869ba4,0.05838202556092645,0.043263129531970486,0.9979412974492002,0.9913916555538104,0.6048587605148502,12.983784394082697
0.24361623502245136,0.5974272185680913,False,,,2,f185018cd34c47469930f548eed64696,2021-04-05_16-05-29,1617631529,0.06707262992858887,0.12142610549926758,15565,antoine-HP-Spectre-Laptop-13-af0xx,192.168.1.24,0.06707262992858887,0,1,f4398d72,0.0038980752521962066,0.004054728591254797,0.9922922403145684,0.9976807616906913,0.8089369805428398,19.41898973038953
loss,test,done,timesteps_total,episodes_total,training_iteration,experiment_id,date,timestamp,time_this_iter_s,time_total_s,pid,hostname,node_ip,time_since_restore,timesteps_since_restore,iterations_since_restore,trial_id,config/lr,config/weight_decay,config/b1,config/b2,config/droupout_prob,config/eps
0.6036548614501953,0.6880597881242341,False,,,1,b7eabc1d23cc4c1c9c2f1ab6506ac845,2021-04-05_16-05-30,1617631530,0.04169273376464844,0.04169273376464844,15577,antoine-HP-Spectre-Laptop-13-af0xx,192.168.1.24,0.04169273376464844,0,1,f8d2801e,0.028075184415847897,0.01498193825303794,0.9366596345705668,0.9907667709601942,0.903505554392225,7.316592966039099
1.7782903933057599,3.212523516486673,True,,,3,f185018cd34c47469930f548eed64696,2021-04-05_16-05-30,1617631530,0.04639148712158203,0.1678175926208496,15565,antoine-HP-Spectre-Laptop-13-af0xx,192.168.1.24,0.1134641170501709,0,2,f4398d72,0.0038980752521962066,0.004054728591254797,0.9922922403145684,0.9976807616906913,0.8089369805428398,19.41898973038953
loss,test,done,timesteps_total,episodes_total,training_iteration,experiment_id,date,timestamp,time_this_iter_s,time_total_s,pid,hostname,node_ip,time_since_restore,timesteps_since_restore,iterations_since_restore,trial_id,config/lr,config/weight_decay,config/b1,config/b2,config/droupout_prob,config/eps
0.3130045498118681,0.7768979540058211,False,,,1,87c0ea2bd2e546aca9b03fc3b2d78814,2021-04-05_16-05-30,1617631530,0.030184268951416016,0.030184268951416016,15584,antoine-HP-Spectre-Laptop-13-af0xx,192.168.1.24,0.030184268951416016,0,1,f95aea3a,0.04225294358114906,0.035433417132678384,0.9740173011481561,0.99591471703853,0.9684142144439736,7.8881437432177
loss,test,done,timesteps_total,episodes_total,training_iteration,experiment_id,date,timestamp,time_this_iter_s,time_total_s,pid,hostname,node_ip,time_since_restore,timesteps_since_restore,iterations_since_restore,trial_id,config/lr,config/weight_decay,config/b1,config/b2,config/droupout_prob,config/eps
9.543539608226103,11.466102749693627,False,,,1,558db659951e45f790219d4af7be4b2b,2021-04-05_16-05-30,1617631530,0.07270121574401855,0.07270121574401855,15576,antoine-HP-Spectre-Laptop-13-af0xx,192.168.1.24,0.07270121574401855,0,1,f9220d64,0.008437540579664006,0.010179742748055427,0.9610654803650946,0.9980393650720099,0.3179063585227446,10.351435743487954
0.38366257910634954,0.35680778353821996,False,,,2,20575388abed454fb82037e87c92859f,2021-04-05_16-05-29,1617631529,0.0659792423248291,0.13106465339660645,15561,antoine-HP-Spectre-Laptop-13-af0xx,192.168.1.24,0.13106465339660645,0,2,f7bbda36,0.0024456151331659305,0.005946364275926121,0.9669991169789439,0.990357247956049,0.8241487433511471,13.034802306555166
0.5066374236462163,0.8213609433641621,False,,,2,b7eabc1d23cc4c1c9c2f1ab6506ac845,2021-04-05_16-05-30,1617631530,0.046074867248535156,0.0877676010131836,15577,antoine-HP-Spectre-Laptop-13-af0xx,192.168.1.24,0.0877676010131836,0,2,f8d2801e,0.028075184415847897,0.01498193825303794,0.9366596345705668,0.9907667709601942,0.903505554392225,7.316592966039099
1.3303913789636947,1.272902993594899,False,,,2,87c0ea2bd2e546aca9b03fc3b2d78814,2021-04-05_16-05-31,1617631531,0.03820061683654785,0.06838488578796387,15584,antoine-HP-Spectre-Laptop-13-af0xx,192.168.1.24,0.06838488578796387,0,2,f95aea3a,0.04225294358114906,0.035433417132678384,0.9740173011481561,0.99591471703853,0.9684142144439736,7.8881437432177
1.8729587629729627,1.6696897020526962,True,,,3,b7eabc1d23cc4c1c9c2f1ab6506ac845,2021-04-05_16-05-31,1617631531,0.03406882286071777,0.12183642387390137,15577,antoine-HP-Spectre-Laptop-13-af0xx,192.168.1.24,0.12183642387390137,0,3,f8d2801e,0.028075184415847897,0.01498193825303794,0.9366596345705668,0.9907667709601942,0.903505554392225,7.316592966039099
0.4267311470181334,0.47797132005878523,False,,,3,20575388abed454fb82037e87c92859f,2021-04-05_16-05-31,1617631531,0.05632615089416504,0.18739080429077148,15561,antoine-HP-Spectre-Laptop-13-af0xx,192.168.1.24,0.18739080429077148,0,3,f7bbda36,0.0024456151331659305,0.005946364275926121,0.9669991169789439,0.990357247956049,0.8241487433511471,13.034802306555166
0.8640983431946998,0.7511833789301854,False,,,3,87c0ea2bd2e546aca9b03fc3b2d78814,2021-04-05_16-05-31,1617631531,0.03283500671386719,0.10121989250183105,15584,antoine-HP-Spectre-Laptop-13-af0xx,192.168.1.24,0.10121989250183105,0,3,f95aea3a,0.04225294358114906,0.035433417132678384,0.9740173011481561,0.99591471703853,0.9684142144439736,7.8881437432177
13.720077215456495,16.560400869332106,False,,,2,558db659951e45f790219d4af7be4b2b,2021-04-05_16-05-31,1617631531,0.07577013969421387,0.14847135543823242,15576,antoine-HP-Spectre-Laptop-13-af0xx,192.168.1.24,0.14847135543823242,0,2,f9220d64,0.008437540579664006,0.010179742748055427,0.9610654803650946,0.9980393650720099,0.3179063585227446,10.351435743487954
0.11118434457217946,0.15288197760488473,False,,,4,87c0ea2bd2e546aca9b03fc3b2d78814,2021-04-05_16-05-31,1617631531,0.03270697593688965,0.1339268684387207,15584,antoine-HP-Spectre-Laptop-13-af0xx,192.168.1.24,0.1339268684387207,0,4,f95aea3a,0.04225294358114906,0.035433417132678384,0.9740173011481561,0.99591471703853,0.9684142144439736,7.8881437432177
0.1680310193230124,0.20214449190625958,False,,,4,20575388abed454fb82037e87c92859f,2021-04-05_16-05-31,1617631531,0.06782388687133789,0.2552146911621094,15561,antoine-HP-Spectre-Laptop-13-af0xx,192.168.1.24,0.2552146911621094,0,4,f7bbda36,0.0024456151331659305,0.005946364275926121,0.9669991169789439,0.990357247956049,0.8241487433511471,13.034802306555166
2.7566881366804536,2.4384384155273438,False,,,3,558db659951e45f790219d4af7be4b2b,2021-04-05_16-05-31,1617631531,0.05080747604370117,0.1992788314819336,15576,antoine-HP-Spectre-Laptop-13-af0xx,192.168.1.24,0.1992788314819336,0,3,f9220d64,0.008437540579664006,0.010179742748055427,0.9610654803650946,0.9980393650720099,0.3179063585227446,10.351435743487954
22.48095463771446,24.46950396369485,False,,,5,87c0ea2bd2e546aca9b03fc3b2d78814,2021-04-05_16-05-31,1617631531,0.040770769119262695,0.1746976375579834,15584,antoine-HP-Spectre-Laptop-13-af0xx,192.168.1.24,0.1746976375579834,0,5,f95aea3a,0.04225294358114906,0.035433417132678384,0.9740173011481561,0.99591471703853,0.9684142144439736,7.8881437432177
5.8442119523590685,5.89015167834712,False,,,4,558db659951e45f790219d4af7be4b2b,2021-04-05_16-05-31,1617631531,0.048520565032958984,0.24779939651489258,15576,antoine-HP-Spectre-Laptop-13-af0xx,192.168.1.24,0.24779939651489258,0,4,f9220d64,0.008437540579664006,0.010179742748055427,0.9610654803650946,0.9980393650720099,0.3179063585227446,10.351435743487954
0.05610818488925111,0.07970539728800456,True,,,5,20575388abed454fb82037e87c92859f,2021-04-05_16-05-31,1617631531,0.05620622634887695,0.31142091751098633,15561,antoine-HP-Spectre-Laptop-13-af0xx,192.168.1.24,0.31142091751098633,0,5,f7bbda36,0.0024456151331659305,0.005946364275926121,0.9669991169789439,0.990357247956049,0.8241487433511471,13.034802306555166
0.07709465307347915,0.105865572013107,True,,,5,558db659951e45f790219d4af7be4b2b,2021-04-05_16-05-31,1617631531,0.04850268363952637,0.29630208015441895,15576,antoine-HP-Spectre-Laptop-13-af0xx,192.168.1.24,0.29630208015441895,0,5,f9220d64,0.008437540579664006,0.010179742748055427,0.9610654803650946,0.9980393650720099,0.3179063585227446,10.351435743487954
loss,test,done,timesteps_total,episodes_total,training_iteration,experiment_id,date,timestamp,time_this_iter_s,time_total_s,pid,hostname,node_ip,time_since_restore,timesteps_since_restore,iterations_since_restore,trial_id,config/lr,config/weight_decay,config/b1,config/b2,config/droupout_prob,config/eps
1.2558132994408702,1.7366373398724724,False,,,1,407d528bde9d471189675afe4fce03da,2021-04-05_16-05-33,1617631533,0.052741050720214844,0.052741050720214844,15657,antoine-HP-Spectre-Laptop-13-af0xx,192.168.1.24,0.052741050720214844,0,1,f993b608,0.0157920012473885,0.09430662988381594,0.992652926726175,0.9996764696753427,0.8806063547988452,10.693400021698796
loss,test,done,timesteps_total,episodes_total,training_iteration,experiment_id,date,timestamp,time_this_iter_s,time_total_s,pid,hostname,node_ip,time_since_restore,timesteps_since_restore,iterations_since_restore,trial_id,config/lr,config/weight_decay,config/b1,config/b2,config/droupout_prob,config/eps
291.67101332720586,307.6700559129902,False,,,1,fa3d764fc50048008a2cd189237e9310,2021-04-05_16-05-35,1617631535,0.045972585678100586,0.045972585678100586,15806,antoine-HP-Spectre-Laptop-13-af0xx,192.168.1.24,0.045972585678100586,0,1,fa70dbbe,0.07866536256142843,0.04515184831311655,0.9813061581254994,0.9967840368836922,0.2922569030248507,16.250028855352227
loss,test,done,timesteps_total,episodes_total,training_iteration,experiment_id,date,timestamp,time_this_iter_s,time_total_s,pid,hostname,node_ip,time_since_restore,timesteps_since_restore,iterations_since_restore,trial_id,config/lr,config/weight_decay,config/b1,config/b2,config/droupout_prob,config/eps
5.920403574027267,7.428685805376838,True,,,1,5845e27ada8e4f5c9a4cd505d8b4ccd3,2021-04-05_16-05-35,1617631535,0.05583453178405762,0.05583453178405762,15804,antoine-HP-Spectre-Laptop-13-af0xx,192.168.1.24,0.05583453178405762,0,1,faa4c96a,0.030743989068380904,0.04318037131670056,0.9187873116654279,0.9900914352853557,0.9506567179124975,9.652919287941788
loss,test,done,timesteps_total,episodes_total,training_iteration,experiment_id,date,timestamp,time_this_iter_s,time_total_s,pid,hostname,node_ip,time_since_restore,timesteps_since_restore,iterations_since_restore,trial_id,config/lr,config/weight_decay,config/b1,config/b2,config/droupout_prob,config/eps
825.8845741421569,801.9510569852941,False,,,1,58f982a23f2a485caa2f173d95d7693a,2021-04-05_16-05-35,1617631535,0.039261579513549805,0.039261579513549805,15801,antoine-HP-Spectre-Laptop-13-af0xx,192.168.1.24,0.039261579513549805,0,1,fb0dd5f4,0.053932842317248014,0.050581693259424465,0.9185124370139567,0.9984880947035456,0.27985080322417194,6.951348897329307
loss,test,done,timesteps_total,episodes_total,training_iteration,experiment_id,date,timestamp,time_this_iter_s,time_total_s,pid,hostname,node_ip,time_since_restore,timesteps_since_restore,iterations_since_restore,trial_id,config/lr,config/weight_decay,config/b1,config/b2,config/droupout_prob,config/eps
0.4908040738573261,0.6451742134842218,False,,,1,8fdc5469b02241128cdb3691f1408df1,2021-04-05_16-05-35,1617631535,0.030991315841674805,0.030991315841674805,15815,antoine-HP-Spectre-Laptop-13-af0xx,192.168.1.24,0.030991315841674805,0,1,fb293b5a,0.03144583448075201,0.0014699368838949373,0.9747668123800922,0.9906138790032315,0.8450420743606333,14.16955048358745
2.1427326576382506,3.4932933134191178,False,,,2,58f982a23f2a485caa2f173d95d7693a,2021-04-05_16-05-35,1617631535,0.027390003204345703,0.06665158271789551,15801,antoine-HP-Spectre-Laptop-13-af0xx,192.168.1.24,0.06665158271789551,0,2,fb0dd5f4,0.053932842317248014,0.050581693259424465,0.9185124370139567,0.9984880947035456,0.27985080322417194,6.951348897329307
loss,test,done,timesteps_total,episodes_total,training_iteration,experiment_id,date,timestamp,time_this_iter_s,time_total_s,pid,hostname,node_ip,time_since_restore,timesteps_since_restore,iterations_since_restore,trial_id,config/lr,config/weight_decay,config/b1,config/b2,config/droupout_prob,config/eps
0.8142017289703968,1.7863201066559435,False,,,1,8e14793b991e4481acf0be8291a84766,2021-04-05_16-05-35,1617631535,0.07490396499633789,0.07490396499633789,15820,antoine-HP-Spectre-Laptop-13-af0xx,192.168.1.24,0.07490396499633789,0,1,fbd5d7c0,0.02534630679322504,0.07002031183519157,0.9879218716374153,0.9998129678337128,0.7067449879903942,16.953010258434382
loss,test,done,timesteps_total,episodes_total,training_iteration,experiment_id,date,timestamp,time_this_iter_s,time_total_s,pid,hostname,node_ip,time_since_restore,timesteps_since_restore,iterations_since_restore,trial_id,config/lr,config/weight_decay,config/b1,config/b2,config/droupout_prob,config/eps
47.76657284007353,51.89559397977941,False,,,1,cbece52207d447e9917e33ea0262aabe,2021-04-05_16-05-35,1617631535,0.04583311080932617,0.04583311080932617,15824,antoine-HP-Spectre-Laptop-13-af0xx,192.168.1.24,0.04583311080932617,0,1,fbc9c3fe,0.0694325110039782,0.01013117202681651,0.9941936869256173,0.9947216812167093,0.8747937227829816,17.74211447735529
80.95200482536765,127.56561159620098,False,,,3,58f982a23f2a485caa2f173d95d7693a,2021-04-05_16-05-35,1617631535,0.046672821044921875,0.11332440376281738,15801,antoine-HP-Spectre-Laptop-13-af0xx,192.168.1.24,0.11332440376281738,0,3,fb0dd5f4,0.053932842317248014,0.050581693259424465,0.9185124370139567,0.9984880947035456,0.27985080322417194,6.951348897329307
loss,test,done,timesteps_total,episodes_total,training_iteration,experiment_id,date,timestamp,time_this_iter_s,time_total_s,pid,hostname,node_ip,time_since_restore,timesteps_since_restore,iterations_since_restore,trial_id,config/lr,config/weight_decay,config/b1,config/b2,config/droupout_prob,config/eps
102.12692440257354,110.53019684436275,True,,,1,1721b88714ca41d188446efa2b5d4fae,2021-04-05_16-05-35,1617631535,0.0453188419342041,0.0453188419342041,15819,antoine-HP-Spectre-Laptop-13-af0xx,192.168.1.24,0.0453188419342041,0,1,fb79f2a2,0.01802757152732607,0.011193590343586616,0.9492907446969252,0.996514301994188,0.3522286647269587,19.183859067728342
loss,test,done,timesteps_total,episodes_total,training_iteration,experiment_id,date,timestamp,time_this_iter_s,time_total_s,pid,hostname,node_ip,time_since_restore,timesteps_since_restore,iterations_since_restore,trial_id,config/lr,config/weight_decay,config/b1,config/b2,config/droupout_prob,config/eps
313.9083371629902,280.7005208333333,False,,,1,52310116c386489db2850da0a1a17765,2021-04-05_16-05-36,1617631536,0.024392127990722656,0.024392127990722656,15883,antoine-HP-Spectre-Laptop-13-af0xx,192.168.1.24,0.024392127990722656,0,1,fc2771d4,0.04782260588194352,0.0443859490603298,0.978589422612806,0.9915393651402097,0.5941826594993184,15.195809100282823
0.8018080019483379,0.6518270455154718,False,,,2,8fdc5469b02241128cdb3691f1408df1,2021-04-05_16-05-35,1617631535,0.038488149642944336,0.06947946548461914,15815,antoine-HP-Spectre-Laptop-13-af0xx,192.168.1.24,0.06947946548461914,0,2,fb293b5a,0.03144583448075201,0.0014699368838949373,0.9747668123800922,0.9906138790032315,0.8450420743606333,14.16955048358745
109.21430759803921,88.24958831188725,False,,,4,58f982a23f2a485caa2f173d95d7693a,2021-04-05_16-05-36,1617631536,0.03820395469665527,0.15152835845947266,15801,antoine-HP-Spectre-Laptop-13-af0xx,192.168.1.24,0.15152835845947266,0,4,fb0dd5f4,0.053932842317248014,0.050581693259424465,0.9185124370139567,0.9984880947035456,0.27985080322417194,6.951348897329307
24.700757793351716,37.8667542700674,False,,,2,52310116c386489db2850da0a1a17765,2021-04-05_16-05-36,1617631536,0.03585004806518555,0.0602421760559082,15883,antoine-HP-Spectre-Laptop-13-af0xx,192.168.1.24,0.0602421760559082,0,2,fc2771d4,0.04782260588194352,0.0443859490603298,0.978589422612806,0.9915393651402097,0.5941826594993184,15.195809100282823
19.15595320159314,19.212520823759192,False,,,3,8fdc5469b02241128cdb3691f1408df1,2021-04-05_16-05-36,1617631536,0.04945850372314453,0.11893796920776367,15815,antoine-HP-Spectre-Laptop-13-af0xx,192.168.1.24,0.11893796920776367,0,3,fb293b5a,0.03144583448075201,0.0014699368838949373,0.9747668123800922,0.9906138790032315,0.8450420743606333,14.16955048358745
37.627450980392155,34.66024720435049,False,,,3,52310116c386489db2850da0a1a17765,2021-04-05_16-05-36,1617631536,0.04143404960632324,0.10167622566223145,15883,antoine-HP-Spectre-Laptop-13-af0xx,192.168.1.24,0.10167622566223145,0,3,fc2771d4,0.04782260588194352,0.0443859490603298,0.978589422612806,0.9915393651402097,0.5941826594993184,15.195809100282823
37.011374080882355,59.629921109068626,False,,,5,58f982a23f2a485caa2f173d95d7693a,2021-04-05_16-05-36,1617631536,0.06647658348083496,0.21800494194030762,15801,antoine-HP-Spectre-Laptop-13-af0xx,192.168.1.24,0.21800494194030762,0,5,fb0dd5f4,0.053932842317248014,0.050581693259424465,0.9185124370139567,0.9984880947035456,0.27985080322417194,6.951348897329307
11.309524835324755,10.630350748697916,False,,,4,52310116c386489db2850da0a1a17765,2021-04-05_16-05-36,1617631536,0.04645705223083496,0.1481332778930664,15883,antoine-HP-Spectre-Laptop-13-af0xx,192.168.1.24,0.1481332778930664,0,4,fc2771d4,0.04782260588194352,0.0443859490603298,0.978589422612806,0.9915393651402097,0.5941826594993184,15.195809100282823
2.224858153100107,1.8702455408432905,False,,,4,8fdc5469b02241128cdb3691f1408df1,2021-04-05_16-05-36,1617631536,0.08458161354064941,0.20351958274841309,15815,antoine-HP-Spectre-Laptop-13-af0xx,192.168.1.24,0.20351958274841309,0,4,fb293b5a,0.03144583448075201,0.0014699368838949373,0.9747668123800922,0.9906138790032315,0.8450420743606333,14.16955048358745
0.6954502778894761,1.1553253473020066,True,,,5,8fdc5469b02241128cdb3691f1408df1,2021-04-05_16-05-37,1617631537,0.044096946716308594,0.24761652946472168,15815,antoine-HP-Spectre-Laptop-13-af0xx,192.168.1.24,0.24761652946472168,0,5,fb293b5a,0.03144583448075201,0.0014699368838949373,0.9747668123800922,0.9906138790032315,0.8450420743606333,14.16955048358745
21.704065659466913,32.63537118949142,False,,,5,52310116c386489db2850da0a1a17765,2021-04-05_16-05-37,1617631537,0.05230998992919922,0.20044326782226562,15883,antoine-HP-Spectre-Laptop-13-af0xx,192.168.1.24,0.20044326782226562,0,5,fc2771d4,0.04782260588194352,0.0443859490603298,0.978589422612806,0.9915393651402097,0.5941826594993184,15.195809100282823
loss,test,done,timesteps_total,episodes_total,training_iteration,experiment_id,date,timestamp,time_this_iter_s,time_total_s,pid,hostname,node_ip,time_since_restore,timesteps_since_restore,iterations_since_restore,trial_id,config/lr,config/weight_decay,config/b1,config/b2,config/droupout_prob,config/eps
6.148211909275429,5.546436982996323,False,,,1,6723a73083d74003aab000ea99838594,2021-04-05_16-05-38,1617631538,0.06845307350158691,0.06845307350158691,15929,antoine-HP-Spectre-Laptop-13-af0xx,192.168.1.24,0.06845307350158691,0,1,fceb3268,0.03636958259104546,0.005391921941319301,0.9961975875488346,0.998358571166354,0.759378528641035,7.312834325880878
36.726998123468135,39.903787051930145,False,,,2,6723a73083d74003aab000ea99838594,2021-04-05_16-05-38,1617631538,0.054826974868774414,0.12328004837036133,15929,antoine-HP-Spectre-Laptop-13-af0xx,192.168.1.24,0.12328004837036133,0,2,fceb3268,0.03636958259104546,0.005391921941319301,0.9961975875488346,0.998358571166354,0.759378528641035,7.312834325880878
12.796068378523284,11.694746428844976,False,,,3,6723a73083d74003aab000ea99838594,2021-04-05_16-05-38,1617631538,0.037123918533325195,0.16040396690368652,15929,antoine-HP-Spectre-Laptop-13-af0xx,192.168.1.24,0.16040396690368652,0,3,fceb3268,0.03636958259104546,0.005391921941319301,0.9961975875488346,0.998358571166354,0.759378528641035,7.312834325880878
14.822466681985293,18.451344209558822,False,,,4,6723a73083d74003aab000ea99838594,2021-04-05_16-05-38,1617631538,0.06434440612792969,0.2247483730316162,15929,antoine-HP-Spectre-Laptop-13-af0xx,192.168.1.24,0.2247483730316162,0,4,fceb3268,0.03636958259104546,0.005391921941319301,0.9961975875488346,0.998358571166354,0.759378528641035,7.312834325880878
22.887769512101716,23.53363156786152,True,,,5,6723a73083d74003aab000ea99838594,2021-04-05_16-05-38,1617631538,0.05647850036621094,0.28122687339782715,15929,antoine-HP-Spectre-Laptop-13-af0xx,192.168.1.24,0.28122687339782715,0,5,fceb3268,0.03636958259104546,0.005391921941319301,0.9961975875488346,0.998358571166354,0.759378528641035,7.312834325880878
0.8812856487199372,0.8795917735380285,False,,,2,407d528bde9d471189675afe4fce03da,2021-04-05_16-05-39,1617631539,0.05699610710144043,0.10973715782165527,15909,antoine-HP-Spectre-Laptop-13-af0xx,192.168.1.24,0.05699610710144043,0,1,f993b608,0.0157920012473885,0.09430662988381594,0.992652926726175,0.9996764696753427,0.8806063547988452,10.693400021698796
0.13631167131311753,0.15319065019196154,True,,,3,407d528bde9d471189675afe4fce03da,2021-04-05_16-05-39,1617631539,0.05329298973083496,0.16303014755249023,15909,antoine-HP-Spectre-Laptop-13-af0xx,192.168.1.24,0.11028909683227539,0,2,f993b608,0.0157920012473885,0.09430662988381594,0.992652926726175,0.9996764696753427,0.8806063547988452,10.693400021698796
loss,test,done,timesteps_total,episodes_total,training_iteration,experiment_id,date,timestamp,time_this_iter_s,time_total_s,pid,hostname,node_ip,time_since_restore,timesteps_since_restore,iterations_since_restore,trial_id,config/lr,config/weight_decay,config/b1,config/b2,config/droupout_prob,config/eps
3.3001852596507355,4.828880459654565,False,,,1,4327632a68194a1d8c53c87e788cfdab,2021-04-05_16-05-40,1617631540,0.033545732498168945,0.033545732498168945,16134,antoine-HP-Spectre-Laptop-13-af0xx,192.168.1.24,0.033545732498168945,0,1,fddc7736,0.0346545755879558,0.023940827058084743,0.9723659708797122,0.9905380623524418,0.8306893298663587,14.99646408466855
loss,test,done,timesteps_total,episodes_total,training_iteration,experiment_id,date,timestamp,time_this_iter_s,time_total_s,pid,hostname,node_ip,time_since_restore,timesteps_since_restore,iterations_since_restore,trial_id,config/lr,config/weight_decay,config/b1,config/b2,config/droupout_prob,config/eps
143.9453316482843,130.54440487132354,False,,,1,5729d71a6f1747cfa71fd2a9b29b8a63,2021-04-05_16-05-40,1617631540,0.052428483963012695,0.052428483963012695,16139,antoine-HP-Spectre-Laptop-13-af0xx,192.168.1.24,0.052428483963012695,0,1,fe6d35be,0.04672940121594537,0.07168307924324732,0.9936885426895183,0.9921104685977008,0.5868477900940307,6.458161951634412
loss,test,done,timesteps_total,episodes_total,training_iteration,experiment_id,date,timestamp,time_this_iter_s,time_total_s,pid,hostname,node_ip,time_since_restore,timesteps_since_restore,iterations_since_restore,trial_id,config/lr,config/weight_decay,config/b1,config/b2,config/droupout_prob,config/eps
1399.1239276960785,1287.4368872549019,True,,,1,e0a4a6fbf19a4accb57beb20cf113fc0,2021-04-05_16-05-40,1617631540,0.02936077117919922,0.02936077117919922,16142,antoine-HP-Spectre-Laptop-13-af0xx,192.168.1.24,0.02936077117919922,0,1,fe47d4d6,0.09990940787475588,0.02242815708887076,0.9757439562050666,0.9935331948718196,0.13364103943185066,7.342921296520813
2.0060800290575216,2.3541789335363053,False,,,2,8e14793b991e4481acf0be8291a84766,2021-04-05_16-05-41,1617631541,0.04037642478942871,0.1152803897857666,16149,antoine-HP-Spectre-Laptop-13-af0xx,192.168.1.24,0.04037642478942871,0,1,fbd5d7c0,0.02534630679322504,0.07002031183519157,0.9879218716374153,0.9998129678337128,0.7067449879903942,16.953010258434382
loss,test,done,timesteps_total,episodes_total,training_iteration,experiment_id,date,timestamp,time_this_iter_s,time_total_s,pid,hostname,node_ip,time_since_restore,timesteps_since_restore,iterations_since_restore,trial_id,config/lr,config/weight_decay,config/b1,config/b2,config/droupout_prob,config/eps
14.228275074678308,11.992532169117647,False,,,1,d150e391e1c340748dead6d066d5aefb,2021-04-05_16-05-41,1617631541,0.05528831481933594,0.05528831481933594,16150,antoine-HP-Spectre-Laptop-13-af0xx,192.168.1.24,0.05528831481933594,0,1,fec4d166,0.0059378434309902296,0.026473983541701853,0.9749122433287083,0.9927780750111912,0.9808673726639758,10.462917169242496
35.06212182138481,32.106608072916664,True,,,3,8e14793b991e4481acf0be8291a84766,2021-04-05_16-05-41,1617631541,0.04462480545043945,0.15990519523620605,16149,antoine-HP-Spectre-Laptop-13-af0xx,192.168.1.24,0.08500123023986816,0,2,fbd5d7c0,0.02534630679322504,0.07002031183519157,0.9879218716374153,0.9998129678337128,0.7067449879903942,16.953010258434382
loss,test,done,timesteps_total,episodes_total,training_iteration,experiment_id,date,timestamp,time_this_iter_s,time_total_s,pid,hostname,node_ip,time_since_restore,timesteps_since_restore,iterations_since_restore,trial_id,config/lr,config/weight_decay,config/b1,config/b2,config/droupout_prob,config/eps
1.891708822811351,3.0140988219018077,False,,,1,5cbbaf7cbb734333822ff0fa6ead8c10,2021-04-05_16-05-41,1617631541,0.05542778968811035,0.05542778968811035,16143,antoine-HP-Spectre-Laptop-13-af0xx,192.168.1.24,0.05542778968811035,0,1,fefc59d8,0.01000725608237345,0.01648111592105143,0.9458586272259992,0.9912770805700918,0.888598629761672,13.47889792843456
loss,test,done,timesteps_total,episodes_total,training_iteration,experiment_id,date,timestamp,time_this_iter_s,time_total_s,pid,hostname,node_ip,time_since_restore,timesteps_since_restore,iterations_since_restore,trial_id,config/lr,config/weight_decay,config/b1,config/b2,config/droupout_prob,config/eps
34.67013250612745,29.616838043811274,False,,,1,2c1bc5200a6a46468eea3c86b56aa760,2021-04-05_16-05-41,1617631541,0.04761004447937012,0.04761004447937012,16144,antoine-HP-Spectre-Laptop-13-af0xx,192.168.1.24,0.04761004447937012,0,1,ffd39448,0.042468328769292234,0.09723843861073218,0.9634517007343151,0.9933967388766164,0.615001192345555,6.854221677524038
3.8255684048521754,3.25269422344133,False,,,2,d150e391e1c340748dead6d066d5aefb,2021-04-05_16-05-41,1617631541,0.04414057731628418,0.09942889213562012,16150,antoine-HP-Spectre-Laptop-13-af0xx,192.168.1.24,0.09942889213562012,0,2,fec4d166,0.0059378434309902296,0.026473983541701853,0.9749122433287083,0.9927780750111912,0.9808673726639758,10.462917169242496
1.188756680956074,1.2840559716318167,False,,,2,5cbbaf7cbb734333822ff0fa6ead8c10,2021-04-05_16-05-41,1617631541,0.06696343421936035,0.1223912239074707,16143,antoine-HP-Spectre-Laptop-13-af0xx,192.168.1.24,0.1223912239074707,0,2,fefc59d8,0.01000725608237345,0.01648111592105143,0.9458586272259992,0.9912770805700918,0.888598629761672,13.47889792843456
loss,test,done,timesteps_total,episodes_total,training_iteration,experiment_id,date,timestamp,time_this_iter_s,time_total_s,pid,hostname,node_ip,time_since_restore,timesteps_since_restore,iterations_since_restore,trial_id,config/lr,config/weight_decay,config/b1,config/b2,config/droupout_prob,config/eps
47.370825674019606,51.110667509191174,False,,,1,6a43d34bdc0646528a1ee51733817d43,2021-04-05_16-05-41,1617631541,0.08901596069335938,0.08901596069335938,16153,antoine-HP-Spectre-Laptop-13-af0xx,192.168.1.24,0.08901596069335938,0,1,ff59baba,0.03258450478401066,0.0901383463610882,0.979656424835952,0.999627594742867,0.76183542236665,12.904455065309627
0.3449253007477405,0.3265666961669922,False,,,3,5cbbaf7cbb734333822ff0fa6ead8c10,2021-04-05_16-05-42,1617631542,0.057866811752319336,0.18025803565979004,16143,antoine-HP-Spectre-Laptop-13-af0xx,192.168.1.24,0.18025803565979004,0,3,fefc59d8,0.01000725608237345,0.01648111592105143,0.9458586272259992,0.9912770805700918,0.888598629761672,13.47889792843456
0.4320443471272786,0.4096849104937385,False,,,3,d150e391e1c340748dead6d066d5aefb,2021-04-05_16-05-42,1617631542,0.05690932273864746,0.15633821487426758,16150,antoine-HP-Spectre-Laptop-13-af0xx,192.168.1.24,0.15633821487426758,0,3,fec4d166,0.0059378434309902296,0.026473983541701853,0.9749122433287083,0.9927780750111912,0.9808673726639758,10.462917169242496
0.02797072541479971,0.03481939493441114,False,,,4,5cbbaf7cbb734333822ff0fa6ead8c10,2021-04-05_16-05-42,1617631542,0.03471040725708008,0.21496844291687012,16143,antoine-HP-Spectre-Laptop-13-af0xx,192.168.1.24,0.21496844291687012,0,4,fefc59d8,0.01000725608237345,0.01648111592105143,0.9458586272259992,0.9912770805700918,0.888598629761672,13.47889792843456
0.207398115419874,0.3087058908799115,False,,,4,d150e391e1c340748dead6d066d5aefb,2021-04-05_16-05-42,1617631542,0.04193449020385742,0.198272705078125,16150,antoine-HP-Spectre-Laptop-13-af0xx,192.168.1.24,0.198272705078125,0,4,fec4d166,0.0059378434309902296,0.026473983541701853,0.9749122433287083,0.9927780750111912,0.9808673726639758,10.462917169242496
0.10264301300048828,0.11266689674527038,False,,,5,5cbbaf7cbb734333822ff0fa6ead8c10,2021-04-05_16-05-42,1617631542,0.03836464881896973,0.25333309173583984,16143,antoine-HP-Spectre-Laptop-13-af0xx,192.168.1.24,0.25333309173583984,0,5,fefc59d8,0.01000725608237345,0.01648111592105143,0.9458586272259992,0.9912770805700918,0.888598629761672,13.47889792843456
0.9157800113453585,1.0937229979271983,True,,,5,d150e391e1c340748dead6d066d5aefb,2021-04-05_16-05-42,1617631542,0.043535709381103516,0.24180841445922852,16150,antoine-HP-Spectre-Laptop-13-af0xx,192.168.1.24,0.24180841445922852,0,5,fec4d166,0.0059378434309902296,0.026473983541701853,0.9749122433287083,0.9927780750111912,0.9808673726639758,10.462917169242496
loss,test,done,timesteps_total,episodes_total,training_iteration,experiment_id,date,timestamp,time_this_iter_s,time_total_s,pid,hostname,node_ip,time_since_restore,timesteps_since_restore,iterations_since_restore,trial_id,config/lr,config/weight_decay,config/b1,config/b2,config/droupout_prob,config/eps
775.9377297794117,724.0406709558823,True,,,1,3d662c62928a42459b4c02bced1a7b87,2021-04-05_16-05-43,1617631543,0.02846550941467285,0.02846550941467285,16242,antoine-HP-Spectre-Laptop-13-af0xx,192.168.1.24,0.02846550941467285,0,1,002fbef8,0.07013014251582,0.09093028712167656,0.9321154441367459,0.9944418490959446,0.08720839836999318,7.30034177496297
loss,test,done,timesteps_total,episodes_total,training_iteration,experiment_id,date,timestamp,time_this_iter_s,time_total_s,pid,hostname,node_ip,time_since_restore,timesteps_since_restore,iterations_since_restore,trial_id,config/lr,config/weight_decay,config/b1,config/b2,config/droupout_prob,config/eps
1.959063212076823,1.9614616842830883,False,,,1,7e718e8a0c5b482bbb732d7ba1b1207d,2021-04-05_16-05-45,1617631545,0.026883602142333984,0.026883602142333984,16401,antoine-HP-Spectre-Laptop-13-af0xx,192.168.1.24,0.026883602142333984,0,1,010e0c94,0.0008247255041584423,0.09199238062172793,0.970628438408318,0.9988648880594347,0.8420809568746103,19.266273564520162
1.0146814982096355,0.9953462189319087,False,,,2,7e718e8a0c5b482bbb732d7ba1b1207d,2021-04-05_16-05-45,1617631545,0.035707950592041016,0.062591552734375,16401,antoine-HP-Spectre-Laptop-13-af0xx,192.168.1.24,0.062591552734375,0,2,010e0c94,0.0008247255041584423,0.09199238062172793,0.970628438408318,0.9988648880594347,0.8420809568746103,19.266273564520162
0.44925925310920267,0.4409331901400697,False,,,3,7e718e8a0c5b482bbb732d7ba1b1207d,2021-04-05_16-05-45,1617631545,0.05841708183288574,0.12100863456726074,16401,antoine-HP-Spectre-Laptop-13-af0xx,192.168.1.24,0.12100863456726074,0,3,010e0c94,0.0008247255041584423,0.09199238062172793,0.970628438408318,0.9988648880594347,0.8420809568746103,19.266273564520162
0.27366017360313266,0.27115702161601946,False,,,4,7e718e8a0c5b482bbb732d7ba1b1207d,2021-04-05_16-05-45,1617631545,0.05216169357299805,0.1731703281402588,16401,antoine-HP-Spectre-Laptop-13-af0xx,192.168.1.24,0.1731703281402588,0,4,010e0c94,0.0008247255041584423,0.09199238062172793,0.970628438408318,0.9988648880594347,0.8420809568746103,19.266273564520162
0.16027527229458677,0.15917415244906558,False,,,5,7e718e8a0c5b482bbb732d7ba1b1207d,2021-04-05_16-05-46,1617631546,0.03206205368041992,0.2052323818206787,16401,antoine-HP-Spectre-Laptop-13-af0xx,192.168.1.24,0.2052323818206787,0,5,010e0c94,0.0008247255041584423,0.09199238062172793,0.970628438408318,0.9988648880594347,0.8420809568746103,19.266273564520162
14.638407389322916,13.90161252489277,False,,,2,2c1bc5200a6a46468eea3c86b56aa760,2021-04-05_16-05-46,1617631546,0.018810272216796875,0.06642031669616699,16414,antoine-HP-Spectre-Laptop-13-af0xx,192.168.1.24,0.018810272216796875,0,1,ffd39448,0.042468328769292234,0.09723843861073218,0.9634517007343151,0.9933967388766164,0.615001192345555,6.854221677524038
loss,test,done,timesteps_total,episodes_total,training_iteration,experiment_id,date,timestamp,time_this_iter_s,time_total_s,pid,hostname,node_ip,time_since_restore,timesteps_since_restore,iterations_since_restore,trial_id,config/lr,config/weight_decay,config/b1,config/b2,config/droupout_prob,config/eps
243.86069623161765,218.5186887254902,False,,,1,b7110baa32ef4b85864bf1f2b1200fd1,2021-04-05_16-05-46,1617631546,0.014843225479125977,0.014843225479125977,16402,antoine-HP-Spectre-Laptop-13-af0xx,192.168.1.24,0.014843225479125977,0,1,0172c094,0.04197277437535284,0.024003100149657435,0.9244477803042255,0.9932394545097952,0.016058970520978672,19.298366997560628
loss,test,done,timesteps_total,episodes_total,training_iteration,experiment_id,date,timestamp,time_this_iter_s,time_total_s,pid,hostname,node_ip,time_since_restore,timesteps_since_restore,iterations_since_restore,trial_id,config/lr,config/weight_decay,config/b1,config/b2,config/droupout_prob,config/eps
27.390605851715687,31.495672487745097,False,,,1,0be11b56716744a3a0e4446f37258ce8,2021-04-05_16-05-46,1617631546,0.02707052230834961,0.02707052230834961,16404,antoine-HP-Spectre-Laptop-13-af0xx,192.168.1.24,0.02707052230834961,0,1,01e7526a,0.008055418229643872,0.094016907705955,0.9042943969781899,0.9977048173315654,0.3441913024772175,10.737559411032937
311.23349417892155,371.228821997549,False,,,2,b7110baa32ef4b85864bf1f2b1200fd1,2021-04-05_16-05-46,1617631546,0.022717714309692383,0.03756093978881836,16402,antoine-HP-Spectre-Laptop-13-af0xx,192.168.1.24,0.03756093978881836,0,2,0172c094,0.04197277437535284,0.024003100149657435,0.9244477803042255,0.9932394545097952,0.016058970520978672,19.298366997560628
loss,test,done,timesteps_total,episodes_total,training_iteration,experiment_id,date,timestamp,time_this_iter_s,time_total_s,pid,hostname,node_ip,time_since_restore,timesteps_since_restore,iterations_since_restore,trial_id,config/lr,config/weight_decay,config/b1,config/b2,config/droupout_prob,config/eps
1871.9828431372548,1847.7996323529412,False,,,1,e87178b2cd7948afa9ee3a1821089364,2021-04-05_16-05-46,1617631546,0.02573680877685547,0.02573680877685547,16408,antoine-HP-Spectre-Laptop-13-af0xx,192.168.1.24,0.02573680877685547,0,1,021c59c4,0.09911062087937536,0.0234365972882641,0.9977530618272668,0.9967834783412052,0.3810999291764868,6.283372386992916
4.339253145105698,4.801046932444853,False,,,2,4327632a68194a1d8c53c87e788cfdab,2021-04-05_16-05-46,1617631546,0.04052734375,0.07407307624816895,16400,antoine-HP-Spectre-Laptop-13-af0xx,192.168.1.24,0.04052734375,0,1,fddc7736,0.0346545755879558,0.023940827058084743,0.9723659708797122,0.9905380623524418,0.8306893298663587,14.99646408466855
loss,test,done,timesteps_total,episodes_total,training_iteration,experiment_id,date,timestamp,time_this_iter_s,time_total_s,pid,hostname,node_ip,time_since_restore,timesteps_since_restore,iterations_since_restore,trial_id,config/lr,config/weight_decay,config/b1,config/b2,config/droupout_prob,config/eps
0.14694542043349323,0.2195292454139859,False,,,1,11b8288a913b4a6da08beeb5a66fcdae,2021-04-05_16-05-46,1617631546,0.023755550384521484,0.023755550384521484,16416,antoine-HP-Spectre-Laptop-13-af0xx,192.168.1.24,0.023755550384521484,0,1,025dfc80,0.015574139338886829,0.0074929784501230785,0.9413466490155686,0.9902859795065877,0.8864580158170275,11.103145740462603
27.776158949908087,36.317114736519606,False,,,3,b7110baa32ef4b85864bf1f2b1200fd1,2021-04-05_16-05-46,1617631546,0.016793489456176758,0.05435442924499512,16402,antoine-HP-Spectre-Laptop-13-af0xx,192.168.1.24,0.05435442924499512,0,3,0172c094,0.04197277437535284,0.024003100149657435,0.9244477803042255,0.9932394545097952,0.016058970520978672,19.298366997560628
44.83627259497549,50.54058478860294,True,,,3,2c1bc5200a6a46468eea3c86b56aa760,2021-04-05_16-05-46,1617631546,0.013914108276367188,0.08033442497253418,16414,antoine-HP-Spectre-Laptop-13-af0xx,192.168.1.24,0.03272438049316406,0,2,ffd39448,0.042468328769292234,0.09723843861073218,0.9634517007343151,0.9933967388766164,0.615001192345555,6.854221677524038
loss,test,done,timesteps_total,episodes_total,training_iteration,experiment_id,date,timestamp,time_this_iter_s,time_total_s,pid,hostname,node_ip,time_since_restore,timesteps_since_restore,iterations_since_restore,trial_id,config/lr,config/weight_decay,config/b1,config/b2,config/droupout_prob,config/eps
2.2416410259172026,4.364955827301624,False,,,1,25802c1da89a4b4fb9b83e1b6846c7c2,2021-04-05_16-05-46,1617631546,0.05878162384033203,0.05878162384033203,16395,antoine-HP-Spectre-Laptop-13-af0xx,192.168.1.24,0.05878162384033203,0,1,0194d1fc,0.005280510399416434,0.09795285766968821,0.9664056962978116,0.9999326306051312,0.5050939891037626,17.50010462809743
109.77285347732843,125.05005361519608,False,,,4,b7110baa32ef4b85864bf1f2b1200fd1,2021-04-05_16-05-47,1617631547,0.0184934139251709,0.07284784317016602,16402,antoine-HP-Spectre-Laptop-13-af0xx,192.168.1.24,0.07284784317016602,0,4,0172c094,0.04197277437535284,0.024003100149657435,0.9244477803042255,0.9932394545097952,0.016058970520978672,19.298366997560628
0.30594448014801623,0.25200363233977674,True,,,3,4327632a68194a1d8c53c87e788cfdab,2021-04-05_16-05-47,1617631547,0.02187180519104004,0.09594488143920898,16400,antoine-HP-Spectre-Laptop-13-af0xx,192.168.1.24,0.06239914894104004,0,2,fddc7736,0.0346545755879558,0.023940827058084743,0.9723659708797122,0.9905380623524418,0.8306893298663587,14.99646408466855
0.1609646853278665,0.16988324184043735,False,,,2,11b8288a913b4a6da08beeb5a66fcdae,2021-04-05_16-05-47,1617631547,0.033599138259887695,0.05735468864440918,16416,antoine-HP-Spectre-Laptop-13-af0xx,192.168.1.24,0.05735468864440918,0,2,025dfc80,0.015574139338886829,0.0074929784501230785,0.9413466490155686,0.9902859795065877,0.8864580158170275,11.103145740462603
3.063141766716452,3.187677121629902,True,,,5,b7110baa32ef4b85864bf1f2b1200fd1,2021-04-05_16-05-47,1617631547,0.03268146514892578,0.1055293083190918,16402,antoine-HP-Spectre-Laptop-13-af0xx,192.168.1.24,0.1055293083190918,0,5,0172c094,0.04197277437535284,0.024003100149657435,0.9244477803042255,0.9932394545097952,0.016058970520978672,19.298366997560628
0.026809351117003197,0.05434615004296396,False,,,2,25802c1da89a4b4fb9b83e1b6846c7c2,2021-04-05_16-05-47,1617631547,0.05144810676574707,0.1102297306060791,16395,antoine-HP-Spectre-Laptop-13-af0xx,192.168.1.24,0.1102297306060791,0,2,0194d1fc,0.005280510399416434,0.09795285766968821,0.9664056962978116,0.9999326306051312,0.5050939891037626,17.50010462809743
0.30643199471866384,0.40300743252623317,False,,,3,11b8288a913b4a6da08beeb5a66fcdae,2021-04-05_16-05-47,1617631547,0.03265643119812012,0.0900111198425293,16416,antoine-HP-Spectre-Laptop-13-af0xx,192.168.1.24,0.0900111198425293,0,3,025dfc80,0.015574139338886829,0.0074929784501230785,0.9413466490155686,0.9902859795065877,0.8864580158170275,11.103145740462603
1.427927952186734,1.5189128202550553,False,,,4,11b8288a913b4a6da08beeb5a66fcdae,2021-04-05_16-05-47,1617631547,0.04768562316894531,0.1376967430114746,16416,antoine-HP-Spectre-Laptop-13-af0xx,192.168.1.24,0.1376967430114746,0,4,025dfc80,0.015574139338886829,0.0074929784501230785,0.9413466490155686,0.9902859795065877,0.8864580158170275,11.103145740462603
1.4221329034543504,3.0002438414330577,True,,,3,25802c1da89a4b4fb9b83e1b6846c7c2,2021-04-05_16-05-47,1617631547,0.04950881004333496,0.15973854064941406,16395,antoine-HP-Spectre-Laptop-13-af0xx,192.168.1.24,0.15973854064941406,0,3,0194d1fc,0.005280510399416434,0.09795285766968821,0.9664056962978116,0.9999326306051312,0.5050939891037626,17.50010462809743
0.1966871186798694,0.23595729528688916,False,,,5,11b8288a913b4a6da08beeb5a66fcdae,2021-04-05_16-05-47,1617631547,0.05325770378112793,0.19095444679260254,16416,antoine-HP-Spectre-Laptop-13-af0xx,192.168.1.24,0.19095444679260254,0,5,025dfc80,0.015574139338886829,0.0074929784501230785,0.9413466490155686,0.9902859795065877,0.8864580158170275,11.103145740462603
loss,test,done,timesteps_total,episodes_total,training_iteration,experiment_id,date,timestamp,time_this_iter_s,time_total_s,pid,hostname,node_ip,time_since_restore,timesteps_since_restore,iterations_since_restore,trial_id,config/lr,config/weight_decay,config/b1,config/b2,config/droupout_prob,config/eps
18.38089049096201,21.78670486749387,False,,,1,c2afc85df20e48438ac00f9c58223a1d,2021-04-05_16-05-48,1617631548,0.05727195739746094,0.05727195739746094,16519,antoine-HP-Spectre-Laptop-13-af0xx,192.168.1.24,0.05727195739746094,0,1,0281ace8,0.009806788464636439,0.001290653490182744,0.9726916083424768,0.9914478028452293,0.8885117430364191,13.416378319921318
0.7169497620825674,1.2896267760033702,False,,,2,c2afc85df20e48438ac00f9c58223a1d,2021-04-05_16-05-48,1617631548,0.040048837661743164,0.0973207950592041,16519,antoine-HP-Spectre-Laptop-13-af0xx,192.168.1.24,0.0973207950592041,0,2,0281ace8,0.009806788464636439,0.001290653490182744,0.9726916083424768,0.9914478028452293,0.8885117430364191,13.416378319921318
0.6676422567928538,0.551170685712029,False,,,3,c2afc85df20e48438ac00f9c58223a1d,2021-04-05_16-05-48,1617631548,0.02465033531188965,0.12197113037109375,16519,antoine-HP-Spectre-Laptop-13-af0xx,192.168.1.24,0.12197113037109375,0,3,0281ace8,0.009806788464636439,0.001290653490182744,0.9726916083424768,0.9914478028452293,0.8885117430364191,13.416378319921318
0.2495562048519359,0.2281830731560202,False,,,4,c2afc85df20e48438ac00f9c58223a1d,2021-04-05_16-05-48,1617631548,0.04810285568237305,0.1700739860534668,16519,antoine-HP-Spectre-Laptop-13-af0xx,192.168.1.24,0.1700739860534668,0,4,0281ace8,0.009806788464636439,0.001290653490182744,0.9726916083424768,0.9914478028452293,0.8885117430364191,13.416378319921318
0.5045062794404871,0.4799377964992149,True,,,5,c2afc85df20e48438ac00f9c58223a1d,2021-04-05_16-05-48,1617631548,0.02473592758178711,0.1948099136352539,16519,antoine-HP-Spectre-Laptop-13-af0xx,192.168.1.24,0.1948099136352539,0,5,0281ace8,0.009806788464636439,0.001290653490182744,0.9726916083424768,0.9914478028452293,0.8885117430364191,13.416378319921318
loss,test,done,timesteps_total,episodes_total,training_iteration,experiment_id,date,timestamp,time_this_iter_s,time_total_s,pid,hostname,node_ip,time_since_restore,timesteps_since_restore,iterations_since_restore,trial_id,config/lr,config/weight_decay,config/b1,config/b2,config/droupout_prob,config/eps
3.425501505533854,3.6889872831456803,False,,,1,590309fd49b3467d855e2126c186720f,2021-04-05_16-05-49,1617631549,0.011473655700683594,0.011473655700683594,16677,antoine-HP-Spectre-Laptop-13-af0xx,192.168.1.24,0.011473655700683594,0,1,047d9fc0,0.007391885469131529,0.06743479808959438,0.9774652240466046,0.9974557244530847,0.1596248968749251,12.499322005223837
loss,test,done,timesteps_total,episodes_total,training_iteration,experiment_id,date,timestamp,time_this_iter_s,time_total_s,pid,hostname,node_ip,time_since_restore,timesteps_since_restore,iterations_since_restore,trial_id,config/lr,config/weight_decay,config/b1,config/b2,config/droupout_prob,config/eps
150.4566961550245,160.45462814031862,False,,,1,d5ab6c1b68d347ab8f8bf6d614a727f3,2021-04-05_16-05-49,1617631549,0.00978231430053711,0.00978231430053711,16684,antoine-HP-Spectre-Laptop-13-af0xx,192.168.1.24,0.00978231430053711,0,1,04b3cd3e,0.013944837194104916,0.08537633473842086,0.9904787951193401,0.9998349968309619,0.27525042742181793,16.402130095563532
12.191889744178921,14.924852558210784,False,,,2,590309fd49b3467d855e2126c186720f,2021-04-05_16-05-50,1617631550,0.009706497192382812,0.021180152893066406,16727,antoine-HP-Spectre-Laptop-13-af0xx,192.168.1.24,0.009706497192382812,0,1,047d9fc0,0.007391885469131529,0.06743479808959438,0.9774652240466046,0.9974557244530847,0.1596248968749251,12.499322005223837
10.856186810661764,10.041850968903185,True,,,3,590309fd49b3467d855e2126c186720f,2021-04-05_16-05-50,1617631550,0.00961923599243164,0.030799388885498047,16727,antoine-HP-Spectre-Laptop-13-af0xx,192.168.1.24,0.019325733184814453,0,2,047d9fc0,0.007391885469131529,0.06743479808959438,0.9774652240466046,0.9974557244530847,0.1596248968749251,12.499322005223837
