lr,droupout_prob,weight_decay,b1,b2,loss,test
0.07615740644347263,0.2530077051385828,0.08860077550341251,0.9743410595105062,0.9956850513628704,0.4712,0.4756
0.0275270086549207,0.08767333300453807,0.05714268296012142,0.9199953888832295,0.997439133346806,0.6206,0.6098
0.024756138583593924,0.9265692922799638,0.0410311611216726,0.9528266674180143,0.9974431449145936,0.4088,0.4214
0.0263373913351546,0.018856151882089365,0.02638909645227551,0.9101606494597748,0.9969499093618344,0.7208,0.7164
0.0263373913351546,0.018856151882089365,0.02638909645227551,0.9101606494597748,0.9969499093618344,0.754,0.7468
0.046979522750374404,0.0,0.0,0.9,0.9945188745743241,0.7006,0.6908
0.022909984080281928,0.5812707614207362,0.00812421117970202,0.951854190534524,0.9940286080293156,0.7586,0.7514
0.06771419180737656,0.5150599901293711,0.09372631786251903,0.9037305016180636,0.9999999999,0.388,0.3934
0.022909984080281928,0.5812707614207362,0.00812421117970202,0.951854190534524,0.9940286080293156,0.7584,0.7558
0.03155507355849177,0.41592417331629333,0.0,0.9999999999,0.9922033582922515,0.7116,0.715
0.028633938547524457,0.6688006652043944,0.017597513168668914,0.997349623473281,0.9907823666487916,0.7194,0.7112
0.03171221030722403,1.0,0.0,0.9,0.9940128692213136,0.325,0.3172
0.04660459237088031,0.5259486543676605,0.0,0.9799994456683072,0.9919757673341131,0.5464,0.5424
0.0,0.44333902071559206,0.07262066173282908,0.9735593178396063,0.9908493297519355,0.7586,0.7514
0.0,0.6573739624653611,0.006837317232909458,0.9999999999,0.99,0.7586,0.7514
0.012863320446266905,0.5841998613491914,0.004318199075576751,0.9723976028922713,0.9927523054352053,0.78,0.7732
0.012863320446266905,0.5841998613491914,0.004318199075576751,0.9723976028922713,0.9927523054352053,0.79,0.7724
0.0,0.0,0.0,0.9,0.99,0.78,0.7732
0.1,0.0,0.0,0.9999999999,0.9999999999,0.175,0.1644
0.007367696476547361,0.5313554053428985,0.1,0.9,0.9999999999,0.6602,0.6542
0.012863320446266905,0.5841998613491914,0.004318199075576751,0.9723976028922713,0.9927523054352053,0.7852,0.7738
0.011073925360711917,0.5271564338663802,0.009125585481876784,0.9999999999,0.99,0.7718,0.7684
0.0,0.2678040456522451,0.0,0.985994162315777,0.9995084941612329,0.79,0.7724
0.019234009580254122,0.0,0.0,0.9999999999,0.99,0.7538,0.7556
0.0,0.2678040456522451,0.0,0.985994162315777,0.9995084941612329,0.79,0.7724
0.0,0.3720540505529127,0.0,0.9999999999,0.99,0.79,0.7724
0.0,0.3577045014930348,0.0,0.9,0.9999999999,0.79,0.7724
0.0,0.0,0.1,0.9,0.9999999999,0.79,0.7724
0.0,0.2678040456522451,0.0,0.985994162315777,0.9995084941612329,0.79,0.7724
0.0,0.2898740885216527,0.1,0.9999999999,0.991073234927457,0.79,0.7724
0.1,1.0,0.1,0.9921625521808037,0.9952859911764047,0.0952,0.1048
0.0,0.14377980882569036,0.1,0.9,0.9962833232888326,0.79,0.7724
0.0,0.2678040456522451,0.0,0.985994162315777,0.9995084941612329,0.79,0.7724
0.0,0.0,0.050029309131274825,0.9999999999,0.9999999999,0.79,0.7724
0.0,0.22898498772189613,0.05643107428146326,0.9393245441396122,0.99,0.79,0.7724
0.03200680685434188,0.0,0.0,0.9262562606854359,0.9912887841925204,0.6966,0.691
0.0,0.2678040456522451,0.0,0.985994162315777,0.9995084941612329,0.79,0.7724
0.014462441168961762,0.6031545896834365,0.0,0.9986325423898667,0.99,0.7868,0.781
0.060147443651720284,0.0,0.0,0.9413022274661529,0.9999999999,0.0952,0.1048
0.0,0.6373330300238791,0.0,0.9999999999,0.99,0.79,0.7724
0.0,0.2678040456522451,0.0,0.985994162315777,0.9995084941612329,0.79,0.7724
0.06122926717575009,1.0,0.08636565666846031,0.9559241160317841,0.9913268079768109,0.1016,0.0984
0.007417708824729723,0.0,0.0,0.9999999999,0.9941633599015991,0.8218,0.8084
0.012084309664142333,0.0,0.0,0.9572988545340124,0.995467332402819,0.8206,0.8092
0.007417708824729723,0.0,0.0,0.9999999999,0.9941633599015991,0.8356,0.827
0.1,0.0,0.0,0.996980052358831,0.99,0.4846,0.4664
0.0,0.4917138123871702,0.0,0.9946745626412525,0.9959659964766465,0.8218,0.8084
0.0,0.3198492156515788,0.0,0.9,0.9943389525446408,0.8218,0.8084
0.007417708824729723,0.0,0.0,0.9999999999,0.9941633599015991,0.8496,0.8344
0.0,0.6053780114081337,0.0,0.9999999999,0.99,0.8356,0.827
0.0,0.45115916704132264,0.0,0.9961390173086917,0.995566876799443,0.8356,0.827
0.0,0.0,0.0,0.9,0.9967326727593953,0.8356,0.827
0.007417708824729723,0.0,0.0,0.9999999999,0.9941633599015991,0.8584,0.8512
0.0,0.5374655950393528,0.0,0.9952573559029858,0.99,0.8496,0.8344
0.0,0.0,0.1,0.9999999999,0.9939947600610908,0.8496,0.8344
0.0,0.3670236643622434,0.0,0.9999999999,0.9968871193072473,0.8496,0.8344
0.007417708824729723,0.0,0.0,0.9999999999,0.9941633599015991,0.8598,0.8594
0.0,0.5484185647930526,0.0,0.9937514575085942,0.99,0.8584,0.8512
0.1,0.37294593034521323,0.0,0.9143172591402923,0.99,0.5212,0.5254
0.0,0.06253188431911116,0.0,0.9361576865119513,0.9933004452071196,0.8584,0.8512
0.007417708824729723,0.0,0.0,0.9999999999,0.9941633599015991,0.8678,0.8546
0.0,0.5431552337951054,0.0,0.9999999999,0.99,0.8598,0.8594
0.010874608292112222,0.1516673212330267,0.0,0.9999999999,0.9923395479681414,0.8548,0.844
0.007392217647724681,0.07369786886068302,0.1,0.9620085839910978,0.992389158206797,0.7366,0.7304
0.007417708824729723,0.0,0.0,0.9999999999,0.9941633599015991,0.8658,0.8632
0.0,0.14006778402837222,0.0,0.9999999999,0.9932528856241641,0.8678,0.8546
0.0,0.5375610518199363,0.0,0.9999999999,0.99,0.8678,0.8546
0.0,0.1142018172292507,0.0,0.9999999999,0.9952642216523702,0.8678,0.8546
0.0,0.14006778402837222,0.0,0.9999999999,0.9932528856241641,0.8678,0.8546
0.0074164126411547715,0.2021427925832695,0.0,0.9999999999,0.9944639389829253,0.8588,0.8568
0.0,0.0,0.0,0.9999999999,0.9944324371970974,0.8678,0.8546
0.06394944806497557,0.0,0.1,0.9999999999,0.99,0.6868,0.6834
0.0,0.14006778402837222,0.0,0.9999999999,0.9932528856241641,0.8678,0.8546
0.012502388823892187,0.39400686053030887,0.0,0.9999999999,0.9968429287429602,0.8534,0.8398
0.0,0.0,0.066162748878533,0.9999999999,0.9960621246209214,0.8678,0.8546
0.01678851935138861,0.5119576442637395,0.0,0.9999999999,0.9999999999,0.8242,0.8164
0.0,0.14006778402837222,0.0,0.9999999999,0.9932528856241641,0.8678,0.8546
0.0,0.07604247034509141,0.0,0.9999999999,0.9942582690723152,0.8678,0.8546
0.0,0.0,0.04115458571979269,0.9999999999,0.9944275749490602,0.8678,0.8546
0.0,0.1972232084546842,0.0,0.9999999999,0.9947904642348708,0.8678,0.8546
0.046228107598238914,0.5710296854489322,0.07925018608961096,0.9686745293496365,0.9923784741750111,0.5592,0.5418
0.055661584922899736,0.6786889506313345,0.0192697267676842,0.9081211441660634,0.9970845577440487,0.6826,0.679
0.05851408117771909,0.2830407674555447,0.018988137476460082,0.964216936575521,0.996147409227344,0.733,0.7252
0.06709487042117702,0.08258542122538805,0.01806970293407755,0.9688781764842379,0.9932675252476021,0.6626,0.6526
0.05851408117771909,0.2830407674555447,0.018988137476460082,0.964216936575521,0.996147409227344,0.6132,0.6094
0.08774969644918656,0.4267810304051978,0.03391331316448668,0.9771014985920461,0.994101456860338,0.1008,0.0992
0.0,5.551115123125783e-17,0.047503255766735204,0.987735512818232,0.9927324079804746,0.733,0.7252
0.013445904741242666,0.06480709077164887,0.021255857029888706,0.9924214178654743,0.9996887182053722,0.775,0.7662
0.013445904741242666,0.06480709077164887,0.021255857029888706,0.9924214178654743,0.9996887182053722,0.7512,0.7452
0.00847560658074218,1.0,0.0,0.9,0.9999999999,0.5616,0.5538
0.026342212317632976,0.0,0.09011605129638894,0.903301502585939,0.9991308920495617,0.717,0.706
0.0,0.03991091459716229,0.04095979837029863,0.9999999999,0.9999999999,0.775,0.7662
0.0,0.03991091459716229,0.04095979837029863,0.9999999999,0.9999999999,0.775,0.7662
0.06425251086403216,1.0,0.034674072980269637,0.9757909664741582,0.9907282342402511,0.099,0.101
0.06475205605639611,0.0,0.0,0.9,0.9904068524509662,0.7106,0.7004
0.0,1.0,0.0708567178877724,0.9999999999,0.9999999999,0.775,0.7662
0.0,0.03991091459716229,0.04095979837029863,0.9999999999,0.9999999999,0.775,0.7662
0.0,0.14461151002703396,0.09359912613660226,0.9966998007231167,0.9956416796474996,0.775,0.7662
0.020877254618573923,0.6042785524046491,0.0021666835354778183,0.9983036982366491,0.992943645452577,0.713,0.704
0.0,0.8424735827176201,0.1,0.9918391869257717,0.9929358587814416,0.775,0.7662
0.0,0.03991091459716229,0.04095979837029863,0.9999999999,0.9999999999,0.775,0.7662
0.04268037981773634,0.0,0.0,0.9999999999,0.9999999999,0.6532,0.648
0.0,0.19995990194323926,0.043470737623679555,0.9169893662034022,0.9997290509467746,0.775,0.7662
0.03556825167979789,0.0,0.0,0.9419228136290114,0.9999999999,0.755,0.7484
0.0,0.03991091459716229,0.04095979837029863,0.9999999999,0.9999999999,0.775,0.7662
0.0,0.08482060737672258,0.09436824499959424,0.9191605199422869,0.9967690501858032,0.775,0.7662
0.08693778611488429,0.6211010392145556,0.06679249026397609,0.9305401475045771,0.9983499014684876,0.446,0.4444
0.1,0.0391896199604334,0.03585437218333295,0.9502806181886431,0.9909735513464202,0.098,0.102
0.0,0.03991091459716229,0.04095979837029863,0.9999999999,0.9999999999,0.775,0.7662
0.0377686616151534,0.0,0.01156473983743087,0.9,0.99,0.7484,0.7464
0.1,0.18020387033684784,0.1,0.9327226166057453,0.9934449223722601,0.1314,0.134
0.0,0.5232018809469252,0.0,0.9999999999,0.9999999999,0.775,0.7662
0.0,0.03991091459716229,0.04095979837029863,0.9999999999,0.9999999999,0.775,0.7662
0.05299301207868761,0.0,0.0,0.9409429874403996,0.9981847865037544,0.682,0.6678
0.011603670828409808,0.318722010258378,0.0,0.9506648625803985,0.9999999999,0.7888,0.7802
0.0575570059948487,0.33402751506846234,0.0,0.9,0.99,0.7418,0.7312
0.011603670828409808,0.318722010258378,0.0,0.9506648625803985,0.9999999999,0.8156,0.8102
0.0,0.5623525165994329,0.0,0.9520007255128223,0.9999999999,0.7888,0.7802
0.02406581812806468,0.3782651927566737,0.0,0.925137264729008,0.99,0.796,0.7866
0.011567474636130922,0.3492831458334119,0.024914046826795242,0.9,0.99,0.7482,0.7378
0.011603670828409808,0.318722010258378,0.0,0.9506648625803985,0.9999999999,0.8302,0.8212
0.021810629808479864,0.2632707099622301,0.1,0.9521932323065904,0.99,0.6862,0.6768
0.018598096428499824,0.27220421397436695,0.1,0.946891606547324,0.9999999999,0.677,0.6748
0.1,1.0,0.0,0.9,0.99,0.0994,0.1012
0.011603670828409808,0.318722010258378,0.0,0.9506648625803985,0.9999999999,0.8388,0.8268
0.0,0.2558201398456077,0.0,0.9539352481951813,0.9962254204630383,0.8302,0.8212
0.007712886165168253,0.11023322706592915,0.0,0.9344621307797099,0.9973671670886519,0.847,0.8414
0.0,1.0,0.0,0.9999999999,0.99,0.8302,0.8212
0.007712886165168253,0.11023322706592915,0.0,0.9344621307797099,0.9973671670886519,0.8574,0.8498
0.005899961002617278,0.0,0.0,0.9207368614789735,0.99,0.8608,0.855
0.005797590191263553,0.0,0.0,0.9171733850938031,0.99,0.8552,0.854
0.0,0.0,0.0,0.9250103446301756,0.99,0.847,0.8414
0.005899961002617278,0.0,0.0,0.9207368614789735,0.99,0.8628,0.8576
0.010401098055548723,0.0,0.0,0.9168891823071321,0.9999999999,0.8596,0.8554
0.005841690488295834,0.0,0.0,0.9,0.99,0.8678,0.862
0.0,0.0,0.0,0.9,0.99,0.8608,0.855
0.005841690488295834,0.0,0.0,0.9,0.99,0.8716,0.8644
0.012603659632813428,0.0,0.0,0.9,0.9999999999,0.8658,0.8614
1.3877787807814458e-18,0.0,0.0,0.9,0.9999999999,0.8678,0.862
0.011377977825246337,0.0,0.0,0.9,0.99,0.8592,0.854
0.005841690488295834,0.0,0.0,0.9,0.99,0.8748,0.8698
0.0,0.0,0.0,0.9,0.9999999999,0.8716,0.8644
0.006363126913992751,0.0,0.0,0.9,0.9999999999,0.8666,0.862
0.01603200203763999,0.0,0.0,0.9,0.99,0.8616,0.8496
0.005841690488295834,0.0,0.0,0.9,0.99,0.877,0.8678
0.07105954849394845,0.42419818753217564,0.1,0.9,0.99,0.5328,0.5424
0.0,0.0,0.0,0.9,0.99,0.8748,0.8698
0.0,1.0,0.0,0.9742520758275942,0.99,0.8748,0.8698
0.005841690488295834,0.0,0.0,0.9,0.99,0.8784,0.8716
0.0,1.0,0.0,0.9784146617022851,0.99,0.877,0.8678
0.0,1.0,0.0,0.978232730209104,0.9999999999,0.877,0.8678
0.0,1.0,0.0,0.9644392732662317,0.99,0.877,0.8678
0.005841690488295834,0.0,0.0,0.9,0.99,0.8792,0.872
0.00850669108530736,1.0,0.0,0.9687619933458346,0.99,0.688,0.6804
0.0030111200588361976,0.0,0.0,0.9,0.99,0.8838,0.8738
0.0,0.8310397964121732,0.0,0.946231212256522,0.9999999999,0.8784,0.8716
0.0030111200588361976,0.0,0.0,0.9,0.99,0.885,0.8754
0.0,0.8949984396825731,0.0,0.9681953999333802,0.99,0.8838,0.8738
0.0,0.22327475174351868,0.0,0.9999999999,0.9999999999,0.8838,0.8738
0.0,0.7983230392329033,0.0,0.99446901364342,0.9953585183424716,0.8838,0.8738
0.006765907700014075,0.48186465396653666,0.007736448827527578,0.9155619410737906,0.9933910444450608,0.7498,0.7532
0.08239321051679564,0.04537812166063227,0.06444145252605317,0.9476069268102121,0.9957416731676842,0.464,0.4568
0.09618976442554152,0.47983875213468385,0.007262233689750092,0.9753923191766367,0.9935371682817179,0.0996,0.1006
0.003407863464238279,0.4827474866285943,0.008462565808582323,0.9858573961897681,0.992986527100413,0.6998,0.6936
0.006765907700014075,0.48186465396653666,0.007736448827527578,0.9155619410737906,0.9933910444450608,0.7728,0.7756
0.022998317340954356,0.46805253829888155,0.032952172409687376,0.9128993707518707,0.9977757590338902,0.6982,0.7118
0.0,0.0,0.03983739318979161,0.9,0.9990918430640418,0.7498,0.7532
0.055736419031257416,0.39339854322673434,0.07595686369691801,0.9,0.9922267001984318,0.5182,0.5282
0.006765907700014075,0.48186465396653666,0.007736448827527578,0.9155619410737906,0.9933910444450608,0.77,0.7762
0.0,0.4696610507455522,0.005107411685530638,0.9,0.9917523074238282,0.7728,0.7756
0.0,1.0,0.1,0.9,0.9999999999,0.7728,0.7756
0.008360153287921201,1.0,0.1,0.9,0.99,0.098,0.102
0.0,0.4696610507455522,0.005107411685530638,0.9,0.9917523074238282,0.7728,0.7756
0.0,1.0,0.06122625616779424,0.9003598563870111,0.99,0.7728,0.7756
0.006510848665779116,0.5327255536005315,0.026399265000681845,0.9060198463034351,0.9938732591610836,0.751,0.7454
0.0003318615063756077,1.0,0.00808947918904501,0.9109507150875177,0.9913820401264025,0.7662,0.7696
0.0,0.4696610507455522,0.005107411685530638,0.9,0.9917523074238282,0.7728,0.7756
0.0,0.8924580160878715,0.0,0.9670993566924038,0.9955366871574224,0.7728,0.7756
0.013149304433715717,0.0,0.04984100656962462,0.9226501254691385,0.9954864839468573,0.733,0.7414
0.015130590989929289,0.1676737927175745,0.07783554252519873,0.9679700739211109,0.995497864117585,0.7118,0.7172
0.0,0.4696610507455522,0.005107411685530638,0.9,0.9917523074238282,0.7728,0.7756
0.017142004446162026,0.9001542536702087,0.023182723533939107,0.9471654077996972,0.9920362110712849,0.6734,0.6836
0.013998975865845401,0.8595099114375685,0.005732354121285742,0.989930139005005,0.997707693967342,0.7098,0.7132
0.0014934830330725474,1.0,0.029209431005942834,0.9757555628049502,0.99,0.0576,0.062
0.0,0.4696610507455522,0.005107411685530638,0.9,0.9917523074238282,0.7728,0.7756
0.02314085801937299,0.7370673024506227,0.019640752242018847,0.9,0.9943864339822368,0.7102,0.7132
0.004561561853317384,0.16949444734281166,0.05078755007633928,0.9895620912114305,0.9926424154012393,0.736,0.7434
0.0,0.3097043101676569,0.07135222027792003,0.9,0.9999999999,0.7728,0.7756
0.0,0.4696610507455522,0.005107411685530638,0.9,0.9917523074238282,0.7728,0.7756
0.00014749942112060631,1.0,0.0,0.9078570930620153,0.99,0.7642,0.7662
0.004003135472133603,0.9157033902261574,0.05830407177274845,0.9300646210687464,0.9989227689649098,0.6964,0.7036
0.024982112190605435,0.9872224941017796,0.07748048388260087,0.9486157412099641,0.9928702206278689,0.0986,0.1014
0.0,0.4696610507455522,0.005107411685530638,0.9,0.9917523074238282,0.7728,0.7756
0.04070843615153115,0.3599555238803171,0.01542726274923302,0.9820055741963367,0.9996999882983497,0.098,0.102
0.005171498374843306,0.019595733147093328,0.02193544623227693,0.9433991622775453,0.9942609403223852,0.7786,0.7802
0.06897366638709428,0.5723486569614873,0.08935340016340257,0.9377502081590873,0.9942427994679249,0.1472,0.1426
0.005171498374843306,0.019595733147093328,0.02193544623227693,0.9433991622775453,0.9942609403223852,0.7752,0.779
0.0,0.8346604231797385,0.00192063753183943,0.9905093253717416,0.9954731483919383,0.7786,0.7802
0.006661566695544463,0.35498162165095004,0.040944085242543476,0.9999999999,0.9950666750653778,0.74,0.7412
0.0,0.0,0.1,0.9999999999,0.9999999999,0.7786,0.7802
0.0,0.8346604231797385,0.00192063753183943,0.9905093253717416,0.9954731483919383,0.7786,0.7802
0.0056077871850729296,0.5709654234542421,0.014428076550729136,0.9,0.9974842916114796,0.7678,0.7732
0.012231152513064069,0.86836391931759,0.020969895933656356,0.9723252052921382,0.9976239809799581,0.7056,0.708
0.048650022906958745,0.10317105227022857,0.05792206446606762,0.9953774813842843,0.9947234054519379,0.5344,0.5308
0.0,0.8346604231797385,0.00192063753183943,0.9905093253717416,0.9954731483919383,0.7786,0.7802
0.01051837174596567,0.623840944385501,0.007397449010191156,0.9,0.9937404273521696,0.7634,0.7682
0.032859614119915156,0.19905969140695676,0.017646051766729502,0.9584656987047632,0.9954261044316043,0.727,0.7246
0.1,0.04487000919844654,0.06440018956951676,0.9684351203897641,0.9902170469679679,0.1556,0.1672
0.0,0.8346604231797385,0.00192063753183943,0.9905093253717416,0.9954731483919383,0.7786,0.7802
0.05943404371976795,0.0,0.0,0.9,0.99,0.5872,0.5902
0.000632984320577252,0.7480153744734123,0.0026539935950062187,0.9,0.9912917918638375,0.7692,0.7716
0.00978410628109833,0.9126419905818529,0.0056930789444339614,0.9739954551748713,0.9933184686516998,0.6666,0.6686
0.0,0.8346604231797385,0.00192063753183943,0.9905093253717416,0.9954731483919383,0.7786,0.7802
0.034492606375908695,0.8769097133129593,0.0483857639205224,0.9204330720724023,0.9901168482017152,0.602,0.6194
0.03128720302519118,0.16635893977414623,0.0032923565872468906,0.9892193718917449,0.9935958134933297,0.6284,0.6348
0.0,0.0,0.1,0.9,0.9979169424759865,0.7786,0.7802
0.0,0.8346604231797385,0.00192063753183943,0.9905093253717416,0.9954731483919383,0.7786,0.7802
0.0,0.0,0.044048996863690223,0.9,0.9906592814011992,0.7786,0.7802
0.07239247520398664,1.0,0.0,0.9000111146114266,0.9920665766756446,0.2094,0.2092
0.010449619987347714,0.17433588244785148,0.02358346319104988,0.9,0.9923130227795288,0.7564,0.7564
0.0,0.8346604231797385,0.00192063753183943,0.9905093253717416,0.9954731483919383,0.7786,0.7802
0.016561672298192918,0.0,0.0,0.9,0.9936277934495169,0.742,0.7458
0.1,0.0,0.1,0.9,0.9999999999,0.0934,0.0998
0.015229192917169544,0.05420511402606119,0.05983154628701276,0.9,0.9999999999,0.7218,0.7252
0.0,0.8346604231797385,0.00192063753183943,0.9905093253717416,0.9954731483919383,0.7786,0.7802
0.0,0.9176841580410829,0.03681671097835178,0.9,0.99,0.7786,0.7802
0.011003699364278084,0.6776788316064112,0.0,0.9543301668974753,0.9970434956432788,0.761,0.7692
0.0413096800993763,0.3456166283306147,0.02882152631486691,0.9999999999,0.99,0.4202,0.4342
0.0,0.8346604231797385,0.00192063753183943,0.9905093253717416,0.9954731483919383,0.7786,0.7802
0.043197453664971575,0.6560218556360491,0.05716016849300766,0.9586909145082192,0.9902535236729596,0.6104,0.62
0.08900758720849034,0.4306862878038089,0.00016124582959080595,0.9971078566014203,0.9980972954227636,0.1014,0.0986
0.015997790259836536,0.10391387783828478,0.08730662689637307,0.9006652403067915,0.9999999999,0.6978,0.7018
0.0,0.8346604231797385,0.00192063753183943,0.9905093253717416,0.9954731483919383,0.7786,0.7802
0.05944319764557755,0.899837130069245,0.018275623527869017,0.9999999999,0.9999999999,0.1022,0.099
0.009320460807968335,0.3289846410743908,0.004853603161690388,0.9,0.9999999999,0.7856,0.7902
0.0,0.5305267086548177,0.1,0.9,0.9968485701843616,0.7786,0.7802
0.009320460807968335,0.3289846410743908,0.004853603161690388,0.9,0.9999999999,0.79,0.794
0.038619642969033696,0.03259858927591038,0.005736743267108377,0.9,0.9935653939021405,0.457,0.4846
0.026163166490050772,0.38850841854206203,0.05130695846637309,0.9999999999,0.9999999999,0.7358,0.7334
0.029486398831918965,0.21147350072639629,0.04895980661828089,0.9,0.9981118350365742,0.6924,0.6964
0.01262786206138902,0.6050837317172016,0.0459848232584817,0.9891884885257581,0.9959552679774564,0.6626,0.6626
0.0968494900997618,0.19912275610080526,0.014131171191255402,0.917113937801206,0.9980650612385613,0.69,0.684
0.1,0.0,0.0,0.9,0.9999999999,0.1032,0.0968
0.0,1.0,0.1,0.9999999999,0.99,0.0996,0.1004
0.0968494900997618,0.19912275610080526,0.014131171191255402,0.917113937801206,0.9980650612385613,0.568,0.5636
0.041200527198433146,0.6254095679771715,0.04620812323088494,0.9587380493975451,0.9960059958420687,0.7054,0.7028
0.07328958573046074,0.6088248472088466,0.04638331392540225,0.911058524991408,0.991901719923703,0.494,0.4838
0.04735446295033336,0.3064954765428734,0.0492401021156032,0.9086007539157386,0.9999999999,0.6332,0.628
0.041200527198433146,0.6254095679771715,0.04620812323088494,0.9587380493975451,0.9960059958420687,0.63,0.6258
0.04476301037648041,0.5397624390757351,0.0926179394506804,0.9484182189484852,0.9999999999,0.4922,0.4864
0.062230015783754866,0.2889159529274086,0.04055286072661661,0.9911034433007657,0.9913292511021349,0.3538,0.3504
0.08282566342342766,0.10728306143989029,0.04565711668687299,0.944818595716429,0.9990738977593926,0.34,0.3388
0.09666059984139042,0.2940202080349837,0.04118668792439633,0.9333093682616992,0.9977461832380283,0.0964,0.1036
0.018009167808904346,0.40269858765602806,0.048258751478881444,0.9186425362581728,0.9924828555328415,0.715,0.7086
0.0,0.904827319867037,0.05668079115344515,0.9963242127021749,0.9933641788213,0.7054,0.7028
0.034879930817022266,1.0,0.0710687393951796,0.9904866430042709,0.9963807946525,0.1026,0.0974
0.018009167808904346,0.40269858765602806,0.048258751478881444,0.9186425362581728,0.9924828555328415,0.7242,0.7226
0.0023724439979433726,1.0,0.05244107157189037,0.9326891368796189,0.9906296377186605,0.0962,0.1038
0.02264334734479825,0.5934536977271214,0.06038707947123978,0.9748581891989613,0.9987528631538564,0.6928,0.6912
0.01730730835009759,0.34331764060788006,0.026260267573913306,0.9465123164342831,0.9959887821731392,0.7188,0.7188
0.018009167808904346,0.40269858765602806,0.048258751478881444,0.9186425362581728,0.9924828555328415,0.7252,0.7166
0.003343030080978129,0.3065282291956506,0.07065792503160455,0.9102846650708462,0.9992598965820196,0.7334,0.7254
0.016045564248549197,0.3180937066732551,0.0530312046689248,0.9,0.9999999999,0.7334,0.725
0.0,0.8385140099844722,0.07658715700612163,0.9858861266950654,0.9954996558931207,0.7242,0.7226
0.003343030080978129,0.3065282291956506,0.07065792503160455,0.9102846650708462,0.9992598965820196,0.7312,0.7316
0.0,0.8727251151583727,0.08476067256816085,0.9722137797436925,0.9941675452689778,0.7334,0.7254
0.07884510434990757,0.8148311697371633,0.08973309806793767,0.9917880637808139,0.99,0.0978,0.1022
0.0,0.871059801819122,0.04834978301700022,0.9139499947838988,0.9979693121873117,0.7334,0.7254
0.0,0.8727251151583727,0.08476067256816085,0.9722137797436925,0.9941675452689778,0.7334,0.7254
0.018939526393767538,0.30839082651135147,0.020377527318022347,0.9,0.9999999999,0.6724,0.6634
0.0,0.3233962744469365,0.1,0.9054452390374631,0.9988715318936587,0.7334,0.7254
0.0,0.20656135258672773,0.01610022183634923,0.9078922046041675,0.9999999999,0.7334,0.7254
0.0,0.8727251151583727,0.08476067256816085,0.9722137797436925,0.9941675452689778,0.7334,0.7254
0.0,0.7179911700613666,0.08901967320828921,0.912191804651154,0.9999999999,0.7334,0.7254
0.0,0.3892375577418486,0.0792469762089617,0.9322552908290221,0.9999999999,0.7334,0.7254
0.0,0.13316884946181964,0.03603205611990192,0.9475187907193655,0.9999999999,0.7334,0.7254
0.0,0.8727251151583727,0.08476067256816085,0.9722137797436925,0.9941675452689778,0.7334,0.7254
0.017697504264813826,0.2100088362923203,0.02979480470831347,0.9,0.9983219126541765,0.654,0.6454
0.0,0.16367344117894944,0.06967117327133325,0.9321175074594094,0.9999999999,0.7334,0.7254
0.09106762307392016,0.6012180248949126,0.009260932151780792,0.9,0.9954967723719824,0.5442,0.5312
0.0,0.8727251151583727,0.08476067256816085,0.9722137797436925,0.9941675452689778,0.7334,0.7254
0.012080117933499383,0.37334056789514436,0.08765521829875177,0.9012069548065718,0.9999999999,0.7076,0.7036
0.0,0.4209753105219413,0.032427030214862734,0.9175478282243472,0.992950590692037,0.7334,0.7254
0.0,0.0,0.1,0.9,0.9988814680502688,0.7334,0.7254
0.0,0.8727251151583727,0.08476067256816085,0.9722137797436925,0.9941675452689778,0.7334,0.7254
0.0,0.04477245594335939,0.08733214826970169,0.9481253101255528,0.998811088937341,0.7334,0.7254
0.02135604047858134,0.6903577098853837,0.028488589128629407,0.9138714830395671,0.9926477809881594,0.7152,0.712
0.0,0.4960087894965797,0.1,0.9999999999,0.9999999999,0.7334,0.7254
0.0,0.8727251151583727,0.08476067256816085,0.9722137797436925,0.9941675452689778,0.7334,0.7254
0.1,0.02580209540549777,0.06399443524499747,0.9,0.9937972585240676,0.2304,0.2258
0.027062077901013327,0.13747307317837354,0.05555783044688683,0.9246881592154308,0.9958705004740226,0.0962,0.1038
0.0,0.675423722634326,0.00966028942720347,0.901776339377138,0.9953357535149913,0.7334,0.7254
0.0,0.8727251151583727,0.08476067256816085,0.9722137797436925,0.9941675452689778,0.7334,0.7254
0.1,1.0,0.0,0.9,0.9999999999,0.0824,0.082
0.019380001652316584,0.8102043169784423,0.0,0.9964055091883968,0.990445269214037,0.5854,0.5782
0.04024270425102306,0.38525896495321643,0.1,0.9999999999,0.9999999999,0.574,0.5668
0.0,0.8727251151583727,0.08476067256816085,0.9722137797436925,0.9941675452689778,0.7334,0.7254
0.0,0.23183059399922784,0.1,0.9,0.99,0.7334,0.7254
0.0023240115152063042,0.454746856497073,0.051514117226833245,0.9999999999,0.99,0.7356,0.7258
0.1,0.14605030875746353,0.1,0.9,0.99,0.4974,0.481
0.0023240115152063042,0.454746856497073,0.051514117226833245,0.9999999999,0.99,0.7364,0.7292
0.008301072192009429,0.4424721352207745,0.0,0.9,0.9999999999,0.7548,0.7526
0.011200361456080329,0.47454387847918955,0.0,0.9,0.9999999999,0.7578,0.7608
0.013347691292254622,0.5135794626619312,0.0,0.9,0.99,0.7422,0.7388
0.011200361456080329,0.47454387847918955,0.0,0.9,0.9999999999,0.7838,0.7876
0.1,0.6815517256032487,0.04704776102755353,0.9958517795472981,0.999896014344961,0.321,0.3348
0.1,0.5181944190177792,0.010469018643783674,0.9173714196126345,0.9959510844912227,0.1016,0.0984
0.0,0.22641684161707426,0.0,0.9,0.9999999999,0.7578,0.7608
0.011200361456080329,0.47454387847918955,0.0,0.9,0.9999999999,0.8056,0.811
0.0,0.2205840561712437,0.0,0.9,0.9999999999,0.7838,0.7876
0.01885991673322962,0.4691396590856345,0.1,0.9999999999,0.9958430670988988,0.6876,0.671
0.0,0.2631329446312482,0.06329197863987,0.9604677816478627,0.9999999999,0.7838,0.7876
0.011200361456080329,0.47454387847918955,0.0,0.9,0.9999999999,0.8264,0.826
0.0,0.22838072138645432,0.0,0.9805241696737546,0.9999999999,0.8056,0.811
0.008504791335331016,0.25204243890898603,0.0,0.9999999999,0.9999999999,0.8234,0.8248
0.0,0.2691257763250075,0.0,0.9,0.9999999999,0.8056,0.811
0.011200361456080329,0.47454387847918955,0.0,0.9,0.9999999999,0.833,0.838
0.0,0.0,0.0,0.9999999999,0.9999999999,0.8264,0.826
0.0008678958794978158,0.25440946501073053,0.0,0.9999999999,0.9998946007571471,0.8306,0.834
0.0,0.7655242697249229,0.0,0.9999999999,0.99,0.8264,0.826
0.07530506989568309,0.5615191578491838,0.04640495440810238,0.9134314515373713,0.9942228344306048,0.4638,0.4746
0.0062888513484926425,0.7759147301971567,0.029495904355617525,0.9778861613054165,0.9932190159262716,0.6588,0.6584
0.005817963993875748,0.8733634801720687,0.00470553259471381,0.9826286753132394,0.9949404949251738,0.6148,0.605
0.006636727913789619,0.6981035648110095,0.04796173996308555,0.9677658388061998,0.9919579203680635,0.6464,0.646
0.0062888513484926425,0.7759147301971567,0.029495904355617525,0.9778861613054165,0.9932190159262716,0.7116,0.7042
0.01914790175933731,0.3506026856791326,0.09458149093972631,0.9059586345165902,0.99,0.582,0.5894
0.009287882905082928,0.9254628946263451,0.09836144551517073,0.9157070642334338,0.9917637353944478,0.5398,0.523
0.0012437906066992252,0.7243320897619111,0.038226392151478245,0.9848427230828594,0.9922964128155661,0.7046,0.698
0.0062888513484926425,0.7759147301971567,0.029495904355617525,0.9778861613054165,0.9932190159262716,0.7248,0.7242
0.017806117737814302,0.9874196531139622,0.008450556954372105,0.9999999999,0.9913248370512091,0.1056,0.1108
0.08234144345203864,0.7786361898092428,0.028159724696244642,0.983336835319199,0.9973916301844863,0.206,0.2122
0.0031398280212375945,0.7494884588089463,0.08525985571481678,0.951883152102711,0.9925100710747917,0.6916,0.6936
0.0062888513484926425,0.7759147301971567,0.029495904355617525,0.9778861613054165,0.9932190159262716,0.7058,0.7048
0.03631916372152154,0.0,0.059519799231303384,0.9142704356277811,0.9957847072079737,0.5854,0.5866
0.0,0.0,0.04844634323450767,0.9684442775920057,0.9935081447841354,0.7248,0.7242
0.0,0.0,0.1,0.9780963696783153,0.9999999999,0.7248,0.7242
0.0,0.0,0.04844634323450767,0.9684442775920057,0.9935081447841354,0.7248,0.7242
0.0,0.07158219482983613,0.043827162948681705,0.9910522545865907,0.9957465415185446,0.7248,0.7242
0.009519150537186754,0.0,0.08065798127273865,0.9854949017670843,0.9926880637275634,0.6876,0.6822
0.1,0.22947422687749214,0.06684925581847916,0.9999999999,0.9949470362438114,0.3894,0.3828
0.0,0.0,0.04844634323450767,0.9684442775920057,0.9935081447841354,0.7248,0.7242
0.0,0.8274414030515607,0.08011112981841928,0.9,0.9955775453621328,0.7248,0.7242
0.0,0.17498030660583214,0.023695478655592597,0.9,0.9948287847500312,0.7248,0.7242
0.06174807345888424,0.0,0.03558584539368955,0.9342083130436075,0.9904816362788461,0.4264,0.4418
0.0,0.0,0.04844634323450767,0.9684442775920057,0.9935081447841354,0.7248,0.7242
0.0,0.060842636344525816,0.1,0.9,0.9999999999,0.7248,0.7242
0.010718734554903455,0.33008254233300677,0.02379401538490433,0.9529388510470873,0.9952982559434972,0.72,0.7244
0.0,0.3270311127439234,0.0,0.9999999999,0.9999999999,0.7248,0.7242
0.0,0.0,0.04844634323450767,0.9684442775920057,0.9935081447841354,0.7248,0.7242
0.0,0.2736993293891202,0.0,0.9,0.9999999999,0.7248,0.7242
0.0,0.7851349613365362,0.013110038296891908,0.9893709846374651,0.993652726179768,0.7248,0.7242
0.0,0.49168328921780613,0.0,0.9,0.99,0.7248,0.7242
0.0,0.0,0.04844634323450767,0.9684442775920057,0.9935081447841354,0.7248,0.7242
0.04301440579821858,0.376660482506094,0.0,0.9,0.994853368923868,0.1006,0.0994
0.021083141431259996,0.5470816532172351,0.09976632955612337,0.9178681948215413,0.9935684819434693,0.661,0.6618
0.009840503060290585,0.38514840523536276,0.05445448870076707,0.9999999999,0.9942277886524198,0.6896,0.6824
0.0,0.0,0.04844634323450767,0.9684442775920057,0.9935081447841354,0.7248,0.7242
0.011891426026051904,0.0830922624613808,0.08573820631523411,0.9778809667608303,0.9990440218876119,0.681,0.68
0.023807016442322016,0.39832218231929956,0.07788461894466028,0.9542795439509617,0.9944322491599362,0.6454,0.6572
0.05931756455486792,1.0,0.06158279711660544,0.9287977370200924,0.9907477118613529,0.1008,0.0992
0.0,0.0,0.04844634323450767,0.9684442775920057,0.9935081447841354,0.7248,0.7242
0.08097658289253253,0.0,0.1,0.9,0.9921052704856932,0.1008,0.0992
0.029415578552329583,0.0,0.1,0.9265132706722612,0.9999999999,0.601,0.5934
0.09120428174714916,0.8952841636969415,0.030127261907200754,0.9211943464921495,0.9979881757181728,0.1004,0.0996
0.0,0.0,0.04844634323450767,0.9684442775920057,0.9935081447841354,0.7248,0.7242
0.05117748785165188,0.10510311252491598,0.09781006521376145,0.9958280630617683,0.9923233300181702,0.4454,0.443
0.010321970107189148,0.0,0.06902706895129726,0.9305387127918832,0.9944402944436069,0.7198,0.7216
0.013527716204631524,0.01836041303725238,0.0699838119316724,0.9971274971912762,0.9988238026835441,0.6588,0.6552
0.0,0.0,0.04844634323450767,0.9684442775920057,0.9935081447841354,0.7248,0.7242
0.009936593521112667,0.0,0.03257652480565844,0.9366043237817658,0.9968350194113168,0.7404,0.7388
0.0072473077216841835,0.14514783984078186,0.0,0.9,0.9999999999,0.7616,0.7544
0.018247861902663334,0.4913397898324067,0.0,0.9845776338765446,0.9999999999,0.5388,0.5228
0.0072473077216841835,0.14514783984078186,0.0,0.9,0.9999999999,0.8032,0.7922
0.0,0.7799475693415563,0.1,0.9,0.9999999999,0.7616,0.7544
0.006430490379900355,0.24588776866429987,0.0,0.9074866324366625,0.9956575826376363,0.8006,0.7882
0.004742189421878272,0.27022546489208954,0.1,0.9,0.9907150535482245,0.7062,0.6966
0.0072473077216841835,0.14514783984078186,0.0,0.9,0.9999999999,0.8238,0.8148
0.0,0.7704799162588855,0.1,0.9,0.9999999999,0.8032,0.7922
0.006480892754687354,0.2148766562163411,0.0,0.9,0.9999999999,0.8202,0.8106
0.007001078980275792,0.18675174312917656,0.0,0.9121857204046347,0.99,0.8248,0.8244
0.007001078980275792,0.18675174312917656,0.0,0.9121857204046347,0.99,0.838,0.8404
0.008298177848182006,0.12342474139767795,0.0,0.9,0.99,0.841,0.841
0.006359036820873351,0.0,0.0,0.9689862974212219,0.99,0.8394,0.8402
0.006206032855149627,0.05928787986312413,0.0,0.9,0.99,0.8424,0.8426
0.006206032855149627,0.05928787986312413,0.0,0.9,0.99,0.8536,0.8574
0.0088865736299051,0.0,0.0,0.9,0.99,0.8488,0.86
0.01346334212823936,0.0,0.0,0.957885926103448,0.99,0.8398,0.8468
0.1,0.0,0.0,0.923833081322377,0.99,0.0978,0.1022
0.006206032855149627,0.05928787986312413,0.0,0.9,0.99,0.8598,0.8604
0.0,0.49403407409117067,0.1,0.9,0.9999999999,0.8536,0.8574
0.0,0.5151627724318674,0.1,0.9313426207311674,0.9999999999,0.8536,0.8574
0.1,1.0,0.1,0.9715812704501582,0.99,0.1036,0.0964
0.006206032855149627,0.05928787986312413,0.0,0.9,0.99,0.8618,0.8716
0.0,0.42009205679507405,0.1,0.9,0.9999999999,0.8598,0.8604
0.003392780016565964,0.46142623999030613,0.1,0.9,0.9999999999,0.7918,0.7894
0.0,0.44737247641370975,0.0845670945602251,0.9999999999,0.9999999999,0.8598,0.8604
0.006206032855149627,0.05928787986312413,0.0,0.9,0.99,0.8656,0.8694
0.0,0.3896226081120391,0.1,0.9999999999,0.9999999999,0.8618,0.8716
0.011239931664457031,0.08706944777685256,0.0,0.9999999999,0.99,0.8528,0.8588
0.023447971659728013,0.0,0.0,0.9252700601910866,0.99,0.8336,0.835
0.055003020904059945,0.7740428151719421,0.09146942203467312,0.9464497437533678,0.9938638032940608,0.4424,0.438
0.08867620198262907,0.2937215607283589,0.03521273548700699,0.9050905443768476,0.9957690228132042,0.1868,0.1822
0.054772150441826,0.5458022665051303,0.04415579162984638,0.9836337876099013,0.9938106014226818,0.704,0.6978
0.05504973966458693,0.5454855932737032,0.069555414765597,0.972877565604371,0.993776391343899,0.5426,0.5542
0.054772150441826,0.5458022665051303,0.04415579162984638,0.9836337876099013,0.9938106014226818,0.5094,0.5112
0.015673781465567038,0.6394329246609266,0.05028165534671652,0.9999999999,0.9917420363652798,0.6852,0.6808
0.1,0.0,0.0,0.9999999999,0.9999999999,0.0992,0.1008
0.05425396344343807,0.3049409137386588,0.035848137336240864,0.992165756247772,0.9935039244185876,0.525,0.5268
0.0,0.27855823100632765,0.023698033057342457,0.9596805336974719,0.9930963835375323,0.704,0.6978
0.006949327941498499,0.0,0.0,0.9933610329933825,0.9999678288249633,0.7578,0.754
0.0,1.0,0.0,0.9,0.9999999999,0.704,0.6978
0.021812686012593757,0.0,0.0,0.9,0.9999999999,0.7388,0.7312
0.006949327941498499,0.0,0.0,0.9933610329933825,0.9999678288249633,0.7864,0.7876
0.02203761457745643,0.0,0.0,0.9999999999,0.99,0.7826,0.7738
0.02423200103836312,1.0,0.0,0.9999999999,0.99,0.3736,0.3674
0.0,1.0,0.1,0.9,0.99,0.7578,0.754
0.006949327941498499,0.0,0.0,0.9933610329933825,0.9999678288249633,0.8096,0.7968
0.0,0.0,0.1,0.9,0.99,0.7864,0.7876
0.0,0.0,0.1,0.9999999999,0.9999999999,0.7864,0.7876
0.01114761198691902,0.0,0.1,0.9,0.99,0.67,0.6716
0.006949327941498499,0.0,0.0,0.9933610329933825,0.9999678288249633,0.826,0.8148
0.0,0.0,0.0,0.9,0.9999999999,0.8096,0.7968
0.0,0.0,0.0,0.9999999999,0.9999999999,0.8096,0.7968
0.0,0.6808754899970613,0.1,0.9313307170392369,0.9999999999,0.8096,0.7968
0.006949327941498499,0.0,0.0,0.9933610329933825,0.9999678288249633,0.837,0.8254
0.0,0.6601072270228423,0.0,0.9999999999,0.9999999999,0.826,0.8148
0.0,0.7098926863120336,0.0,0.9734313179187404,0.99,0.826,0.8148
0.1,1.0,0.0,0.9999999999,0.9958537900572232,0.303,0.301
0.006949327941498499,0.0,0.0,0.9933610329933825,0.9999678288249633,0.8442,0.8318
0.0,0.7517096549786536,0.1,0.9999999999,0.99,0.837,0.8254
0.0,0.7466026750840511,0.1,0.9999999999,0.9999999999,0.837,0.8254
0.0,0.7434883495981712,0.1,0.9,0.99,0.837,0.8254
0.006949327941498499,0.0,0.0,0.9933610329933825,0.9999678288249633,0.8522,0.8442
0.0,0.7352278711519381,0.1,0.9999999999,0.9997069937157971,0.8442,0.8318
0.0,0.6040832694493418,0.1,0.9999999999,0.9999999999,0.8442,0.8318
0.0,0.670928496223983,0.1,0.9,0.9999999999,0.8442,0.8318
0.006949327941498499,0.0,0.0,0.9933610329933825,0.9999678288249633,0.8532,0.8478
0.0,0.6027581158932555,0.0,0.9999999999,0.99,0.8522,0.8442
0.0,0.6372775882299798,0.0,0.9,0.990522254613601,0.8522,0.8442
0.0,0.5882265346529711,0.0,0.9999999999,0.9999999999,0.8522,0.8442
0.006949327941498499,0.0,0.0,0.9933610329933825,0.9999678288249633,0.8558,0.8542
0.0,0.6441195354736087,0.0,0.9999999999,0.99,0.8532,0.8478
0.0,0.6446582276961589,0.0,0.9,0.9906429939028852,0.8532,0.8478
0.0,0.6022652898060694,0.0,0.9207327793213387,0.99,0.8532,0.8478
0.006949327941498499,0.0,0.0,0.9933610329933825,0.9999678288249633,0.8504,0.842
0.0,0.612978333479592,0.0,0.9999999999,0.9999999999,0.8558,0.8542
0.0,0.5926872032067162,0.1,0.991059911333968,0.99,0.8558,0.8542
0.0,0.598500938522705,0.1,0.9,0.99,0.8558,0.8542
0.0,0.612978333479592,0.0,0.9999999999,0.9999999999,0.8558,0.8542
0.0,0.5632413507593177,0.0,0.9999999999,0.9999999999,0.8558,0.8542
0.0,0.5464604307101262,0.0,0.9,0.9930808151800059,0.8558,0.8542
0.0,0.5952486908592854,0.1,0.9417950039316701,0.99,0.8558,0.8542
0.0,0.612978333479592,0.0,0.9999999999,0.9999999999,0.8558,0.8542
0.007952132336518208,0.42167061614965085,0.04375143969357756,0.9671587823492727,0.995985011979235,0.7468,0.7454
0.0,0.6094846828482683,0.1,0.9,0.99,0.8558,0.8542
0.0,0.5639934092766107,0.0,0.9999999999,0.99,0.8558,0.8542
0.0,0.612978333479592,0.0,0.9999999999,0.9999999999,0.8558,0.8542
0.0,0.5843464271335783,0.1,0.9999999999,0.9906213290781317,0.8558,0.8542
0.0,0.5606479266565153,0.0,0.9,0.9999999999,0.8558,0.8542
0.0,0.5547200137876651,0.0,0.9714057566317152,0.99,0.8558,0.8542
0.0,0.612978333479592,0.0,0.9999999999,0.9999999999,0.8558,0.8542
0.0,0.5842191143808785,0.1,0.9999999999,0.99,0.8558,0.8542
0.0,0.6027884058833773,0.046724784969827265,0.9999999999,0.9964667486194296,0.8558,0.8542
0.0,0.573292606871356,0.0,0.9999999999,0.9999999999,0.8558,0.8542
0.0,0.612978333479592,0.0,0.9999999999,0.9999999999,0.8558,0.8542
0.0,0.5997200042074571,0.04822036930633906,0.9,0.99,0.8558,0.8542
0.0,0.5940470610618029,0.047538731590737335,0.9,0.99,0.8558,0.8542
0.0,0.5995388695373364,0.04810846344663129,0.9999999999,0.9953949690691424,0.8558,0.8542
0.0,0.612978333479592,0.0,0.9999999999,0.9999999999,0.8558,0.8542
0.0,0.5992653684855627,0.04673340361000193,0.9197951382373586,0.99,0.8558,0.8542
0.029786688311558965,0.0,0.0,0.9999999999,0.99,0.7862,0.783
0.037810358901822126,0.39597013932885855,0.0,0.9999999999,0.99,0.7328,0.724
0.0,0.612978333479592,0.0,0.9999999999,0.9999999999,0.8558,0.8542
0.0,0.601857571924366,0.048892965676113814,0.9999999999,0.99,0.8558,0.8542
0.0,0.6007524567557078,0.04812934710621674,0.9999999999,0.99,0.8558,0.8542
0.0,0.5907848604802872,0.0330415855019796,0.9999999999,0.99,0.8558,0.8542
0.0,0.612978333479592,0.0,0.9999999999,0.9999999999,0.8558,0.8542
0.0,0.575873070172247,0.0,0.9,0.99,0.8558,0.8542
0.0,0.6037941751835663,0.0459099234276018,0.9,0.99,0.8558,0.8542
0.0,0.5983267794401618,0.04859184045775664,0.9,0.9999999999,0.8558,0.8542
0.06757291378625244,0.21790398645447745,0.009119070072911862,0.9959541491860496,0.9968365481610573,0.7266,0.7564
0.06802472912473022,0.5812746461443855,0.01016306449415301,0.9149625111378985,0.9921499970850015,0.608,0.621
0.0020500324861021557,0.19408712428206212,0.059125255978357806,0.9778929361099782,0.996734276584093,0.6036,0.6018
0.06734051896445369,0.2978736862303151,0.00574847988855255,0.9967781204770774,0.9960853931877807,0.7088,0.7166
0.06757291378625244,0.21790398645447745,0.009119070072911862,0.9959541491860496,0.9968365481610573,0.5742,0.5974
0.0577855393489425,0.0,0.03660483688084409,0.9999999999,0.9989623499124645,0.1026,0.1042
0.0837425817942792,0.8696802479403832,0.00934681295644677,0.920865780802501,0.9965028437062031,0.416,0.4224
0.07872448301918507,0.4348052011072102,0.09855064217896053,0.9664842058440173,0.9928702057441103,0.4932,0.4948
0.09937129999627775,0.3776490742803496,0.02827178253225171,0.9955944525557767,0.9962508653519264,0.0992,0.1008
0.06576510730689501,0.3337831013729846,0.06231845845198889,0.9976879192709961,0.9972862081145546,0.1692,0.1784
0.060464400956659406,0.0,0.00023944333557058035,0.9999999999,0.997427427822501,0.2564,0.2672
0.00924429371690076,0.38396360460649265,0.028519375162540772,0.937877648421531,0.9978550872885478,0.7286,0.7548
0.00924429371690076,0.38396360460649265,0.028519375162540772,0.937877648421531,0.9978550872885478,0.7376,0.7608
0.00597837850311281,0.4069763179715593,0.006271875847802458,0.9558349884942424,0.9977546410925194,0.7556,0.785
0.01175822760160349,0.03925812280470306,0.0,0.9517379322678237,0.9901752011871616,0.7504,0.771
0.019735536949178907,0.6675955465349498,0.03079486271402279,0.9143635125217521,0.9982831398997372,0.7216,0.7402
0.00597837850311281,0.4069763179715593,0.006271875847802458,0.9558349884942424,0.9977546410925194,0.7694,0.7954
0.008129112278304568,0.6399790054110356,0.0,0.9,0.9995353558317106,0.779,0.7968
0.008240547633294388,0.43836978954355504,0.0,0.9999999999,0.99,0.7796,0.7954
0.02705747597392712,0.4591041992513461,0.1,0.9654002046029925,0.9928590489033003,0.6592,0.6764
0.008240547633294388,0.43836978954355504,0.0,0.9999999999,0.99,0.7902,0.8116
0.07200080417478656,0.7452379526257475,0.0,0.9999999999,0.9999999999,0.531,0.5496
0.030947937617711925,0.7702225845646035,0.0,0.9345745618118316,0.9932850714016078,0.7474,0.7676
0.025870146198942345,0.4985958701864841,0.0,0.991095529064956,0.9957415327959631,0.7614,0.7808
0.008240547633294388,0.43836978954355504,0.0,0.9999999999,0.99,0.7988,0.8124
0.038713638537241406,0.9815082546641808,0.1,0.9204407832867361,0.9944497233919813,0.1018,0.0982
0.025902270764106457,0.13004251912313136,0.034578845276440784,0.910188186067062,0.9913407841074088,0.7262,0.7528
0.019227591681666056,0.8719296180619326,0.1,0.9669151228542807,0.9959833726613041,0.5966,0.606
0.008240547633294388,0.43836978954355504,0.0,0.9999999999,0.99,0.8196,0.8356
0.0,1.0,0.0,0.9999999999,0.99,0.7988,0.8124
0.018918428378002214,1.0,0.0,0.9999999999,0.990710322749455,0.237,0.243
0.02361009080246955,0.952237636287631,0.0,0.9042870735741575,0.9929650923694905,0.604,0.6128
0.008240547633294388,0.43836978954355504,0.0,0.9999999999,0.99,0.8318,0.8468
0.020286601240604236,0.08392180290879557,0.05167675892907171,0.9,0.9999999999,0.7222,0.7526
0.02796114524773416,0.0,0.00952663330851762,0.9766565356746109,0.9999999999,0.7872,0.7956
0.00922093248352863,0.6839055580128439,0.1,0.9755748941967303,0.9923574726252442,0.6758,0.6924
0.008240547633294388,0.43836978954355504,0.0,0.9999999999,0.99,0.8316,0.8426
0.04110839712805936,0.538940974122217,0.0,0.9966434076339565,0.9953253129458848,0.753,0.7692
0.014534996064563627,0.8583101268354646,0.05000524840557494,0.917864958404787,0.990911865250217,0.6922,0.7078
0.037091802098432006,0.15102453062102073,0.0,0.9229757952385228,0.9982876070084146,0.8254,0.8302
0.0021324538264779996,0.5011180927598126,0.0,0.9999999999,0.99,0.8322,0.8466
0.09062291811009837,0.16330208656415754,0.1,0.9157866081898809,0.9992658294115038,0.5678,0.58
0.0,0.09283751820616551,0.1,0.9580947837790527,0.9951314067695182,0.8318,0.8468
0.03622676906242123,0.2776637904083722,0.02782831363160025,0.9383251693386713,0.9998063254719199,0.7408,0.7628
0.0021324538264779996,0.5011180927598126,0.0,0.9999999999,0.99,0.8348,0.847
0.00143504953222024,0.626494151147961,0.1,0.9167112405120691,0.9961781097199673,0.8214,0.839
0.1,0.12740668217387582,0.1,0.9455235991513273,0.999664265221621,0.6362,0.6578
0.04310298493762718,0.40874185907429367,0.03011496700631139,0.952292466076468,0.9954917365458029,0.727,0.7366
0.0021324538264779996,0.5011180927598126,0.0,0.9999999999,0.99,0.8344,0.85
0.0,1.0,0.1,0.9,0.99,0.8348,0.847
0.03798263866744958,0.07209716206291064,0.009376520300072612,0.9370290054979986,0.9907375048313205,0.774,0.7944
0.04683593189970395,0.7594426024770844,0.0,0.9110463580278948,0.9903301474223107,0.7024,0.7182
0.0,1.0,0.1,0.9,0.99,0.8348,0.847
0.0,1.0,0.1,0.9,0.9999999999,0.8348,0.847
0.052205303509132245,0.8513631012700331,0.1,0.9352726496908709,0.9915522048202539,0.5732,0.5976
0.0,0.9186508876358379,0.019564498760770314,0.9604256833834551,0.9911508890411139,0.8348,0.847
0.0,1.0,0.1,0.9,0.99,0.8348,0.847
0.0015323212854801488,0.0,0.012857486296243554,0.9809704882618707,0.9973271581315267,0.8328,0.8478
0.035052334967266084,0.9806393120212664,0.0,0.9697923050132392,0.9978383142261892,0.1014,0.0986
0.0017636733825771391,0.0,0.0,0.9999999999,0.99,0.8426,0.8556
0.0017636733825771391,0.0,0.0,0.9999999999,0.99,0.8446,0.8612
0.014374367610095352,0.0,0.0,0.9999999999,0.9916098879270656,0.8226,0.8338
0.007447540050462462,0.5630675754565934,0.07949590254135935,0.9641180810677367,0.997504265107006,0.7232,0.7414
0.0,0.9154433995114787,0.005557305819890248,0.9,0.99,0.8426,0.8556
0.0017636733825771391,0.0,0.0,0.9999999999,0.99,0.8486,0.8624
0.0,0.9584612923530725,0.1,0.9039981155590654,0.9930268911920929,0.8446,0.8612
0.05004317646415074,0.12210961481428657,0.00215120523493024,0.9343483119495299,0.9999792906767236,0.8044,0.8178
0.0,0.7979245538016629,0.0,0.9700698389192439,0.9985251686279225,0.8446,0.8612
0.0017636733825771391,0.0,0.0,0.9999999999,0.99,0.8488,0.8608
0.0,0.9384064894391453,0.1,0.9259196111296095,0.9901402267877564,0.8486,0.8624
0.0,0.4731628834310563,0.0,0.9844744045232738,0.9920774898084042,0.8486,0.8624
0.045705072889890536,0.2209613816180911,0.0,0.9241186809602404,0.9996365933591075,0.8122,0.8248
0.0017636733825771391,0.0,0.0,0.9999999999,0.99,0.8562,0.8688
0.0,0.30045590112154547,0.1,0.9768248016088447,0.9940179105569008,0.8488,0.8608
0.07721139278361122,0.0,0.0,0.9439815320795025,0.9951030699017726,0.729,0.752
0.06404562580193911,0.26955355776473355,0.0,0.9426412277964981,0.9924805077851948,0.7432,0.7598
0.0017636733825771391,0.0,0.0,0.9999999999,0.99,0.858,0.871
0.0,0.37453918039701767,0.1,0.9253763980905318,0.9935141409049539,0.8562,0.8688
0.05647247162264162,0.7359098606443721,0.0,0.9206255863359665,0.9960294251524784,0.7396,0.7554
0.0942857577082496,0.0,0.0,0.9,0.9902333881591616,0.7262,0.7394
0.0033681215772166325,0.5938263351216828,0.01604324267247586,0.9251302200981143,0.9904023991582448,0.733,0.7264
0.08498462782400303,0.14777835270124254,0.02531736100466709,0.9959270354047065,0.9949424601364268,0.718,0.7106
0.0,1.0,0.0,0.9,0.99,0.1122,0.1032
0.0033942202850497597,0.2749158455315802,0.002159869014124102,0.9251086610489534,0.9993094107539311,0.7374,0.7442
0.0033942202850497597,0.2749158455315802,0.002159869014124102,0.9251086610489534,0.9993094107539311,0.7714,0.7794
0.02294149392016614,0.34581383965776075,0.01892594594674491,0.9196688731773957,0.9999999999,0.7356,0.7492
0.09044184141264183,0.0,0.0,0.9313344125581016,0.9999999999,0.4962,0.493
0.0,0.3970773889739739,0.03756441920728157,0.9803132713415953,0.994498054816158,0.7374,0.7442
0.0033942202850497597,0.2749158455315802,0.002159869014124102,0.9251086610489534,0.9993094107539311,0.7856,0.789
0.1,0.5082965371599734,0.1,0.9191230758673621,0.9999999999,0.4286,0.4242
0.1,0.34360054780990945,0.0,0.9,0.99,0.1022,0.0978
0.08957659485281336,0.3438267153722818,0.1,0.9673601021713962,0.9947878781721591,0.0982,0.1018
0.0033942202850497597,0.2749158455315802,0.002159869014124102,0.9251086610489534,0.9993094107539311,0.8022,0.8064
0.0,0.16838510423794825,0.0,0.9229108174918236,0.9999999999,0.7856,0.789
0.02353504571907188,0.0713859871677932,0.1,0.9883380571518104,0.993724477091128,0.6766,0.685
0.05630654705806035,0.9465415654032989,0.0,0.9863309934789337,0.9940941596123938,0.0988,0.1012
0.0033942202850497597,0.2749158455315802,0.002159869014124102,0.9251086610489534,0.9993094107539311,0.8282,0.8268
0.0360095365258516,0.18667294844279722,0.09668430919964965,0.9,0.9934437961025763,0.1022,0.0978
0.0,0.030829221989109618,0.0008002082706417041,0.9939437076076719,0.9977589194302946,0.8022,0.8064
0.0,0.1556779303770833,0.009041161000947597,0.9647883376804733,0.9984248584467106,0.8022,0.8064
0.0033942202850497597,0.2749158455315802,0.002159869014124102,0.9251086610489534,0.9993094107539311,0.8302,0.8316
0.0,0.4047202100482368,0.0,0.9999999999,0.9999999999,0.8282,0.8268
0.07971882198535227,0.42563401356689823,0.025942295174058702,0.9167355151183809,0.995056539311274,0.607,0.6002
0.018616575113039997,0.5402127287971028,0.09875060928810837,0.9172566786710138,0.998321739064573,0.6598,0.6734
0.0033942202850497597,0.2749158455315802,0.002159869014124102,0.9251086610489534,0.9993094107539311,0.8408,0.837
0.0,0.0,0.1,0.943935791325931,0.9999999999,0.8302,0.8316
0.0,0.0,0.1,0.9999999999,0.9999999999,0.8302,0.8316
0.1,0.0,0.1,0.9999999999,0.9999999999,0.5456,0.545
0.0033942202850497597,0.2749158455315802,0.002159869014124102,0.9251086610489534,0.9993094107539311,0.8492,0.8444
0.0,0.0,0.03480804807964163,0.9741392796543056,0.99,0.8408,0.837
0.0,0.45283334920369184,0.0,0.9999999999,0.9999999999,0.8408,0.837
0.04429176083429983,0.44599367828423087,0.0,0.9999999999,0.9964978951055463,0.5812,0.5992
0.0033942202850497597,0.2749158455315802,0.002159869014124102,0.9251086610489534,0.9993094107539311,0.8512,0.8468
0.024804715047628115,0.30906579225389325,0.026402218465972835,0.9358140021678683,0.9999999999,0.7504,0.757
0.007847573985002873,0.0,0.0,0.9999999999,0.99,0.8386,0.835
0.0,1.3877787807814457e-17,0.1,0.9999999999,0.99,0.8492,0.8444
0.0033942202850497597,0.2749158455315802,0.002159869014124102,0.9251086610489534,0.9993094107539311,0.857,0.8568
0.07606749029375943,0.07147332296315745,0.001478226708252055,0.9895847633873749,0.9943583387952548,0.095,0.104
0.01016122601657099,0.25533781992364396,0.04039265196375388,0.9853090571968552,0.9950417272080633,0.7454,0.7516
0.004101820763807509,0.0,0.1,0.9791224265708772,0.99,0.6894,0.7016
0.0033942202850497597,0.2749158455315802,0.002159869014124102,0.9251086610489534,0.9993094107539311,0.8578,0.8554
0.1,0.16897023509707368,0.013876155967397087,0.9744905844410391,0.9956661065601066,0.5522,0.5744
0.0,0.10416709930408191,0.0,0.9809252517742648,0.9957093234547162,0.857,0.8568
0.0,0.71781457370552,0.1,0.9172697577774465,0.9936856968364982,0.857,0.8568
0.0033942202850497597,0.2749158455315802,0.002159869014124102,0.9251086610489534,0.9993094107539311,0.8608,0.859
0.0,0.807451866284849,0.1,0.9288383512457188,0.99,0.8578,0.8554
0.1,0.0,0.049729063094050244,0.9999999999,0.9995357678592213,0.5094,0.5026
0.0008226517076238449,0.0,0.000225586881850034,0.93293472082222,0.9988245213790378,0.8626,0.866
0.0008226517076238449,0.0,0.000225586881850034,0.93293472082222,0.9988245213790378,0.8674,0.8672
0.0,0.4274541329243855,0.1,0.9999999999,0.99,0.8626,0.866
0.0,0.08962457431274809,0.05067382759770211,0.953987648424363,0.9910985282971297,0.8626,0.866
7.425950353164584e-05,0.0,0.03709328095177776,0.9625652368748084,0.99,0.8632,0.8646
0.0008226517076238449,0.0,0.000225586881850034,0.93293472082222,0.9988245213790378,0.8704,0.871
0.06261583023819466,0.2975751726409621,0.007191128672258307,0.9484154059515187,0.99,0.666,0.6724
0.0,0.9264848201428296,0.005946292570412279,0.9583391866285766,0.9999999999,0.8674,0.8672
0.05171978970361516,0.3753880278816478,0.07307988758555321,0.9303487994519275,0.997658645491221,0.6142,0.634
0.0008226517076238449,0.0,0.000225586881850034,0.93293472082222,0.9988245213790378,0.8752,0.8716
0.001436401600918134,0.0,0.0,0.9317847583690154,0.9964958015981347,0.8756,0.8732
0.0005805835617933039,0.0,0.05133325033000015,0.9518764315957544,0.9917777345413743,0.8638,0.8624
0.001532850469466684,0.0,0.0,0.9417109312470294,0.9961071954844037,0.8784,0.8732
0.001532850469466684,0.0,0.0,0.9417109312470294,0.9961071954844037,0.8788,0.8732
0.1,0.2736456461028113,0.04097665326434952,0.9516147532060153,0.9939888123740033,0.5896,0.5924
0.0,0.8558840933464699,0.07545615937001483,0.9352365176064557,0.9999803878546916,0.8784,0.8732
0.0,1.0,0.07200955486281661,0.9999999999,0.99,0.8784,0.8732
0.001532850469466684,0.0,0.0,0.9417109312470294,0.9961071954844037,0.8782,0.8768
0.0,0.7545308564962437,0.1,0.9588955365255588,0.9995681644365685,0.8788,0.8732
0.0,0.7558045769524807,0.1,0.9376524959273889,0.9960842342085454,0.8788,0.8732
0.02560957865170145,1.0,0.0020906872665909845,0.9999999999,0.9950945796971341,0.1344,0.1334
0.0,0.7545308564962437,0.1,0.9588955365255588,0.9995681644365685,0.8788,0.8732
0.024987848364579273,0.2235050524202207,0.1,0.9683765597189296,0.99,0.6672,0.6808
0.010771712926565499,1.0,0.1,0.9416203666046764,0.9999999999,0.0984,0.1016
0.0,0.8310388857022756,0.0986126366566791,0.9469858541692197,0.9992766676210637,0.8788,0.8732
0.0,0.7545308564962437,0.1,0.9588955365255588,0.9995681644365685,0.8788,0.8732
0.010127795207188532,0.0,0.06518303331985813,0.9,0.9916918602404884,0.7434,0.752
0.1,1.0,0.1,0.9999999999,0.9999999999,0.0968,0.1032
0.0,0.8594609938925504,0.1,0.9999999999,0.99,0.8788,0.8732
0.0,0.7545308564962437,0.1,0.9588955365255588,0.9995681644365685,0.8788,0.8732
0.0,0.6670927041091348,0.08195650591096187,0.9729093395545636,0.9988314664236551,0.8788,0.8732
0.0053415802084004925,0.23577199528671197,0.049852608747755295,0.9335971641349912,0.99040270290294,0.7616,0.7662
0.0,0.25060228875225277,0.04055371750383782,0.9999999999,0.9934975109950004,0.8788,0.8732
0.057244604043210114,0.6211640096423167,0.03955705928079765,0.952820270981463,0.9966920567847306,0.5792,0.5868
0.042038950303293666,0.6455127046649993,0.04203321886307764,0.9591193022985443,0.9906437203869629,0.5586,0.5632
0.1,0.016017667967573427,0.0,0.9,0.9999999999,0.099,0.101
0.0818144683677316,0.5847688152356352,0.03571697886927312,0.9427885303125537,0.9999999999,0.0956,0.1058
0.057244604043210114,0.6211640096423167,0.03955705928079765,0.952820270981463,0.9966920567847306,0.5658,0.5598
0.010058927012988418,0.5215885685776906,0.016819271371833644,0.9803512206764122,0.9993937143722024,0.7422,0.726
0.0,1.0,0.1,0.9,0.99,0.5792,0.5868
0.02562560629239138,0.7622003994353715,0.1,0.9793345078107161,0.9999999999,0.5908,0.5876
0.010058927012988418,0.5215885685776906,0.016819271371833644,0.9803512206764122,0.9993937143722024,0.7476,0.7316
0.0,0.40235857441620015,0.0,0.9999999999,0.9999999999,0.7422,0.726
0.008372527149742338,1.0,0.1,0.9999999999,0.99,0.1022,0.0978
0.00457473861173178,0.4761829058555668,0.010212409398340692,0.9877744866405878,0.9994141790508618,0.7674,0.747
0.00457473861173178,0.4761829058555668,0.010212409398340692,0.9877744866405878,0.9994141790508618,0.7744,0.7592
0.0,0.4561081997878461,0.0,0.9864329473286696,0.9989899126524243,0.7674,0.747
0.06314890215391972,0.34677513183308634,0.0,0.9,0.991557803462263,0.6394,0.637
0.005374981880448709,0.7852694892895433,0.006158693963318883,0.9999999999,0.9989951906269678,0.7428,0.7336
0.00457473861173178,0.4761829058555668,0.010212409398340692,0.9877744866405878,0.9994141790508618,0.7854,0.7744
0.0,0.182621232425709,0.004227971267166705,0.9815987814950489,0.9994370792049851,0.7744,0.7592
0.1,0.04652632334824171,0.022525860662427524,0.9731167968072537,0.99,0.7148,0.7068
0.1,0.4250640555429294,0.02858041549940727,0.9999999999,0.9932826538115402,0.624,0.6208
0.00457473861173178,0.4761829058555668,0.010212409398340692,0.9877744866405878,0.9994141790508618,0.7892,0.773
0.0,0.9144773683912997,0.013781301792470736,0.9,0.9957361184544217,0.7854,0.7744
0.0,1.0,0.1,0.9,0.9996296894500333,0.7854,0.7744
0.0754986662452171,0.14284471624148556,0.09720414132656481,0.9999999999,0.99,0.4798,0.4824
0.00457473861173178,0.4761829058555668,0.010212409398340692,0.9877744866405878,0.9994141790508618,0.7956,0.7824
0.1,0.861163521121671,0.030604152069348217,0.9271088040849963,0.99,0.102,0.098
0.0,1.0,0.030516364081647637,0.9,0.9976311349643027,0.7892,0.773
0.0,0.0,0.0,0.9,0.9989639790973271,0.7892,0.773
0.00457473861173178,0.4761829058555668,0.010212409398340692,0.9877744866405878,0.9994141790508618,0.7994,0.787
0.02987886751441874,0.0,0.0,0.9,0.9970779591465319,0.777,0.7664
0.01101007171209824,0.0,0.0,0.9,0.9974108632535951,0.8168,0.8074
0.0,0.0,0.0,0.9328085575573257,0.9999999999,0.7956,0.7824
0.01101007171209824,0.0,0.0,0.9,0.9974108632535951,0.8284,0.8206
0.03676010446089315,0.0,0.0,0.9,0.99,0.8146,0.806
0.041505718125568525,1.0,0.021502925404443287,0.9,0.9947308143460901,0.1012,0.0988
0.047608074931469374,0.0,0.0,0.9398256533191628,0.9905899933296218,0.7624,0.7596
0.01101007171209824,0.0,0.0,0.9,0.9974108632535951,0.847,0.8366
0.010259527536111993,0.0,0.0,0.9,0.9947718809023414,0.8492,0.8456
0.04128448141161484,0.0,0.0,0.9999999999,0.9999999999,0.7344,0.7324
0.0,0.4988347986326036,0.0,0.9019537588047275,0.997565883985412,0.8284,0.8206
0.010259527536111993,0.0,0.0,0.9,0.9947718809023414,0.8564,0.857
0.03225519376015182,0.0,0.025249119430353135,0.9999999999,0.99,0.7696,0.7588
0.021645625012337695,0.0,0.0,0.9,0.99,0.8364,0.8372
0.0,0.0,0.0,0.9,0.99,0.8492,0.8456
0.010259527536111993,0.0,0.0,0.9,0.9947718809023414,0.8646,0.8656
0.011562308123663226,0.0,0.0,0.9517091182591387,0.994198364545373,0.859,0.8532
0.01741095890219757,0.0,0.1,0.9999999999,0.9999999999,0.6768,0.6742
0.00815499640370943,0.0,0.0,0.9262760620918438,0.9927457747342113,0.8618,0.8614
0.010259527536111993,0.0,0.0,0.9,0.9947718809023414,0.8636,0.8672
0.0,0.0,0.0,0.9999999999,0.99,0.8646,0.8656
0.039249484033715594,0.3925276947806892,0.0,0.9,0.9999999999,0.818,0.8216
0.007225069260074968,0.08710002572323197,0.0,0.9,0.99,0.8666,0.8662
0.007225069260074968,0.08710002572323197,0.0,0.9,0.99,0.8684,0.8638
0.0,0.40713132502614957,0.0,0.9,0.99,0.8666,0.8662
0.0,0.25239075378310455,0.0,0.9,0.99,0.8666,0.8662
0.0428948948739121,0.2651919083183395,0.0,0.9,0.99,0.7786,0.7762
0.007225069260074968,0.08710002572323197,0.0,0.9,0.99,0.8728,0.8704
0.013737917462226757,0.210345380358077,0.0,0.9,0.9929558166772348,0.8642,0.8634
0.0,0.7803874153278808,0.0,0.9,0.9999999999,0.8684,0.8638
0.0059100273249896185,0.2772038993106188,0.0,0.9,0.992865466963245,0.8654,0.8652
0.007225069260074968,0.08710002572323197,0.0,0.9,0.99,0.8774,0.876
0.0,0.31940033385850075,0.1,0.9,0.99,0.8728,0.8704
0.010190186497160804,0.12956709122369822,0.0,0.9,0.9927766265825999,0.8742,0.8728
0.011633484417914251,0.0,0.1,0.9,0.99,0.7364,0.722
0.007225069260074968,0.08710002572323197,0.0,0.9,0.99,0.875,0.8736
0.0,0.543733560744078,0.1,0.9,0.9936389360994,0.8774,0.876
0.1,0.2797828291367566,0.1,0.9,0.99,0.5298,0.528
0.04222245405463031,0.4364968829360468,0.0,0.9999999999,0.9999999999,0.7062,0.7056
0.0,0.543733560744078,0.1,0.9,0.9936389360994,0.8774,0.876
0.04340289357984957,0.3564275874354475,0.1,0.9,0.9999999999,0.5854,0.585
0.0,0.4365586230424499,0.1,0.9,0.9908151744645473,0.8774,0.876
0.0,0.0,0.0,0.9999999999,0.99,0.8774,0.876
0.0,0.543733560744078,0.1,0.9,0.9936389360994,0.8774,0.876
0.0,0.683423812579091,0.1,0.9,0.9999999999,0.8774,0.876
0.0,0.0,0.1,0.9999999999,0.993991003741349,0.8774,0.876
0.0,0.2347077166777793,0.1,0.9999999999,0.99,0.8774,0.876
0.0,0.543733560744078,0.1,0.9,0.9936389360994,0.8774,0.876
0.0,0.11292322684273264,0.1,0.9999999999,0.9912908159843865,0.8774,0.876
0.0,0.41299349827074666,0.1,0.9,0.9948516514924275,0.8774,0.876
0.02933190376932128,0.5360410879424206,0.0,0.9,0.9999999999,0.8318,0.8326
0.01752633384302196,0.031471382059816484,0.08570610193469845,0.9336348867323941,0.9982763330850041,0.1004,0.0996
0.018018565434286996,0.4546139593278138,0.02892759928109398,0.9278454904851924,0.9987986451018127,0.7178,0.7222
0.017988303379585655,0.4896816019853349,0.08048103257929073,0.9735598345262976,0.9999423236150968,0.6394,0.632
0.018440843192787836,0.49411014004561316,0.0,0.9710681091952745,0.9976358697203445,0.7688,0.768
0.018440843192787836,0.49411014004561316,0.0,0.9710681091952745,0.9976358697203445,0.7642,0.7584
0.015282090276844913,1.0,0.0,0.923532483070169,0.9913586018634037,0.405,0.411
0.1,0.5581075445029579,0.0,0.9,0.9980936237617157,0.5258,0.5198
0.024165073184240462,0.49880850232154567,0.0,0.9274925167166336,0.9995810807230342,0.7684,0.761
0.0,0.5281744655140127,0.0,0.9,0.9999999999,0.7688,0.768
0.0,0.679497300607086,0.0,0.9127686441831357,0.99,0.7688,0.768
0.01468638716817229,0.5966940239405636,0.0,0.9,0.9903501556455194,0.8036,0.7938
0.1,1.0,0.1,0.9017579603911927,0.9922801049146704,0.0928,0.1072
0.01468638716817229,0.5966940239405636,0.0,0.9,0.9903501556455194,0.8092,0.8042
0.02946656562738515,0.636039972223779,0.0,0.98452855067019,0.9999999999,0.721,0.7062
0.013479294701814927,0.518903252032074,0.0,0.9,0.99,0.8084,0.8102
0.1,0.2069833462239724,0.0,0.9,0.99,0.3564,0.364
0.01468638716817229,0.5966940239405636,0.0,0.9,0.9903501556455194,0.8208,0.8126
0.011668403963646767,0.5471813869893126,0.0,0.9,0.99,0.8316,0.824
0.004894529384625958,0.7290676101536555,0.09238248703442575,0.9184599112211845,0.9905790927510811,0.7644,0.7574
0.0,0.6076689370143867,0.0397247525077204,0.9,0.99,0.8092,0.8042
0.011668403963646767,0.5471813869893126,0.0,0.9,0.99,0.8366,0.8314
0.0,0.5501474990640277,0.0,0.9,0.99,0.8316,0.824
0.0,1.0,0.1,0.9268673337983802,0.99,0.8316,0.824
0.0,0.9189842456779123,0.1,0.9,0.99,0.8316,0.824
0.011668403963646767,0.5471813869893126,0.0,0.9,0.99,0.8508,0.8446
0.0,1.0,0.1,0.9,0.99,0.8366,0.8314
0.0,1.0,0.1,0.9,0.9999999999,0.8366,0.8314
0.0,0.9048678891538189,0.1,0.9999999999,0.99,0.8366,0.8314
0.011668403963646767,0.5471813869893126,0.0,0.9,0.99,0.8488,0.8448
0.0,1.0,0.1,0.9999999999,0.9947466115108606,0.8508,0.8446
0.0,0.9443714103059949,0.1,0.9999999999,0.9999999999,0.8508,0.8446
0.1,0.44563162870179385,0.1,0.9219125713315416,0.99,0.575,0.5748
0.0,1.0,0.1,0.9999999999,0.9947466115108606,0.8508,0.8446
0.0,0.5688034209702705,0.006346172069590155,0.9999999999,0.99,0.8508,0.8446
0.027966591364840195,0.5518084081156927,0.026852828940315484,0.9999999999,0.99,0.7048,0.6976
0.013522472607726557,0.9638555813594726,0.1,0.9999999999,0.9999999999,0.0644,0.071
0.0,1.0,0.1,0.9999999999,0.9947466115108606,0.8508,0.8446
0.05940675359885478,0.35223218042522875,0.0,0.9,0.9999999999,0.7634,0.761
0.057768132372135454,1.0,0.0,0.9067367780082687,0.99,0.4354,0.4138
0.008528895147842734,0.5735963922941621,0.0,0.9999999999,0.99,0.8484,0.8414
0.0,1.0,0.1,0.9999999999,0.9947466115108606,0.8508,0.8446
0.06806294426047685,0.0,0.1,0.9999999999,0.99,0.7006,0.7014
0.00040326483238635973,0.5860001961489786,0.0,0.9999990480488853,0.99,0.8512,0.8458
0.05312751782285607,0.1148693419476258,0.0,0.9,0.9999999999,0.7666,0.7624
0.00040326483238635973,0.5860001961489786,0.0,0.9999990480488853,0.99,0.8522,0.8456
0.04571671915225353,0.3814112950288635,0.0,0.9,0.9999999999,0.7916,0.7854
0.07507586045466151,0.47813433497327434,0.1,0.9819176100201242,0.9999999999,0.6888,0.6854
0.05340481675806488,0.30171929168624445,0.1,0.9999999999,0.99,0.667,0.6738
0.00040326483238635973,0.5860001961489786,0.0,0.9999990480488853,0.99,0.8544,0.8464
0.0725002284990323,0.18694690930096913,0.0,0.9905386199115375,0.9999999999,0.7158,0.7118
0.0,1.0,0.06100997325250155,0.9999999999,0.997751596623547,0.8522,0.8456
0.04127837752240829,0.0,0.0,0.9999999999,0.99,0.785,0.7894
0.00040326483238635973,0.5860001961489786,0.0,0.9999990480488853,0.99,0.8546,0.846
0.04123474196302143,0.22401013122440713,0.0,0.9,0.9999999999,0.8368,0.8284
0.00271716267752798,0.5681438201231036,0.0,0.9999999999,0.99,0.8542,0.8448
0.037154720729146135,0.34533905044725727,0.0,0.9,0.9999999999,0.828,0.825
0.00040326483238635973,0.5860001961489786,0.0,0.9999990480488853,0.99,0.8564,0.8458
0.04764110481952937,0.0,0.1,0.9401840997383488,0.9999999999,0.6978,0.7018
0.06789084488240636,0.5768122124066432,0.0,0.9999999999,0.99,0.4838,0.4742
0.08420958592737957,0.0,0.1,0.9,0.9999999999,0.446,0.4448
0.00040326483238635973,0.5860001961489786,0.0,0.9999990480488853,0.99,0.8542,0.8458
0.06818156631987556,0.2590443740997611,0.1,0.9,0.9999999999,0.6336,0.6338
0.04109245936024744,0.2723146982220003,0.0,0.9999999999,0.99,0.7094,0.7056
0.0,1.0,0.0,0.9999999999,0.99,0.8564,0.8458
0.0,1.0,0.0,0.9999999999,0.99,0.8564,0.8458
0.04119590758603651,0.08786340385446914,0.0,0.9,0.9999999999,0.8336,0.8346
0.06382648305447891,0.0,0.0,0.9523924427787834,0.9999999999,0.8018,0.7896
0.044676842743129275,0.605792021981153,0.1,0.9,0.9999999999,0.618,0.6182
0.0,1.0,0.0,0.9999999999,0.99,0.8564,0.8458
0.08630887378353115,0.5087945371768146,0.1,0.9903629135966501,0.9999999999,0.6322,0.6418
0.03897525966269001,0.29524279204811665,0.1,0.9,0.9999999999,0.6738,0.6722
0.04756101290127315,0.0,0.0,0.9999999999,0.9999999999,0.7116,0.7154
0.0,1.0,0.0,0.9999999999,0.99,0.8564,0.8458
0.03554102845969604,0.1429532214987979,0.0,0.9,0.9999999999,0.8482,0.8396
0.03796715744079385,0.16190132036030352,0.0,0.9,0.9999999999,0.8372,0.8286
0.036023320426956836,0.0,0.0,0.9,0.9999999999,0.848,0.8382
0.0,1.0,0.0,0.9999999999,0.99,0.8564,0.8458
0.03925440291737704,1.0,0.0,0.9,0.99,0.541,0.5382
0.06278023822134898,0.13605955978697196,0.0,0.9,0.99,0.7986,0.7948
0.0,0.6434891601911497,0.1,0.9999999999,0.99,0.8564,0.8458
