b1,b2,droupout_prob,it√©ration,lr,weight_decay,loss,test
0.999702910771161,0.9991303564837946,0.21383749954854836,0.0,0.022969468160617977,7.538903222214298e-05,0.668,0.6542
0.9998657174729725,0.9989425330606886,0.1159787434401586,0.0,0.06971217355085778,3.606359121457567e-05,0.097,0.103
0.9598811535352986,0.9999888809087802,0.8788016536288854,-0.0,5.024097420207851e-05,0.045304058525029056,0.1504,0.1438
0.999882999036467,0.9907399130538269,0.03218794156334165,0.0,0.11984439390011883,1.3031632208070936e-05,0.445,0.4368
0.9997029107428395,0.999130356427079,0.2138374995266357,1.0,0.02296946811945998,7.538904058060319e-05,0.7272,0.716
0.9079202028676999,0.9914755236723121,0.112748170440941,1.0,0.07055023911808633,3.710805575607169e-05,0.686,0.6784
0.9474481101997869,0.999984919720999,0.8754914323529985,1.0,4.977489893561684e-05,0.04593312024021329,0.6612,0.6444
0.9998809830415325,0.9928145145430348,0.10665913719880356,1.0,0.12021834509419602,1.039032182071859e-05,0.4658,0.4632
0.9997029108422976,0.9991303564288478,0.21383749962242438,2.0,0.022969468023264154,7.538911365214541e-05,0.7062,0.6926
0.901294644418506,0.993298125911618,0.13277501389177898,2.0,0.0698700411701978,2.956861738415017e-05,0.5282,0.5084
0.9393992069305958,0.9999890328687213,0.9043045103185632,2.0,7.723583090401678e-05,0.043827735066236884,0.7078,0.6934
0.9997645331776107,0.999989002733309,0.9998299425040638,2.0,1.078503671949255e-05,0.03987883023738801,0.7268,0.7152
0.9998819249080348,0.9999889304786277,0.9903529272814549,2.0,1.4933599807574193e-05,0.0854037600715548,0.727,0.7114
0.999895278535646,0.9997932672766345,0.6687439327840381,2.0,0.0006738979921304305,0.0023328805627381125,0.7112,0.6992
0.9990634946474809,0.9998775284726789,0.525308752353379,2.0,1.0793579732709585e-05,0.001810815451456231,0.7268,0.7136
0.9930556206093052,0.9950082780768137,0.7962249048901469,2.0,0.001625956642196841,0.13275279961932943,0.6884,0.6688
0.999246411642804,0.9999592270003942,0.30967247481836413,2.0,0.0001595037167514336,0.009822753012348832,0.7232,0.713
0.9929456276112248,0.9984052084890285,0.0020303147171751856,2.0,0.007922276678853691,0.0002118508002018643,0.7518,0.741
0.985611653328854,0.997948320879246,0.022963563752932733,2.0,0.00732065279608495,0.00017199204835863143,0.7738,0.7664
0.9488298327823329,0.9987949547132835,0.39429929111823353,2.0,0.11582455088867803,0.0005241995581556992,0.5164,0.506
0.9856116532878693,0.9979483209258153,0.02296356365484608,3.0,0.007320652724867694,0.0001719920458117859,0.796,0.7812
0.9107824039634528,0.9940421847366527,0.03851040552805614,3.0,0.009596120967906963,9.955786861541356e-05,0.7932,0.7816
0.9143816965158236,0.9999828293406718,0.06612643760578202,3.0,1.5914374410061474e-05,0.10235057636195609,0.7744,0.7658
0.9998869153970001,0.9908203022188145,0.976582598104918,3.0,8.80303147915596e-05,0.004694516644426549,0.7614,0.745
0.9856116533681076,0.9979483209239044,0.022963563586662527,4.0,0.007320652788547858,0.00017199213917511795,0.8032,0.7948
0.9304082128346629,0.9923509384334446,0.04605491598402462,4.0,0.008409296023014405,0.0001104061294627286,0.8112,0.7982
0.9979861727688435,0.9990875724778673,0.7567913563853863,4.0,0.10193117331741577,1.221502208085388e-05,0.0948,0.0922
0.9470201930013477,0.9944333662536488,0.031537439382930826,4.0,1.22491137635579e-05,0.07676361160972497,0.7984,0.7822
0.930408212788503,0.9923509383950335,0.046054916036634405,5.0,0.008409296029763768,0.00011040620290803936,0.8248,0.8098
0.9076300564203172,0.9903888451241009,0.011998543836434533,5.0,0.016800651695859734,5.093506429489415e-05,0.8076,0.7928
0.9414824231593739,0.9999867156652067,0.7321440814409496,5.0,1.4725604740180237e-05,0.056602886615503216,0.8158,0.7978
0.9998872582561507,0.9950928434904242,0.0016730931110905192,5.0,0.0003648586062470004,1.329500099182155e-05,0.8192,0.8064
0.9304082128804965,0.9923509383992062,0.04605491610819271,6.0,0.008409296088606615,0.00011040620776122557,0.8458,0.8306
0.9023955273712104,0.9922918364887833,0.02942974329826736,6.0,0.012557518306420348,5.039583380904601e-05,0.8396,0.822
0.9062163623669152,0.9999883767415898,0.7379112051416713,6.0,1.2252503364600113e-05,0.06378005247383443,0.8262,0.8086
0.999863600739834,0.9927542329260114,0.005039928937787652,6.0,0.0001787572572755837,1.4919042556777762e-05,0.8296,0.8202
0.930408212895627,0.9923509384592938,0.04605491615190493,7.0,0.008409296159038576,0.00011040615541424805,0.8582,0.844
0.9076743968719894,0.9933811953429851,0.008953648472912641,7.0,0.009862978798052853,3.6038066851699404e-05,0.8592,0.8454
0.9963544807407477,0.9993224021408519,0.009684659738147888,7.0,0.10125056115744227,1.0608265170826505e-05,0.1018,0.0982
0.9018863809437747,0.9948974386607538,0.8952583332436633,7.0,1.0317793525522e-05,0.023599468336721822,0.8468,0.8288
0.9076743968067321,0.9933811953316314,0.008953648505953383,8.0,0.009862978886933752,3.6038109206917736e-05,0.8672,0.8486
0.9121719395334434,0.991447243318015,0.014568888239738988,8.0,0.01721262914946847,1.1361654840671084e-05,0.8538,0.8416
0.92902942505923,0.9999871613235974,0.002554367871028307,8.0,1.0827807492014718e-05,0.013462720746623996,0.859,0.846
0.9998915171279159,0.9901554661675482,0.9957763945752776,8.0,0.0002631594726520248,1.53276446584488e-05,0.837,0.82
0.9076743968870605,0.9933811954008862,0.008953648452931996,9.0,0.009862978922668601,3.6038208487383786e-05,0.8712,0.8522
0.9017310703057914,0.9907447557746257,0.005940866386847484,9.0,0.02329460620950296,1.4898270142403161e-05,0.8506,0.8444
0.915626868073246,0.9999883500310582,0.7019071360228039,9.0,1.2946974976004852e-05,0.01674033398866963,0.8658,0.8494
0.9998973909248204,0.9899752592446345,0.019128196095608924,9.0,0.0006651373183815981,1.3988112897537295e-05,0.8682,0.8562
0.907674396794735,0.99338119535024,0.008953648478731684,10.0,0.009862978831145145,3.603812493701539e-05,0.872,0.8628
0.9057486588426333,0.9914996118404199,0.0008481724856668708,10.0,0.01979654604856511,1.7243614746927785e-05,0.8562,0.8378
0.9062968381842231,0.999985703590439,0.7187085781448603,10.0,2.3113695851934542e-05,0.01681754867635956,0.8696,0.855
0.9998484424188551,0.9915374073037779,0.0063891149268182155,10.0,0.07581099674873626,1.299600230003161e-05,0.3568,0.3608
0.9076743968577007,0.9933811954123328,0.00895364849664681,11.0,0.009862978788798318,3.603814524322011e-05,0.8762,0.8686
0.9118068989431573,0.9937704665244675,0.040592953075696714,11.0,0.019782109190960337,1.224637833697938e-05,0.8678,0.8542
0.9041889452717002,0.9999888577714925,0.09601216463082826,11.0,1.3635429195757155e-05,0.014063658601545188,0.8732,0.8644
0.9998904068773281,0.9913838452522927,0.9215913925027378,11.0,0.0005828638320616433,1.784424856840115e-05,0.3894,0.3948
0.9076743968814583,0.9933811954550936,0.008953648550345285,12.0,0.009862978796900361,3.6038105336654455e-05,0.8736,0.8662
0.9017865558950087,0.9902412400999707,0.03158459052440871,12.0,0.023106013200339708,1.0717428937751075e-05,0.8694,0.8636
0.913565585776431,0.9999885258610709,0.009704976570463875,12.0,1.6923587014846827e-05,0.015571738847297848,0.8774,0.869
0.999842573712088,0.9999897846104653,0.9161672459806194,12.0,1.9122797939097383e-05,0.12051422024007388,0.8762,0.8684
0.9135655857279844,0.9999885258011617,0.009704976568524183,13.0,1.692363607102792e-05,0.015571738897893707,0.8786,0.8696
0.9103164561659648,0.9902344958815221,0.0187408582310316,13.0,1.3521622917396738e-05,0.03637620523137699,0.878,0.8698
0.9292254874436362,0.9999796285108121,0.06412726629621392,13.0,0.008061625609549572,2.3416277314712535e-05,0.8754,0.8668
0.9997399825251346,0.9930532179620009,0.8596701976764719,13.0,1.0894272112737185e-05,0.12048682946564317,0.877,0.8684
0.913565585661388,0.99998852581863,0.009704976474880275,14.0,1.6923691070646248e-05,0.015571738982379603,0.8798,0.8702
0.9181502192540657,0.9901691414951188,0.023209704855899942,14.0,1.2129710336781539e-05,0.03644161328525455,0.8794,0.8702
0.9094808455744082,0.9999769736137812,0.008942139425358875,14.0,0.008188573398839782,1.5368469400908424e-05,0.8796,0.8678
0.9998348513733415,0.9901839691111695,0.9788379546839153,14.0,1.0502786557764247e-05,0.085442543908821,0.8782,0.869
0.9135655855845031,0.9999885258042316,0.009704976515956693,15.0,1.692373229650174e-05,0.01557173901552181,0.8788,0.8716
0.9190505753242637,0.9924932080570169,0.00424245357378901,15.0,1.7471680087634275e-05,0.02940219631085988,0.8792,0.871
0.9976935619954971,0.9991705429789507,0.040504131997795345,15.0,0.012048895493269372,0.13323786330631934,0.7072,0.695
0.9039104258965134,0.9943628594342038,0.9974558532145612,15.0,1.0594121444929126e-05,1.788123394824864e-05,0.8788,0.87
0.9998510214511808,0.9899748637606409,0.5191579824365188,15.0,0.00039254153385347943,0.0002817528599257461,0.87,0.8582
0.9594782683285256,0.9999850276283822,0.3716297450043465,15.0,0.00026887019950809054,0.0039801732439745585,0.8796,0.8686
0.9892782707239289,0.999989317021991,0.4743717951456821,15.0,0.0741711197422885,0.0005976398037609934,0.4984,0.4796
0.9993040817761059,0.9999857582537961,0.41716488943279784,15.0,0.00038887177123494136,1.0461325506770416e-05,0.8776,0.8668
0.9581093959712459,0.9999430716330697,0.9742894368572574,15.0,0.003801754944833737,0.0029220397000355317,0.2046,0.1978
0.9870674030052864,0.9998898064156363,0.7646150821752133,15.0,0.00010406567628056715,7.348881029436325e-05,0.8706,0.8636
0.9998308683137559,0.9991603461355925,0.2168813069093693,15.0,0.11529099119867336,0.003940081015860138,0.4144,0.4084
0.9990361843105148,0.999971524300091,0.7581433642880999,15.0,0.017703413031268673,0.056921787913295364,0.6794,0.6568
0.9998816216351294,0.9943845603734272,0.2517293670876134,0.0,1.420765290291442e-05,0.00018961376637392663,0.1002,0.0998
0.9998877044586008,0.991540514751382,0.17865309077258507,-0.0,1.159573003142058e-05,0.00011130834762882026,0.1196,0.1186
0.9998615594010003,0.9914598743758507,0.02009964926581967,-0.0,1.2250559606851814e-05,1.929392820869375e-05,0.0952,0.0946
0.9710697177586829,0.9999873961065261,0.9075499669224532,0.0,0.07752827558991274,0.022668065872991777,0.1176,0.1302
0.9998877044054408,0.9915405148084273,0.17865309081667385,1.0,1.159571347933536e-05,0.00011130826451579674,0.1306,0.133
0.901608516563214,0.9900001717033167,0.05080148121642544,1.0,1.0459021250930517e-05,4.4989940863891434e-05,0.1278,0.13
0.9006175205579391,0.9999886481593911,0.8085524731781304,1.0,0.010301086702004391,0.0665064108402344,0.5766,0.581
0.9998015090667758,0.9999855280229937,0.9971867427827412,1.0,0.12505065330168566,0.10225742883945471,0.102,0.0958
0.9006175206564284,0.9999886481241036,0.8085524731548216,2.0,0.010301086675377616,0.06650641076225798,0.5836,0.583
0.9285463095939173,0.9910586180789985,0.9042106776044119,2.0,0.021571611439741133,0.10278066162419738,0.5048,0.5226
0.9106521085915386,0.9999740186084534,0.13696369043501433,2.0,1.672450164115503e-05,0.00018087332617138137,0.5978,0.6026
0.9998900262664991,0.9999816255542794,0.010921084218325522,2.0,1.0952930639258444e-05,1.2583736522361581e-05,0.5946,0.5956
0.9106521086839464,0.9999740186983617,0.1369636903972897,3.0,1.6724408596020863e-05,0.00018087327660385718,0.6154,0.6174
0.9126678391476721,0.9904197916753301,0.025124829593644885,3.0,1.2158509772503166e-05,0.00011390729496011276,0.6132,0.6158
0.9052421640174333,0.9999828886367682,0.730867299563442,3.0,0.014278123578294343,0.024373889337820174,0.6654,0.6786
0.999885717552688,0.9999748572888658,0.9715340630032154,3.0,0.11046893271938986,0.1307491907027424,0.1098,0.0972
0.9052421640711212,0.9999828886774818,0.7308672995403438,4.0,0.014278123485153643,0.02437388943057276,0.6922,0.695
0.9262152123657217,0.9902240894994887,0.8154876408851546,4.0,0.0226305501618601,0.06744349142660382,0.615,0.6196
0.9027917969298955,0.9999867111785757,0.05583205472259828,4.0,2.164173942084565e-05,6.497555416117397e-05,0.6818,0.6984
0.9998775610845425,0.990929860822847,0.9404948099150094,4.0,0.10411981551959854,0.09483161382560756,0.0966,0.1034
0.9052421641003515,0.99998288868184,0.7308672995043412,5.0,0.014278123396379497,0.024373889375567098,0.6864,0.6834
0.9184347027943954,0.9916725274564122,0.7849366376098578,5.0,0.0224880582814251,0.0683511762950635,0.5776,0.586
0.9305299355800989,0.9999815083821468,0.015850003061404105,5.0,2.0000636314347884e-05,3.74373272506358e-05,0.699,0.7076
0.9998940720614553,0.99998862196924,0.005178478511410289,5.0,1.0609248204205655e-05,1.0913938964627527e-05,0.696,0.7028
0.9305299356436796,0.9999815083481247,0.01585000312546087,6.0,2.0000538586433446e-05,3.743730052243522e-05,0.7034,0.709
0.9353136297746716,0.9899802702924188,0.008700817632636637,6.0,1.3267945923672102e-05,1.606331566335036e-05,0.7042,0.709
0.995374818644829,0.9991244268634808,0.0237128316539289,6.0,1.084867596046198e-05,1.0541161973751189e-05,0.7038,0.7086
0.9339118096456481,0.9923206982127863,0.9918593757827294,6.0,0.0399687038727544,0.11840131118318445,0.101,0.099
0.9353136297106811,0.9899802702913222,0.008700817534196397,7.0,1.326784875765853e-05,1.606325695726986e-05,0.705,0.7122
0.9012261586612691,0.9916265735257856,0.04003285407985602,7.0,1.0712212994967145e-05,1.8534445148182952e-05,0.7042,0.7108
0.9438256469537072,0.9999827908788054,0.0005804949606211807,7.0,0.004912174098198076,1.148503303942892e-05,0.762,0.7664
0.9996593383500275,0.9999853886517919,0.9210744217956268,7.0,0.093965349678158,0.08295095100647767,0.0964,0.1036
0.9438256468687616,0.9999827908018519,0.0005804949629613203,8.0,0.004912174105333662,1.1485050138738724e-05,0.791,0.7932
0.9175762632118022,0.9907058069047239,0.026837577834721668,8.0,0.008934487585118731,1.0776531319935065e-05,0.788,0.7868
0.9283599904653823,0.9999855560286772,0.014215973392463553,8.0,1.1568609147022667e-05,0.00839566411886464,0.768,0.7698
0.9998891964268708,0.9942775482927634,0.8825670535475006,8.0,0.11716191845809991,1.3567837640778231e-05,0.0966,0.1034
0.9438256469427967,0.999982790871591,0.0005804950619530959,9.0,0.004912174204687715,1.1485062864505257e-05,0.8088,0.8082
0.9044867248403833,0.9919195018273951,0.0006391240661956422,9.0,0.007645406041462333,1.3277317208470628e-05,0.8134,0.8156
0.9973024638759407,0.9989898090999515,0.6133941788988382,9.0,0.11178425552074171,0.009634956744908467,0.101,0.0988
0.90837207344262,0.9934432678256071,0.035782113204045896,9.0,1.4359723507459431e-05,1.3307758168185866e-05,0.7914,0.7952
0.9044867247445036,0.9919195018044049,0.0006391239968744406,10.0,0.007645406087545502,1.327732875198274e-05,0.823,0.8252
0.9119983352862131,0.9904744626460449,0.012979179561579774,10.0,0.008792144425653372,2.507663843613085e-05,0.814,0.8218
0.9020784152490893,0.9999801607427184,0.001151882253466241,10.0,2.1453025688475818e-05,1.3599635317895951e-05,0.8192,0.8216
0.9998651453256433,0.9908951178417734,0.8830949730464481,10.0,0.12120333973964903,0.07593497162249872,0.1002,0.0998
0.9044867247321435,0.9919195017917245,0.0006391240082650557,11.0,0.0076454060507522,1.3277409673697552e-05,0.8386,0.8456
0.9089640524600074,0.9905459175430988,0.007267194118134533,11.0,0.015045176627391204,1.3103179551752208e-05,0.8354,0.8338
0.9413130091662343,0.9999861179903162,0.012754137611621126,11.0,1.3193267468757963e-05,0.010853655080671069,0.8266,0.8302
0.9998123348085334,0.9903437938346952,0.9601201498492415,11.0,0.000223462045141535,1.0154093339464258e-05,0.7802,0.7796
0.9044867247831101,0.991919501790558,0.0006391240919023487,12.0,0.007645406121109588,1.3277410746760284e-05,0.8438,0.847
0.9217053549186848,0.9936709948819166,0.008156963347533092,12.0,0.020604620788845965,1.1112386856805936e-05,0.8114,0.8188
0.904510451587641,0.9999854526988796,0.014283588975699257,12.0,3.043743236526165e-05,0.005941234730014184,0.838,0.8464
0.9998296862522889,0.9911288435091418,0.9379806956166892,12.0,0.09663912833893111,1.6055428132596854e-05,0.1058,0.0942
0.9044867248537303,0.9919195017333896,0.0006391240528856179,13.0,0.007645406169133873,1.3277415938686519e-05,0.8572,0.8596
0.9048490286727883,0.9937748182298902,0.003551268177985206,13.0,0.014584130124950311,1.0286721740601142e-05,0.8454,0.8494
0.9100418504661528,0.9999860390756039,0.07516041693184063,13.0,1.1122400229894219e-05,0.008608156234085557,0.8454,0.8502
0.9998437513468597,0.9906919535234858,0.9623870292599777,13.0,0.00018099111740882835,1.1220636091123617e-05,0.8296,0.8372
0.9044867247593509,0.9919195018216945,0.000639124000778664,14.0,0.00764540616020578,1.3277352134737297e-05,0.8636,0.8652
0.9022994419819821,0.9943883538632075,0.021726853751859784,14.0,0.016926162311971017,1.187924475631649e-05,0.8458,0.8528
0.9283067649223133,0.9999860190318235,0.06932447275656003,14.0,0.00011760338508971246,0.007288983551691798,0.8618,0.8636
0.9998342985960412,0.9902732516225449,0.9026111232291952,14.0,0.0751804285686101,1.0895616628887342e-05,0.101,0.099
0.9044867246793987,0.9919195018123949,0.00063912406421395,15.0,0.007645406224094022,1.3277379538494305e-05,0.8674,0.8668
0.9255113400151094,0.9900964132367456,0.011017829305747748,15.0,0.014455763495343048,1.1589673614310914e-05,0.8582,0.859
0.9269727927837773,0.9999752731672128,0.002845095695504174,15.0,5.151661583572832e-05,0.008676643555350598,0.8664,0.867
0.9998736872549076,0.9926630424083372,0.9838460980266263,15.0,0.11625118093696692,1.5270013130970637e-05,0.1058,0.0942
0.9044867246031558,0.991919501754256,0.0006391239642197699,16.0,0.007645406163897836,1.3277430836148967e-05,0.8712,0.874
0.9256466638214025,0.993360610794293,0.015559032752545401,16.0,0.011846137008148969,1.4532555530671165e-05,0.8666,0.8724
0.9052037789026313,0.9999887053850619,0.0579225516462068,16.0,1.866427589805755e-05,2.408461581947983e-05,0.8674,0.869
0.9998495222553333,0.9949194129867464,0.9693711794008785,16.0,0.09621042166663267,0.13029113578589227,0.1058,0.0942
0.9044867245978209,0.9919195017838776,0.0006391239074513763,17.0,0.007645406246917851,1.3277415993135204e-05,0.8698,0.8728
0.9277089264581164,0.9902088176674755,0.0038722282848544557,17.0,0.011284356318530976,2.008209376880276e-05,0.873,0.8754
0.9984323013237961,0.9983493653512687,0.6760440139680964,17.0,0.026028454217617944,0.008023788124178675,0.7272,0.7192
0.9161333491466549,0.9929965633003235,0.051775645548151054,17.0,1.075313395788503e-05,1.2723300361055513e-05,0.8726,0.8748
0.9277089263623842,0.9902088177374858,0.0038722283237339625,18.0,0.011284356378902809,2.008213881078491e-05,0.8738,0.8734
0.9140394262588754,0.9901305872414267,0.09507023711479501,18.0,0.02115310820772369,2.2685920018586594e-05,0.8596,0.8628
0.9023542649044544,0.9999891351584475,0.03572062019908228,18.0,1.3335605806269151e-05,1.3393059684299914e-05,0.8738,0.876
0.9998839315265597,0.992007599181762,0.8503837417509739,18.0,0.12387606383316238,0.13151385125628748,0.1226,0.1104
0.9277089264472541,0.990208817719943,0.0038722283134409994,19.0,0.011284356367677913,2.008217160858314e-05,0.8688,0.869
0.9049940720277134,0.9907444047972601,0.06729244498146417,19.0,0.029025597499763838,1.3086290550880259e-05,0.8358,0.8392
0.9037022110575587,0.9999840622952362,0.003999307775688079,19.0,3.3662659326030686e-05,0.007321500043474537,0.8796,0.8772
0.9998233329677029,0.9999883017406399,0.8947809216039196,19.0,3.145006587539751e-05,0.10721518575114748,0.8714,0.8674
0.9998186430202483,0.9997963691846349,0.18192254270333796,0.0,3.194539372594239e-05,0.0007564117910237594,0.0974,0.1026
0.9998805115056862,0.9998380244778573,0.03654398563301603,-0.0,1.0706303543329105e-05,0.0006158726478631161,0.1298,0.1316
0.9998764174166109,0.9999895233509063,0.06776353136821345,0.0,1.111397578035084e-05,2.8420962183725286e-05,0.0952,0.1048
0.9360625630187654,0.9917145034449439,0.980567182321093,0.0,0.038415131627971555,0.06937615879818658,0.1052,0.0948
0.9998805114735436,0.9998380245298114,0.03654398561634065,1.0,1.0706393832184116e-05,0.000615872700486096,0.1796,0.1774
0.9027229719336687,0.9905793200722925,0.028803829845352014,1.0,1.038053472823203e-05,0.00038055339421988926,0.1778,0.1758
0.9031679828952927,0.9999863295895168,0.7263893190586604,1.0,0.007756187182216192,0.12433876086231851,0.552,0.555
0.9997025701082689,0.9999822676601717,0.9885197262750165,1.0,0.11455177406775396,0.07347536342318352,0.0982,0.1018
0.9031679828486097,0.9999863296418334,0.7263893190750207,2.0,0.007756187177278518,0.12433876090516069,0.5446,0.5554
0.9127510705322907,0.9918003492581068,0.7769359422526128,2.0,0.017215442571679257,0.131123092392597,0.5136,0.5058
0.9154213449328454,0.9999880739313999,0.029394912084607983,2.0,1.0761513572830194e-05,0.00019286665649357576,0.584,0.5828
0.9998623473837863,0.9999891841557617,0.05261023434028368,2.0,1.2329157000754465e-05,1.6425791054683342e-05,0.587,0.5896
0.9998623473689464,0.9999891840725725,0.05261023426022016,3.0,1.2329089344364237e-05,1.6425831857968708e-05,0.5868,0.5874
0.9141350256323537,0.9901848435393,0.06570520290377796,3.0,1.1909186948047585e-05,1.047529047879552e-05,0.5886,0.5868
0.997248483821746,0.9992090756313136,0.7705063079477272,3.0,1.1997994810492914e-05,1.2493634655521708e-05,0.5822,0.582
0.9196734315288152,0.9913924971486345,0.05070782678621355,3.0,0.03231532749887698,0.13023391842184426,0.562,0.5676
0.9141350256410197,0.9901848435542296,0.0657052028854603,4.0,1.190915523975321e-05,1.0475377507912368e-05,0.5898,0.5882
0.9193219491280032,0.9899678163170732,0.020226460649850335,4.0,1.1178497756032296e-05,1.1565417949337711e-05,0.5884,0.5884
0.9108088802299972,0.9999816407276859,0.7662452908378281,4.0,0.007754076967442924,1.7256774559654004e-05,0.6518,0.663
0.9998706097607833,0.999988925695681,0.991539304547778,4.0,0.10915224631548305,0.07291383212541214,0.1012,0.0988
0.9108088802840912,0.9999816406419049,0.7662452909112593,5.0,0.0077540770275705525,1.725682650929803e-05,0.7268,0.7322
0.9154385339562082,0.9910570027716755,0.8660167319952915,5.0,0.010259095429744982,2.6790696641977113e-05,0.6784,0.692
0.9148790520244676,0.9999880091713448,0.11143503268812144,5.0,1.8695770215455562e-05,1.097573478467391e-05,0.6656,0.6794
0.9998888529405784,0.9914489641788,0.9492103805670902,5.0,0.10107624021121861,0.12468585916482089,0.1008,0.101
0.9108088803097533,0.9999816406667122,0.7662452908575033,6.0,0.007754077046245626,1.725673241664372e-05,0.7446,0.7506
0.8998645050921954,0.9903608512830381,0.852364293818555,6.0,0.014092727241046666,1.6761061214313428e-05,0.7206,0.7252
0.940345857401088,0.9999851817983038,0.151919265487224,6.0,2.105641569593534e-05,0.007916354791935332,0.73,0.7326
0.9998840383731099,0.9912913957263382,0.9983498720466353,6.0,0.12682672186075883,1.817900531914045e-05,0.1028,0.0972
0.9108088802454684,0.9999816407516873,0.7662452908631411,7.0,0.007754077036260704,1.725680015258084e-05,0.7552,0.7598
0.9056195015390136,0.991481185466087,0.8585884437578937,7.0,0.012869950233653353,1.2740697868420787e-05,0.7372,0.7502
0.9026545532275076,0.9999890600694444,0.16451541649830975,7.0,7.06285572176298e-05,0.00890451209547646,0.7508,0.7546
0.9997421064336508,0.9922294377345461,0.9972474038254404,7.0,0.10181500959063419,1.2564550615620056e-05,0.1012,0.0988
0.9108088801982426,0.9999816407152786,0.7662452908554612,8.0,0.00775407695495687,1.725675749294879e-05,0.7592,0.7696
0.9308076279600589,0.9906722527962756,0.8511399600993143,8.0,0.020460030563018247,1.4399516639892763e-05,0.7204,0.7258
0.9133634616089495,0.9999871804282645,0.06424478706711345,8.0,1.1899457948183463e-05,0.012046713647208707,0.758,0.7614
0.9998461743809275,0.9905738293429206,0.9986946846780809,8.0,0.0002472918515418612,1.0724425868145872e-05,0.7388,0.7486
0.9108088802666623,0.9999816407592924,0.7662452908569024,9.0,0.00775407704388701,1.725669949928072e-05,0.7734,0.7812
0.9025496897606727,0.9902281584026449,0.8821735664437116,9.0,0.01439926770073536,1.4423260101136491e-05,0.7516,0.7522
0.917128473646564,0.9999479763805796,0.07107806674249606,9.0,1.3342511312200283e-05,0.012865520947417542,0.7642,0.7742
0.9998861488024459,0.9913988406786383,0.9964914083991779,9.0,0.00017753025532344282,1.0546200135817417e-05,0.756,0.7654
0.9108088801919527,0.9999816406883082,0.7662452908416681,10.0,0.007754077122840923,1.725672368045611e-05,0.7842,0.787
0.9612676417889621,0.9914366741808703,0.8560589047406234,10.0,0.022709124422334342,1.0994877028383812e-05,0.738,0.7428
0.9152209652616278,0.9999739666269583,0.07982030267958518,10.0,1.9848256521168653e-05,0.005977061602072755,0.7772,0.7824
0.9998517311998117,0.990169130571103,0.9964637399682705,10.0,0.10887357389499502,1.3922958624891808e-05,0.1012,0.0988
0.9108088802667946,0.9999816406583345,0.7662452908393353,11.0,0.007754077136540485,1.7256758744941366e-05,0.7818,0.7914
0.9188205391306933,0.9905755372584881,0.8648979971422883,11.0,0.014137708767033434,1.1682561803237016e-05,0.7634,0.7664
0.9055381287421873,0.999989502364766,0.12822167312521715,11.0,1.1782117084744342e-05,0.007533885859618424,0.7856,0.789
0.9998757875948155,0.9999869443901522,0.0167592945417408,11.0,1.4683376049548912e-05,0.10550954159817157,0.7852,0.7888
0.9055381287265846,0.9999895023225831,0.12822167312515748,12.0,1.1782055115431774e-05,0.007533885781433626,0.7834,0.7898
0.917933533743205,0.9913605412846934,0.0638774562843777,12.0,1.1245979543433835e-05,0.014293865428770527,0.784,0.7902
0.9979146943120626,0.9991988546734089,0.00754622881050384,12.0,1.063837604913418e-05,0.13383757096174237,0.785,0.7898
0.9998966736296042,0.9999466319954702,0.9271261094448632,12.0,0.058544350887146816,5.78074631748027e-05,0.2106,0.2038
0.9988104320148681,0.9974060187438625,0.5449966796748912,12.0,0.0007325342904689878,0.10013153033227072,0.78,0.7882
0.9938014717688141,0.999369864825132,0.41390545893632785,12.0,0.000277589987740061,0.00014652514488487458,0.7874,0.7946
0.9696111274956878,0.9999875975720623,0.5036404227423144,12.0,0.0009339238532357923,1.3284833873648515e-05,0.7926,0.7974
0.9499636255278905,0.9999885921405675,0.9999188145002379,12.0,0.1286202863903489,1.075349907390951e-05,0.1032,0.0968
0.9696111275807237,0.9999875974812061,0.5036404227848968,13.0,0.000933923938212026,1.3284756170975738e-05,0.797,0.8
0.9145505440305302,0.9908457237887104,0.5077861824822706,13.0,0.0010911876266178388,1.3737821550758729e-05,0.7934,0.7976
0.9133495490631954,0.9999890846126369,0.06965132391444867,13.0,1.0450386839030511e-05,1.1480874085386457e-05,0.7928,0.7972
0.9995357317674248,0.9929309464190949,0.952528828860611,13.0,0.034961503414466154,0.12565298527982666,0.1902,0.184
0.9696111276204373,0.9999875974768881,0.5036404228021695,14.0,0.0009339239801624995,1.3284672288659626e-05,0.7976,0.7998
0.9029858856608892,0.9914224987842146,0.47345869761452697,14.0,0.0011218153626977694,1.2988966292012876e-05,0.8006,0.8078
0.9967487511277383,0.9990638301959295,0.03919888926142945,14.0,0.09007543372915515,1.4918055413051192e-05,0.0912,0.1088
0.910793516511398,0.992668417702083,0.9665509690997949,14.0,1.0232247275861394e-05,0.11265269086434525,0.795,0.8002
0.9029858856584704,0.9914224987955549,0.4734586975497964,15.0,0.0011218153102137323,1.2989061150932161e-05,0.8024,0.8056
0.9490804441153959,0.9927435485007233,0.491867124615022,15.0,0.0011706991707869996,1.0653429305694417e-05,0.8024,0.8076
0.9011019792643712,0.9999841722466997,0.04900243624882861,15.0,2.1460240957951272e-05,0.005835487775051362,0.7982,0.806
0.9998906411157577,0.9916608437023747,0.9729471646091324,15.0,0.1225131690285414,1.4087864334089411e-05,0.1032,0.0968
0.9029858856059707,0.9914224988179419,0.47345869751046266,16.0,0.0011218153241238495,1.2989076340403365e-05,0.8126,0.8182
0.9376602195082464,0.9915761347914361,0.45067602601881673,16.0,0.0010080721397969458,1.1165901856118452e-05,0.8146,0.8194
0.9972660264950922,0.9990738424081588,0.15471625597077304,16.0,1.221195881048009e-05,1.6371253533767127e-05,0.8028,0.8066
0.9120269975630176,0.9923660003850515,0.9850861948679399,16.0,0.0692313119359045,0.04507378140383605,0.101,0.099
0.9376602194160591,0.9915761346937384,0.4506760259733719,17.0,0.001008072177842845,1.1165829053406273e-05,0.8184,0.8224
0.922470542239593,0.9934529206983108,0.42750644432588986,17.0,0.0007562846708488669,1.1718068664741011e-05,0.8116,0.8182
0.9012184811450292,0.9999861521404442,0.9603554392185949,17.0,0.10018282317575085,1.1040619401676982e-05,0.1012,0.0988
0.9998854862262476,0.99402766975725,0.015085912046721162,17.0,1.4849716548723894e-05,0.10932285771054093,0.8148,0.8214
0.937660219494397,0.9915761346819376,0.45067602589285793,18.0,0.0010080721282230837,1.1165885467802573e-05,0.8196,0.822
0.9326823709702985,0.9902342058426082,0.4400622652945075,18.0,0.0008691948397005225,1.7075150795278708e-05,0.8236,0.8258
0.9974520592331345,0.9987178006323462,0.11912114798712353,18.0,1.5019326179289692e-05,0.00805818366247096,0.818,0.8236
0.9278785552386709,0.992642227335512,0.9747146199931531,18.0,0.06858887919510273,1.2036526668091613e-05,0.0998,0.1002
0.990351779313224,0.9999595899019901,0.7990991173848168,0.0,0.027964043151468887,0.09884881217977096,0.3802,0.3906
0.989511665997797,0.9999800611788349,0.9040328942665962,0.0,0.0781944035160851,0.10815078027508229,0.2224,0.2142
0.9998773687988852,0.9980351512544121,0.11372406179893269,-0.0,5.359354419083731e-05,0.00014105322652488634,0.1624,0.1614
0.9108107917919182,0.9999895516463954,0.9357497706688499,-0.0,0.09774992017545572,0.09999956478555007,0.1012,0.0988
0.9903517793990454,0.9999595899602731,0.7990991173630794,1.0,0.02796404317220686,0.09884881218635491,0.1198,0.1234
0.9001866619603385,0.9905502262456702,0.8732397317167707,1.0,0.07276029298181683,0.13384954118239759,0.1014,0.0986
0.9166860642218125,0.9999895135040381,0.09620901799463732,1.0,3.690954031985731e-05,8.860856031344373e-05,0.4938,0.5064
0.9998232696353313,0.9999853542292899,0.03649014150585397,1.0,2.0310920932599657e-05,1.3765158648167318e-05,0.4816,0.4926
0.9166860641834251,0.9999895134964731,0.09620901802874358,2.0,3.690959764365075e-05,8.860847045172443e-05,0.5294,0.5374
0.945261128565861,0.9936061481037386,0.025993572092188125,2.0,1.8147491183818195e-05,3.652922594817672e-05,0.5116,0.5262
0.9003347911249124,0.9999873449955282,0.8008900580237863,2.0,0.020395693132493845,0.05576624648188472,0.5374,0.5424
0.9997974162653108,0.9999869041053925,0.8926612734923469,2.0,0.1305995448521466,0.12151840713142488,0.102,0.098
0.9003347910558992,0.9999873449519477,0.8008900579657047,3.0,0.020395693086383473,0.055766246515422044,0.5706,0.5864
0.9019671057044971,0.9913650260329011,0.8623051768142613,3.0,0.04303193337198243,0.13117682476435,0.1152,0.113
0.9053645084691053,0.9999755137766675,0.027215351815802313,3.0,3.138115389276053e-05,0.00010631160521671642,0.5568,0.5692
0.9998410010321851,0.9912286443540819,0.8795899365428984,3.0,0.1304777910845199,0.06580522957610647,0.103,0.0972
0.90033479113368,0.9999873449962663,0.8008900580545744,4.0,0.020395693091462185,0.05576624654848313,0.5486,0.5678
0.9170553515748014,0.9946630182958809,0.8990137942162968,4.0,0.05612859336249141,0.1044393175667766,0.103,0.097
0.9122120191604475,0.9999892951359648,0.22083281928879034,4.0,3.985368504626793e-05,0.0001240794954112812,0.5962,0.6072
0.9998438497572032,0.9999898061049105,0.02275598879787788,4.0,1.050693238227964e-05,1.9539938390000474e-05,0.5776,0.588
0.9122120192387677,0.9999892951034577,0.22083281919281078,5.0,3.985365023243743e-05,0.0001240794914382242,0.6388,0.6502
0.9395331668702177,0.9903320038724129,0.126492329605186,5.0,1.320413065520194e-05,4.264079159413867e-05,0.6098,0.6222
0.9248853896393798,0.9999871108386498,0.7859552334676787,5.0,0.03354166805453383,0.03895374555334583,0.5864,0.597
0.999805194222063,0.9915505246317678,0.0793023823895222,5.0,1.0576957968659748e-05,1.1131864757934267e-05,0.6078,0.6208
0.9122120192772473,0.999989295003563,0.2208328190971319,6.0,3.9853667806610405e-05,0.00012407951460780952,0.6584,0.6664
0.9046827217536896,0.9911479652959688,0.09946760392170245,6.0,1.2577016633311724e-05,6.0160221434063746e-05,0.6486,0.6606
0.9187771955693336,0.999986067758907,0.943216935086618,6.0,0.0092561672551314,0.08659132837439218,0.5506,0.561
0.9998448385997432,0.9913869038549055,0.07867746503340439,6.0,1.4690483375383955e-05,1.0802679051949373e-05,0.6534,0.6622
0.9122120193658587,0.9999892949670574,0.22083281909503358,7.0,3.9853666952471806e-05,0.00012407945231691475,0.6614,0.671
0.9032350564459437,0.9912247316987426,0.10710011077312646,7.0,1.773681292299884e-05,4.942119967456557e-05,0.6608,0.6698
0.9166862083050297,0.9999886064443835,0.8341344406111841,7.0,0.019142226250286914,0.05040682280451294,0.6072,0.6136
0.9998807451670101,0.9900559686311703,0.03304035995052029,7.0,1.6376827359707987e-05,1.1616997103425334e-05,0.6618,0.6696
0.9998807450988847,0.9900559685742656,0.03304035993711762,8.0,1.637676161753354e-05,1.1616914574903274e-05,0.6618,0.67
0.9011283292845226,0.9910794352469187,0.10214136435095247,8.0,1.0294195764614063e-05,1.0293651124102585e-05,0.6622,0.6706
0.9955545959604217,0.9988475933791454,0.8327838589712495,8.0,1.1610599965357157e-05,1.0175356742495399e-05,0.6578,0.6698
0.9057831270136599,0.9920742324993551,0.008804303261195301,8.0,0.0650830059500403,0.1143391082619784,0.1146,0.1154
0.9011283292669098,0.9910794352396425,0.10214136439876094,9.0,1.029421413642283e-05,1.0293677901698666e-05,0.6612,0.6702
0.9227748522576543,0.9904677574675497,0.003572104377595045,9.0,1.4004734996468802e-05,1.073403098603037e-05,0.663,0.6728
0.9974456297502489,0.999052282332744,0.06893952046475793,9.0,0.011269928056140362,0.010956159615452831,0.7274,0.7372
0.9998934491611331,0.9999420373893463,0.9107796196420833,9.0,0.04546021287477633,0.04810171467260346,0.1496,0.1474
0.9974456297552196,0.9990522822390361,0.0689395204227656,10.0,0.01126992808485183,0.010956159631317701,0.7476,0.7612
0.9213706060493152,0.991294387719206,0.028110349667351486,10.0,0.02898353654663792,0.024009634101703585,0.7252,0.7358
0.9147237460658977,0.9999897178396638,0.692582080838659,10.0,2.4122346880128087e-05,4.660675792264583e-05,0.7274,0.7354
0.9998980147876386,0.9940885811188509,0.0069298620917584985,10.0,0.06255581737908228,0.05043962436001984,0.6162,0.626
0.9974456297735828,0.9990522822045906,0.06893952049321644,11.0,0.011269928011673458,0.010956159720410292,0.7492,0.7546
0.9534958859862062,0.9913881830999934,0.005419278974785058,11.0,0.010662895156591313,0.03825852962957745,0.7396,0.7522
0.9058244743678205,0.99997072726892,0.7499481910660581,11.0,0.12167500910752133,1.94047568861955e-05,0.0964,0.1036
0.9998282714317647,0.9912677641683971,0.04194453298440248,11.0,2.4498961351032256e-05,0.052278643746528346,0.753,0.7636
0.9998282714645049,0.9912677641373016,0.0419445330312693,12.0,2.449901444762185e-05,0.05227864364768753,0.7568,0.7664
0.9015945610534513,0.9944055280433844,0.057230917682544485,12.0,1.1442852962219303e-05,0.1278406522592215,0.7544,0.7644
0.9124587395469218,0.9999863706619138,0.13466540987366682,12.0,0.011681607967128445,0.00011554517843437066,0.7752,0.7838
0.999850977064424,0.9999885032336855,0.982982717319783,12.0,0.11536116568315752,1.4411333346225861e-05,0.0982,0.1018
0.9124587395834521,0.9999863706466543,0.13466540996494153,13.0,0.011681607951209578,0.0001155451057904169,0.7918,0.7996
0.9087736202160365,0.9919812684412102,0.0957749274849703,13.0,0.02009341927357644,8.134587864901134e-05,0.7718,0.787
0.9351782968496015,0.9999894299017327,0.8139033909390312,13.0,1.1805254768942469e-05,0.04672488017664327,0.774,0.7822
0.9998913403621019,0.9904591923775564,0.05084677203854687,13.0,0.0003069051889304182,1.8955466407498097e-05,0.7774,0.7866
0.9124587394884993,0.9999863705640843,0.13466541000762633,14.0,0.011681607982016022,0.00011554503614004754,0.8094,0.8176
0.9014746857163092,0.9951960443162863,0.050623022178505256,14.0,0.028883567550295714,4.7759266817289415e-05,0.7818,0.797
0.9172428884060212,0.9999865176484728,0.8398863650139511,14.0,4.7523558869578523e-05,0.09012099072533686,0.7912,0.798
0.9997658412863288,0.9910083423555947,0.0052197484703722374,14.0,0.07808596467869176,1.1021428548965274e-05,0.102,0.098
0.9124587394008494,0.9999863704874762,0.13466541000662563,15.0,0.011681608003403498,0.00011554503831775365,0.8304,0.8346
0.9029261021717822,0.9901100287471704,0.015072369958968837,15.0,0.02058668238864866,7.142341236308461e-05,0.8274,0.837
0.9004530262048211,0.9999769877733289,0.7480866063295053,15.0,1.6735085001091884e-05,0.07740488261237025,0.8108,0.8178
0.9997865621219,0.9902164423555554,0.041412273525944454,15.0,0.1272730224569376,1.1078876741855109e-05,0.2364,0.2424
0.9124587393532384,0.9999863704213212,0.1346654100314596,16.0,0.011681607985749019,0.00011554511499970917,0.8434,0.8542
0.9501770030091662,0.9905821144704294,0.015652223052656497,16.0,0.024833589688020196,5.1881873561118136e-05,0.831,0.846
0.9402906189343008,0.9999887112008224,0.775965159469352,16.0,4.16393460975232e-05,0.09238096111255975,0.827,0.8332
0.9998765541222764,0.9935409833547814,0.059857405225466384,16.0,0.09872120874613714,1.640686036395023e-05,0.1004,0.0996
0.9124587393815818,0.9999863705033748,0.13466540995533044,17.0,0.011681608025017129,0.00011554504037786333,0.8498,0.8572
0.9007908413559957,0.990283219967445,0.029039594422473405,17.0,0.030286289033713915,6.53543438813593e-05,0.844,0.8478
0.9010413813750127,0.9999860948559213,0.8188463644363926,17.0,1.9564799568925766e-05,0.06893172020526932,0.8448,0.8554
0.9994269372539174,0.990152210045617,0.0018397421652652513,17.0,0.054703410198210255,1.721404878800948e-05,0.726,0.7354
0.9124587393287532,0.9999863704562884,0.134665409924135,18.0,0.0116816081133642,0.00011554506464303034,0.8514,0.8626
0.9037110595720826,0.9921917164834414,0.025807775618649095,18.0,0.03087828354531716,3.481452260025317e-05,0.8304,0.8394
0.9017929248608673,0.999989851696937,0.7849123512987703,18.0,1.3074136226519903e-05,0.03149452536891726,0.8494,0.8596
0.999865874177103,0.9908312260064933,0.028342098004773997,18.0,0.12585845540719776,1.4480337171746346e-05,0.1528,0.1618
0.9124587394174825,0.999986370515823,0.13466540995024964,19.0,0.011681608098577441,0.0001155451390707662,0.8572,0.8654
0.9371758973560337,0.9913776128607701,0.00777208492835707,19.0,0.026729128882509764,5.0731155195366086e-05,0.8444,0.8528
0.9112818949348285,0.9999690706787084,0.7349309565133605,19.0,3.955711820047331e-05,0.025800824203644837,0.8514,0.8618
0.9998329425020328,0.9901778296269097,0.050701446984357565,19.0,0.07069041096599402,1.5154722015908762e-05,0.2022,0.2104
0.9997061314578214,0.9998331853540027,0.988737857513802,0.0,0.08098583776087248,0.06236000871320008,0.1014,0.0986
0.999877661455816,0.9998450312567808,0.949347746238078,0.0,0.08442958991443025,0.04424013896808263,0.3542,0.355
0.9998212990805069,0.999987639314113,0.27306210629629446,0.0,0.12852782163668508,5.6963824441576026e-05,0.0976,0.1024
0.9324693579335811,0.9904997088502203,0.9876989747681925,-0.0,2.1619592330243943e-05,0.1350377373180866,0.1002,0.1002
0.9998776614048936,0.9998450313500744,0.9493477461954102,1.0,0.08442958991119606,0.04424013902561887,0.1052,0.102
0.940716340495092,0.9930734053770887,0.9828156296309117,1.0,0.12337733583374644,0.11415749977804762,0.103,0.097
0.9392091751916538,0.9999865852518501,0.2207667087123617,1.0,0.00012884509558144057,0.00014054343553710258,0.421,0.4176
0.9998724262105947,0.9999897000637752,0.02819796345067202,1.0,2.127584865538764e-05,1.1130771285137485e-05,0.369,0.3674
0.9392091751071036,0.9999865852649209,0.22076670861682388,2.0,0.00012884508286696773,0.00014054334124163686,0.476,0.4782
0.9075365507739594,0.9943866062243563,0.12221062286050183,2.0,6.500715731897361e-05,8.911676082776283e-05,0.442,0.4404
0.9014480691829658,0.9999897716115216,0.9511122386124027,2.0,0.11236253487532173,0.0608315828155999,0.103,0.097
0.9997927163046362,0.9920417716493403,0.05925828794800425,2.0,0.003085657068106678,1.0511831819048506e-05,0.7238,0.7274
0.9997927163968849,0.992041771641367,0.05925828801049642,3.0,0.0030856570062104552,1.0511797356829461e-05,0.7704,0.774
0.9087508518219931,0.9921054649567581,0.0018326878141248365,3.0,0.0050466280113714455,1.1336765588734435e-05,0.7952,0.7938
0.9961527087861348,0.9991319182562887,0.007132251767413327,3.0,0.09824151908435448,0.008416831562692486,0.1038,0.0962
0.936923849805323,0.9953729658290091,0.8842464071200238,3.0,1.6608415216347983e-05,1.6763199076015145e-05,0.722,0.7256
0.9087508517893256,0.9921054649829657,0.0018326879040521096,4.0,0.005046628103256326,1.1336682264917013e-05,0.816,0.8192
0.9314507333382256,0.9909350114774477,0.02599254899757287,4.0,0.009328469859429646,1.210767422968778e-05,0.7898,0.789
0.9091890502159439,0.9999892687761776,0.0877351406251263,4.0,1.321796841231235e-05,1.3419471733964797e-05,0.794,0.7958
0.999862957186824,0.9931273935110223,0.9898781909412941,4.0,0.09992304865690478,0.12877363482019039,0.1014,0.0986
0.9087508517511771,0.9921054650653148,0.0018326878314926227,5.0,0.005046628069006123,1.1336781597066973e-05,0.8326,0.8384
0.9056132488761396,0.9902579958425662,0.06521379048100504,5.0,0.009915020959711808,1.2677587711918214e-05,0.8366,0.8392
0.9981413186629743,0.9991561276763444,0.6966807357084808,5.0,0.1279442894271075,0.008654710395103979,0.1008,0.0992
0.9112380746954144,0.9920691178872131,0.026189161953845685,5.0,1.5113659642218214e-05,1.3288625640097245e-05,0.8156,0.8238
0.9056132488410008,0.9902579959056819,0.06521379045962895,6.0,0.00991502088481149,1.267751223520467e-05,0.8448,0.8488
0.9059491190817034,0.9949025905733874,0.07388113032074407,6.0,0.012854620118482088,1.4199091923309626e-05,0.8502,0.8494
0.9971772081491626,0.9994054312923072,0.7794680797444801,6.0,0.07731918801264415,0.006314422350041595,0.1904,0.2024
0.9616793689443593,0.9960569470888414,0.10053199767861516,6.0,1.527349194086042e-05,1.039564716310878e-05,0.8384,0.84
0.9059491190728216,0.9949025905238397,0.07388113029570699,7.0,0.012854620144607498,1.4199047497626611e-05,0.8618,0.865
0.9152975012741118,0.99167180163854,0.03708174826584488,7.0,0.04231497231530813,1.9488352245480082e-05,0.792,0.7892
0.9318140564132145,0.9999853818463772,0.7265625985037911,7.0,1.2861591730668111e-05,1.1758281392695086e-05,0.851,0.8492
0.9998466027302929,0.9925284131781642,0.024717707955508095,7.0,0.11994378915766915,0.11884489779406772,0.2836,0.2734
0.9059491189796509,0.9949025904986805,0.07388113027076536,8.0,0.012854620083992215,1.4198961722739903e-05,0.8594,0.8578
0.9071034819139763,0.9910873603813485,0.0014807947643549757,8.0,0.025362782811810775,1.4858007584197861e-05,0.8626,0.8524
0.9974240070399734,0.9989439892358991,0.012318944828597094,8.0,0.12281011281836612,0.012826456111512799,0.3288,0.3218
0.9157757398471694,0.99307915688203,0.9851466334378448,8.0,1.5245030615328297e-05,1.0610713781333437e-05,0.8626,0.8652
0.9071034818141688,0.9910873604090538,0.001480794696431183,9.0,0.02536278276881294,1.4858049416471387e-05,0.8518,0.8464
0.943488243792296,0.9902424213415653,0.002475831010966844,9.0,0.07128461689205697,1.3923326372979461e-05,0.7092,0.7098
0.957973930149152,0.9999862599304092,0.0009067871761468808,9.0,4.3916557389046896e-05,0.018425911496398575,0.8636,0.857
0.9998484874986557,0.999989585863412,0.8533085280982353,9.0,1.1658888615300884e-05,0.08514506537240431,0.8634,0.8512
0.9579739301026055,0.9999862599675043,0.0009067872700003311,10.0,4.3916480074859055e-05,0.01842591150877945,0.864,0.8578
0.9525490120372967,0.9900285554886494,0.003564093740280938,10.0,1.6974478874929166e-05,0.05690118006088469,0.8638,0.8578
0.9186836732673068,0.9999877479255549,0.01004935069193124,10.0,0.021243130738238792,3.325808752783354e-05,0.8636,0.86
0.9998606539941891,0.9933959379468374,0.9148929209714739,10.0,1.023874231178351e-05,0.12716026012292492,0.8642,0.8576
0.9998606540750514,0.993395938005608,0.9148929210140593,11.0,1.0238709485568978e-05,0.12716026021241503,0.8632,0.8566
0.9342627953378997,0.9913239965119833,0.9918728539409709,11.0,1.0604134371794645e-05,0.08995439587162048,0.863,0.8566
0.9486083432712227,0.9999882336548787,0.20959342450692287,11.0,1.108961767367708e-05,0.12674178740276834,0.8638,0.857
0.9998888089288073,0.9999894771716492,0.0074754271895534075,11.0,0.043971264462495684,1.7177509160681192e-05,0.7974,0.7982
0.9900928027061165,0.9999895680748176,0.11793170616842348,11.0,0.0005225281930305098,0.0018635881562263173,0.8668,0.8666
0.9990398899831411,0.9997958216993484,0.5009277061392304,11.0,0.001014351328880982,0.0007139144840474969,0.8548,0.8542
0.9907358403879309,0.9998671609833891,0.4806488871876994,11.0,0.0005692438779899887,0.0017959095513435113,0.8592,0.8564
0.9992559718351155,0.996191729665732,0.05956476972792729,11.0,0.04671476773993586,0.0020704505679773554,0.761,0.7504
0.9900928026356253,0.9999895680993499,0.11793170613536136,12.0,0.0005225282661996417,0.001863588162777066,0.8682,0.8682
0.9167768965106532,0.9929714867727477,0.10438888170071539,12.0,0.0004139926676864077,0.002154481519753204,0.868,0.8662
0.9445135505392719,0.9999845934837485,0.8109633749723533,12.0,0.10010312568825118,1.224665127097966e-05,0.103,0.097
0.9997684990840643,0.9949054209916022,0.00391001046651776,12.0,1.1551665258946223e-05,0.057051841643013426,0.8656,0.8666
0.9900928026457301,0.9999895680647785,0.11793170613164615,13.0,0.0005225281718955895,0.001863588247097709,0.8682,0.8638
0.9438784721281285,0.993171651894397,0.004635689918154592,13.0,0.0004119182747079865,0.0020678993202272945,0.869,0.868
0.9979094660858343,0.9991503092884919,0.0011606143992649886,13.0,1.7401393629568558e-05,0.0925067694589478,0.8674,0.8668
0.9324469382600318,0.9949038447203082,0.988531548094929,13.0,0.060968876924905914,1.231298712786357e-05,0.103,0.097
0.943878472046706,0.9931716519710616,0.0046356898668266505,14.0,0.0004119182304511879,0.0020678993307372815,0.8694,0.8666
0.9186944892383125,0.9924401240379215,0.09069236672861136,14.0,0.00030027703426431903,0.002559893771774978,0.869,0.8682
0.9160525699890358,0.9999854162489865,0.04841164483048975,14.0,0.051049616059476575,4.174189775211614e-05,0.8262,0.8222
0.999735505276457,0.9911707930861169,0.9906893543882305,14.0,1.5666662713730344e-05,0.1297117329435563,0.8682,0.869
0.9438784721212594,0.9931716518732226,0.0046356898989698995,15.0,0.0004119183029499601,0.002067899295828861,0.8728,0.8674
0.9021824642148367,0.9925726100345545,0.006078635920833869,15.0,0.00023657582076290392,0.0037803523796695153,0.8708,0.8674
0.9295147279755278,0.9999896710285117,0.0009981275392655403,15.0,0.11982337597157336,1.4706598481002601e-05,0.6342,0.6408
0.9997991837118857,0.9905561085384311,0.9047394556028433,15.0,1.6627168315013394e-05,0.07084454037938953,0.8698,0.8668
0.9438784720222776,0.9931716517842152,0.0046356898838600695,16.0,0.0004119183466278661,0.002067899361383851,0.8724,0.8688
0.9036191671433698,0.9914807268666452,0.03309689771439733,16.0,0.00024357604300303813,0.00259046192108197,0.8722,0.868
0.926192734270479,0.999975323196407,0.001676603158976108,16.0,0.12836757640801563,1.1911359645189314e-05,0.0968,0.1032
0.9998928560089918,0.9933147092794173,0.9898933511831307,16.0,1.2464197081064733e-05,0.09891538247659648,0.8734,0.8666
0.9998928559334451,0.9933147092986394,0.9898933512335902,17.0,1.2464108332643577e-05,0.09891538243237134,0.8718,0.8668
0.9147080686298099,0.9916009710490036,0.9762343832637621,17.0,1.0431375533095484e-05,0.10509924736539751,0.8716,0.867
0.9067160271081849,0.9999832179918652,0.9647752301160515,17.0,0.007623137124267605,0.00021949590468087597,0.3258,0.3324
0.9998742936672431,0.991337317515504,0.14293225089365136,17.0,1.472693307903927e-05,0.09843450423074289,0.8736,0.8664
0.9998742937457175,0.9913373174383043,0.1429322508140058,18.0,1.4726941144747551e-05,0.09843450414018401,0.8734,0.8676
0.909968096841679,0.991423532471585,0.043702374549662026,18.0,1.1371765401337556e-05,0.12074096433679261,0.8736,0.8672
0.9969567888790014,0.9988109049146232,0.004145118840970997,18.0,1.1878333140795775e-05,0.09557161463490074,0.8732,0.8676
0.9100103056165388,0.9933671076207659,0.9299443367335557,18.0,0.1297954954561654,9.622441786272093e-05,0.1038,0.0962
0.9998765527949226,0.9937747627719081,0.04295674102825553,0.0,0.00017691721003658262,4.210064030913393e-05,0.314,0.3276
0.9998926470838847,0.9899959872670993,0.04745307679773049,0.0,8.095249439884434e-05,1.3891058912040324e-05,0.2138,0.2144
0.9830930895492437,0.9999238430450264,0.03654221457494941,0.0,0.11720093163338419,0.018736849530712654,0.1518,0.1506
0.9998613648285425,0.9917454294159815,0.9345489795865615,-0.0,0.006046006652822406,1.3725156895347286e-05,0.573,0.5652
0.9998613648712138,0.9917454293722315,0.9345489796734229,1.0,0.0060460066115119795,1.372507483290068e-05,0.6494,0.6462
0.9370874417062394,0.9916240900349116,0.9852870132206032,1.0,0.007262811882196617,1.1957053524012541e-05,0.5548,0.549
0.908824077693093,0.9999754512936017,0.25598754712745186,1.0,3.8428160536276606e-05,0.008897748619106718,0.5752,0.5662
0.9998121291479729,0.9920463129086832,0.9998246503876922,1.0,0.11751303792957449,2.7664202321507327e-05,0.0996,0.1024
0.9998613649512017,0.991745429424948,0.9345489796105526,2.0,0.0060460066937248515,1.3725034116472913e-05,0.675,0.6598
0.9061025158190805,0.9908008334703204,0.9700872999785028,2.0,0.009531384140135202,1.1774624047251997e-05,0.5854,0.5902
0.9222407588874616,0.9999872403681893,0.3113142644298259,2.0,1.588569253530225e-05,0.004486308804583143,0.6546,0.6502
0.9998847976110179,0.9904134590787075,0.9997177114072604,2.0,0.13091638007736678,1.4027156593359674e-05,0.1012,0.106
0.9998613650149655,0.9917454294427132,0.9345489795223964,3.0,0.006046006696433324,1.3725050853973894e-05,0.7104,0.6988
0.9046813034528296,0.9912979940957682,0.9904251113086612,3.0,0.013367734628361737,1.3807351861993772e-05,0.4666,0.4706
0.9267460919811175,0.9999889253874358,0.21549652946530262,3.0,1.89795924094801e-05,1.3389030577952278e-05,0.6978,0.6814
0.9996980722245755,0.9903895743767692,0.9677263649568975,3.0,0.1265157287044999,0.029610746876812245,0.1256,0.124
0.9998613651003371,0.9917454295003304,0.9345489795951579,4.0,0.006046006686988167,1.372496165523431e-05,0.711,0.701
0.9111918560988241,0.9927746434507764,0.9686486749498278,4.0,0.0070718047064194595,1.026969876344015e-05,0.6734,0.663
0.9075289237825357,0.999988593869363,0.24589201855513032,4.0,5.982901909964412e-05,0.003973969026834631,0.7248,0.7142
0.9998392791132692,0.9999879583524769,0.0008245915464512033,4.0,1.155647196920135e-05,0.08327628936729797,0.7128,0.7024
0.9075289238059173,0.9999885938647775,0.245892018642764,5.0,5.982905938222695e-05,0.003973968929974066,0.7366,0.7258
0.9105473863540713,0.9927415638605809,0.16412629589512545,5.0,2.680095117603896e-05,0.006723282562069216,0.7316,0.7186
0.9092346766321525,0.9999830087997565,0.9240352629561807,5.0,0.04094463773015458,1.173314837611244e-05,0.6346,0.6356
0.9998664706396904,0.9901962044455785,0.056028363539365356,5.0,5.707773131955644e-05,0.12826314066186056,0.7314,0.7224
0.9075289237475278,0.9999885939194868,0.24589201867064403,6.0,5.98291187683355e-05,0.003973968901698554,0.7454,0.733
0.944880889199969,0.9913211169353706,0.1609909948914657,6.0,2.2718472774251458e-05,0.004321154392492426,0.7404,0.7282
0.9029268752264764,0.9999893632944055,0.9471807650541817,6.0,0.021568846681405292,1.4846226117300748e-05,0.6822,0.6746
0.9997206448796919,0.99047468844929,0.029829828381611218,6.0,1.0725727738446947e-05,0.1325661962784093,0.7374,0.7262
0.9075289237070374,0.9999885939376407,0.24589201868003008,7.0,5.982916362283416e-05,0.003973968854291441,0.7532,0.7352
0.9127834886199632,0.9914379750266753,0.1648695404749158,7.0,2.3799938216843456e-05,0.00430238526541574,0.7482,0.7358
0.9086703981823137,0.9999856739998693,0.8056119973879214,7.0,0.022971189451202707,6.896374772945317e-05,0.7546,0.743
0.9998958761145963,0.9999863883797449,0.9954043169191906,7.0,0.018591740112266563,1.0225112527425994e-05,0.0988,0.1012
0.9086703982741675,0.9999856739211974,0.8056119974847152,8.0,0.022971189488524883,6.896372018356412e-05,0.7772,0.776
0.9280772164679889,0.9909842292851069,0.9058733478484108,8.0,0.058928345133699836,2.637413217977181e-05,0.5996,0.596
0.9046020794060382,0.9999871628997324,0.23127653662253272,8.0,5.9666099339333954e-05,0.028494189289250158,0.7596,0.7462
0.9998904033561047,0.9906536578575271,0.9593196719384223,8.0,0.048131470974249385,1.5525688527173015e-05,0.1238,0.1226
0.9086703981850228,0.9999856739743302,0.8056119974910687,9.0,0.022971189468425576,6.896374448971945e-05,0.7772,0.7672
0.9208647881992881,0.9952867386092892,0.9111376720806191,9.0,0.0776382316278364,2.6935928352483336e-05,0.3222,0.3346
0.90007635808852,0.9999870918381517,0.1362418210429403,9.0,6.0742488869172285e-05,0.03439013580505764,0.783,0.7792
0.9997771560925804,0.9999848025084522,0.03362202861090241,9.0,1.1490287824148997e-05,0.08439044985537018,0.7776,0.7756
0.9000763580605476,0.9999870917733703,0.1362418211046167,10.0,6.074252689275145e-05,0.03439013578845956,0.7846,0.7802
0.916674821514837,0.9906911943519259,0.002163942851804962,10.0,2.5811311796997405e-05,0.09400033057064382,0.7844,0.7808
0.9164445371739482,0.9999816399768743,0.8034081893500358,10.0,0.013793795421270232,5.790999593567929e-05,0.7942,0.7844
0.9998939414632158,0.9999889502881881,0.9425000699955185,10.0,0.13383619762741455,4.1471783771031864e-05,0.0996,0.1004
0.9164445371692937,0.9999816399975333,0.8034081893288353,11.0,0.013793795430961051,5.790993101528855e-05,0.7958,0.7884
0.9285420748910117,0.9911599870827363,0.8858709393437234,11.0,0.027478100341813295,4.243557537627906e-05,0.7394,0.7368
0.931530382233438,0.9999869452702049,0.15545185023641395,11.0,2.328176598236412e-05,0.034405219412782094,0.7948,0.7866
0.9998894656165069,0.9906301144091156,0.9914618629883125,11.0,0.1209239707812202,3.631374220021861e-05,0.1056,0.0944
0.91644453717365,0.9999816400685463,0.8034081892829469,12.0,0.013793795520316872,5.790990335279047e-05,0.8,0.798
0.9046444168379251,0.9932104114343139,0.9008487787999349,12.0,0.03677422206490823,2.0620216012000993e-05,0.6994,0.6968
0.9008951794548785,0.9999872760625106,0.17500828750947212,12.0,2.3303452691041283e-05,0.02234762383314725,0.7978,0.7896
0.9998815925680806,0.9908164953917757,0.8973297726275088,12.0,0.09850285131005292,1.2654223794302227e-05,0.0994,0.1006
0.9164445372699783,0.9999816401083789,0.8034081892931283,13.0,0.013793795576095889,5.7909884816199595e-05,0.7964,0.783
0.9051326960094279,0.990750004771285,0.8911967993897835,13.0,0.029174885286196665,2.28327193059671e-05,0.7216,0.7134
0.9007570919334755,0.9999891273712473,0.16661881639281162,13.0,2.0491952088683514e-05,0.019803908064501816,0.7994,0.799
0.9998965164757311,0.999987483770321,0.008079775304352665,13.0,1.3568759284809054e-05,0.05527594458614458,0.8002,0.7996
0.9998965165750132,0.9999874838430025,0.008079775388036635,14.0,1.3568680656496114e-05,0.05527594449357046,0.8002,0.8004
0.9211234048840311,0.9954184438297202,0.0037158426384113815,14.0,1.1192457019406991e-05,0.042166974345344825,0.8002,0.7992
0.90947577742602,0.999988866938,0.6945426280107811,14.0,0.007105404874891947,0.09675580907825021,0.7416,0.7288
0.9998938978790749,0.9912569002853245,0.007022530440634615,14.0,1.2363003571860765e-05,1.9500699123111385e-05,0.8,0.801
0.9998965165382948,0.9999874839059315,0.008079775480575462,15.0,1.3568625858030034e-05,0.05527594453825479,0.8006,0.8004
0.9022030897233493,0.992748996965984,0.006124942031278818,15.0,1.4278951391377202e-05,0.10703281274453189,0.8,0.801
0.9136457758025718,0.999988971111142,0.7181413462778423,15.0,1.825634815242254e-05,0.00013624880101098663,0.801,0.8004
0.999885912403643,0.9999789875231085,0.9819025622115829,15.0,0.026775660900206357,1.1049334206776202e-05,0.0988,0.1012
0.913645775804882,0.9999889710309036,0.7181413462783754,16.0,1.8256260472365762e-05,0.00013624873122453416,0.802,0.8
0.9039075774687401,0.990740346169282,0.7700105542533103,16.0,1.03023145602625e-05,8.79482074593569e-05,0.8014,0.7998
0.9386664782145335,0.999989627025853,0.06783175909593553,16.0,0.010517698236698018,0.07207076666303358,0.7446,0.7226
0.999628698966261,0.9922268632547756,0.9618389089535058,16.0,1.1457744063364508e-05,1.1932824888695136e-05,0.8014,0.7976
0.9136457758405744,0.9999889709935854,0.71814134635182,17.0,1.825626101676018e-05,0.0001362487769032686,0.8048,0.7994
0.9042595268731202,0.9941084560973728,0.7907907259023172,17.0,1.162641202567202e-05,6.620069074968972e-05,0.8042,0.799
0.9005502184097851,0.999988238857803,0.02815030892188697,17.0,0.006353248622449363,0.10348955690167193,0.76,0.7498
0.9998133273667629,0.9903849781041858,0.9922980214596215,17.0,1.1493862452468537e-05,1.2543412723487646e-05,0.8032,0.7992
0.9136457758431269,0.9999889710187386,0.7181413464228328,18.0,1.825635975986574e-05,0.00013624872784415596,0.8046,0.799
0.917527264174335,0.9903396210994125,0.7705257326182642,18.0,2.295527213288221e-05,0.00010781399958387743,0.8046,0.7986
0.9062449593072525,0.9999705432462793,0.048455782011198156,18.0,1.075375827129074e-05,0.1200961024159079,0.8048,0.7984
0.999897057626709,0.9999888511083225,0.027280973079928064,18.0,0.09247764137311441,0.04561816916715958,0.7102,0.7062
0.9062449593927663,0.9999705432898235,0.04845578207240386,19.0,1.0753701477721911e-05,0.12009610237353158,0.8048,0.7982
0.9091098769413388,0.9917187828118847,0.0916881203314496,19.0,1.0191790270307128e-05,0.08445754947049705,0.8046,0.7986
0.9007585586730882,0.9999795638299237,0.05065551674817864,19.0,0.007311797867441059,0.08924586893890858,0.7572,0.7442
0.9998624304569153,0.9927654652058949,0.9699352453955467,19.0,1.0229451104014728e-05,2.3287547693644637e-05,0.8048,0.7988
0.9997764265956121,0.9999627609355111,0.2869849759224604,-0.0,0.003514304572256413,2.103144429230866e-05,0.7414,0.7316
0.9998056109359383,0.999973062859556,0.22062884722653303,0.0,0.004762901947195524,1.2912310868693613e-05,0.7154,0.7116
0.987912866089873,0.99581577821761,0.988838524483115,0.0,2.977697721161263e-05,0.02767375763431251,0.099,0.1
0.999869585702065,0.9999880935624993,0.6390014494751137,0.0,0.10768879973915188,1.5451801769232594e-05,0.0966,0.1034
0.9997764265101138,0.9999627609446792,0.28698497592522315,1.0,0.003514304634284011,2.1031450583925313e-05,0.7802,0.7674
0.9337877286933005,0.9903738414853872,0.18965412277569696,1.0,0.005000298762194584,1.1958395675717576e-05,0.7958,0.784
0.9972505431610044,0.9990629912899593,0.02606161679308236,1.0,0.11574702570603838,1.030414264174685e-05,0.101,0.099
0.9141121820496728,0.99138976137791,0.9323900814678283,1.0,4.255128136452452e-05,0.09759861455671254,0.7386,0.7274
0.9337877287856735,0.9903738414026256,0.18965412274228682,2.0,0.005000298749770367,1.195839262955365e-05,0.838,0.822
0.9199625401178694,0.9908267243085828,0.08506218237419552,2.0,0.007940498593240815,1.2216698281268238e-05,0.8328,0.8186
0.9031098482822603,0.9999866012909507,0.8755446769896261,2.0,1.9457369680828826e-05,1.1123400337331226e-05,0.7924,0.7844
0.9998673712261618,0.9922707138372135,0.048844743107874566,2.0,0.07204686263598295,0.06998437723555079,0.6914,0.6898
0.9337877287391911,0.9903738413140141,0.18965412275533605,3.0,0.005000298672023169,1.1958345656421867e-05,0.8486,0.837
0.9167494422485079,0.992316519418081,0.03769683924773115,3.0,0.00819335951982704,1.2058612615613442e-05,0.849,0.8328
0.9972868253180521,0.9990003429448976,0.04175909150567819,3.0,0.10770030224602094,0.005952039582987965,0.6468,0.6384
0.9172791092374784,0.9930846609230006,0.9379973298048949,3.0,1.2884465178158873e-05,1.4915435756312407e-05,0.8368,0.8222
0.9167494421570423,0.9923165193499757,0.037696839252221996,4.0,0.00819335952074948,1.2058689208210766e-05,0.8652,0.8562
0.9224880570263778,0.9900777928784444,0.007084877366762943,4.0,0.016993829771894176,1.1926569512309427e-05,0.854,0.841
0.9025657682976284,0.9999870338088478,0.7072069726863368,4.0,2.380745367115365e-05,0.008577967501087577,0.8486,0.8362
0.999559277494668,0.9927846246645874,0.025838330359811146,4.0,0.11343178387136163,1.2719299293184904e-05,0.0954,0.1046
0.9167494421592726,0.992316519428551,0.03769683932697146,5.0,0.008193359549093586,1.2058757560533642e-05,0.8702,0.8626
0.9111273663929318,0.9916625982252957,0.01028534685393967,5.0,0.01242953573698931,1.7269941553514558e-05,0.865,0.8586
0.9198342454541895,0.9999866579011256,0.7404271712351241,5.0,1.470490047256454e-05,1.2967810597910141e-05,0.8658,0.8562
0.999836372916214,0.9917743413254428,0.0628864029503777,5.0,0.00014747389082591677,0.07494480446284549,0.8644,0.856
0.9167494421739107,0.9923165193696222,0.03769683933375228,6.0,0.008193359571698052,1.2058760261139601e-05,0.8752,0.868
0.9196718214141869,0.9929616918401397,0.0022592810976869715,6.0,0.01665089895554229,1.5282268084484716e-05,0.864,0.8594
0.9041767572128387,0.9999891569385926,0.712038936078933,6.0,1.0863796782170966e-05,3.223054551152629e-05,0.8702,0.8628
0.9998954851349343,0.9912871669677491,0.006909053312083718,6.0,0.00016678564474909856,0.02729216710663865,0.8722,0.8664
0.9167494422086961,0.9923165192757865,0.03769683932353965,7.0,0.008193359516811107,1.2058794295849285e-05,0.88,0.8722
0.902192626188162,0.9911428099677955,0.09300616704579179,7.0,0.020478096024153073,1.0530571381287988e-05,0.8694,0.8622
0.9006933679185335,0.9999856141688175,0.047514715092915716,7.0,1.4287706684087203e-05,0.008418129621871656,0.8778,0.8688
0.9998730947418826,0.9918359279521674,0.967490966142849,7.0,0.00040724939676125893,1.6410424549465703e-05,0.6454,0.6314
0.9167494422811341,0.9923165193444065,0.037696839226163695,8.0,0.00819335954482569,1.2058742909769407e-05,0.8846,0.8764
0.9141584428350159,0.9935410424835323,0.0017521422486268326,8.0,0.014824509137652516,2.8345208142658884e-05,0.8756,0.8716
0.9069049977441817,0.9999846949030415,0.7214373240695051,8.0,3.457247582898867e-05,1.1248707595936729e-05,0.88,0.8732
0.9997509004287911,0.9900556668498607,0.10268062986809903,8.0,0.07389710157853177,0.09672290081223606,0.6588,0.6484
0.9167494423211336,0.9923165194426465,0.037696839264164415,9.0,0.00819335948272205,1.205878523302587e-05,0.8882,0.8758
0.907598303645511,0.9910070048054942,0.020842832213871735,9.0,0.013020547458111872,1.072225443061327e-05,0.8836,0.8714
0.9049529395751207,0.9999864884822742,0.7392126513698177,9.0,3.448000966855745e-05,0.009227935861341807,0.884,0.8738
0.9998844915692915,0.9907831576979208,0.016807712839785327,9.0,0.0003385115834686207,1.330595838460987e-05,0.8866,0.8802
0.9167494422475295,0.9923165194374428,0.03769683928057622,10.0,0.008193359555401618,1.2058704228936952e-05,0.8824,0.871
0.9255744617335471,0.9924570751009725,0.006617997628420417,10.0,0.018978585939697035,1.2670802476164734e-05,0.8718,0.8714
0.9003044920229283,0.999988697604939,0.7611943565290844,10.0,1.4089256016696741e-05,1.4749013247490265e-05,0.8868,0.8758
0.9998701710195317,0.999989677312185,0.961249767996273,10.0,1.197164405129667e-05,0.1291353080224313,0.888,0.8756
0.9998343694231483,0.9999892400142983,0.9587730236180639,10.0,2.2075765017527064e-05,0.13181245206132886,0.8848,0.8776
0.9998702922194271,0.9997752645067636,0.4908627065426069,10.0,0.00026070253701595007,0.10009198540021114,0.8856,0.8756
0.9984193603026222,0.9998749929750579,0.4668219375740485,10.0,0.0003429637465599027,0.005086168937651761,0.8816,0.8714
0.9988350727590447,0.996856430451048,0.9694273921356729,10.0,0.13325372718058218,0.0025728708659332254,0.1022,0.098
0.9916693484826773,0.9999439285206032,0.7042543705614963,10.0,6.868438912312287e-05,0.00023553931192934034,0.8832,0.8746
0.999446253024879,0.99896641482099,0.2517632568110232,10.0,0.0031656754418306994,0.02169039492781911,0.8476,0.8436
0.9914349002244358,0.9999700000124491,0.7484577614408243,10.0,0.11017998109958027,0.000389842252907176,0.1412,0.1534
0.9996602552300407,0.9993039001845726,0.3123800694295886,10.0,7.302518790754578e-05,0.020748544026727187,0.8882,0.8782
0.9996602552556364,0.9993039002685794,0.3123800693889912,11.0,7.302513175487052e-05,0.02074854408229948,0.8872,0.8768
0.9135634883601494,0.9910124885871129,0.23932613202796926,11.0,2.8228007729524958e-05,0.053659430994108186,0.8888,0.8766
0.9971056417203648,0.9990797512041956,0.011184500148113535,11.0,1.6362433118091847e-05,0.0406795338146568,0.8878,0.8774
0.9279979691486255,0.994334050031305,0.851053468564915,11.0,0.1168442372224708,4.3219792865397666e-05,0.101,0.099
0.9135634884198586,0.9910124886403381,0.2393261320796079,12.0,2.8228065157417325e-05,0.053659431061575905,0.8886,0.877
0.9147338951597057,0.9918329752769909,0.13847449506665793,12.0,1.669116244414774e-05,0.08679065476449943,0.8878,0.8772
0.9050919219995522,0.9999883283734137,0.8902555749653116,12.0,0.016470024866945855,8.448415231234729e-05,0.6474,0.6504
0.9996753672236144,0.9910032484831102,0.08491495444382871,12.0,1.4456834694951112e-05,0.086397430869098,0.888,0.877
0.9930509726735977,0.9997883032203354,0.607623010090354,12.0,0.00043622948312712533,0.0014185081861736266,0.879,0.8688
0.9864677077505496,0.9992626958095695,0.4022774720945439,12.0,0.000510507692390759,0.0037418205048195797,0.8846,0.8766
0.999875699547812,0.999962730268667,0.4160087125441497,12.0,0.038364284409598354,1.35692139336536e-05,0.7602,0.7666
0.9986868113533224,0.9986335266315925,0.9673663057859809,12.0,5.679063391422372e-05,0.010187711101834694,0.8804,0.872
0.9777177112757804,0.9968277170519557,0.6450825502438791,12.0,0.004501775556080626,0.00013609568251371558,0.8642,0.8538
0.9175788276791483,0.9998750983112986,0.24659525404164892,12.0,7.360706399045477e-05,0.023093793475279574,0.887,0.8768
0.9981148779580465,0.9999840957403612,0.008167352441387887,12.0,0.0015465969275395013,0.00038275307199623493,0.8892,0.8854
0.9990207157116193,0.9999891188676181,0.7950425685920197,12.0,0.0035370541136523705,0.0002074045544865653,0.7928,0.7884
0.9981148780387293,0.9999840956971552,0.008167352518842597,13.0,0.0015465969682761302,0.00038275301082801443,0.8906,0.8864
0.9081643448000732,0.9900381935964089,0.07085648255900594,13.0,0.0017397629138306016,0.00013531815597592694,0.889,0.8836
0.9388581528335744,0.9999737883026121,0.03255131729223673,13.0,1.0297620379385277e-05,0.11975863962435514,0.8894,0.8844
0.9990677385327723,0.9903553224897079,0.8913817396740495,13.0,0.09645404708284551,0.011790908595272683,0.2868,0.3016
0.9981148780598932,0.9999840956858506,0.008167352426413626,14.0,0.0015465969603519032,0.00038275295680933693,0.8898,0.882
0.901615810270995,0.9910989603257797,0.0033203643390878976,14.0,0.003421178497766707,0.00027748537527617185,0.89,0.8848
0.9970948019505368,0.9985239724431209,0.01066671272389097,14.0,0.07488942701976589,1.2913018081729166e-05,0.563,0.5432
0.9074211997501673,0.994552793379972,0.958657247545746,14.0,1.762813888704624e-05,0.10014112922484676,0.8914,0.8876
0.9074211996517272,0.9945527934434365,0.9586572475242778,15.0,1.762808577661503e-05,0.10014112921978949,0.89,0.8848
0.9164213345495912,0.9905310462198382,0.9722031354700387,15.0,1.0252824914594486e-05,0.09880923153967879,0.8918,0.8862
0.997121768835017,0.9989241428070782,0.9835709353231128,15.0,1.4037151336316801e-05,0.00014460317719852849,0.8916,0.8856
0.9180426846441234,0.992997084041791,0.043501584225297873,15.0,0.09385203567349236,0.08106731446969867,0.6112,0.605
0.9745409795057398,0.9926554933030332,0.4974198191622877,0.0,2.963665029742394e-05,0.0027145536497130162,0.1344,0.1484
0.9542014043654461,0.9924564308099431,0.5138378431319889,0.0,1.3912944304281115e-05,0.003380109870176161,0.0982,0.1018
0.9998586974503065,0.9999394865481326,0.06536506214820365,0.0,0.01966026080866343,1.2442098197636898e-05,0.7342,0.7228
0.9998854669878738,0.999987084367644,0.01634806675086447,0.0,0.11638442177023128,1.2395713709961078e-05,0.104,0.096
0.9998586973608107,0.9999394864495648,0.06536506205362545,1.0,0.019660260875925397,1.2442145061032338e-05,0.792,0.7852
0.900590177411499,0.9942895332262435,0.028227220145098653,1.0,0.04148939455332285,1.0217832328342513e-05,0.8038,0.8022
0.996902417408928,0.9992730923218355,0.06015010147260579,1.0,0.07551631330493062,1.2698759128233477e-05,0.6666,0.6698
0.9233546446741774,0.9945881866717354,0.9261527790330899,1.0,2.338180723486332e-05,0.017474727001860705,0.73,0.7222
0.9005901773576025,0.9942895332435677,0.028227220110629683,2.0,0.041489394560129546,1.0217797929326031e-05,0.8142,0.8006
0.9172734210145497,0.9910539921871695,0.03882594906945082,2.0,0.11278010772293834,1.4153404968576298e-05,0.6934,0.6928
0.9024864275704059,0.9999887093512948,0.015297908534572377,2.0,7.558270630043793e-05,1.206966010875138e-05,0.8092,0.8066
0.9998082114003565,0.9910330481465192,0.9686798410598696,2.0,0.0922933624996033,0.0699738076712747,0.1302,0.1286
0.9005901772765325,0.9942895332657089,0.02822722017934381,3.0,0.04148939465207212,1.0217843864661436e-05,0.8218,0.8108
0.9255875258825749,0.9901102519599899,0.016892924009681787,3.0,0.07162508923634126,1.4708395049160645e-05,0.7884,0.781
0.9006418838612742,0.9999885911336561,0.7427838534054749,3.0,7.37950840564973e-05,1.4307256557654797e-05,0.816,0.8062
0.9993441509462909,0.9916573066228456,0.006224299512646525,3.0,0.062153642538514464,0.06993564431055654,0.6898,0.6856
0.9005901772203474,0.9942895332606555,0.02822722015638038,4.0,0.041489394695841605,1.0217882003296998e-05,0.8344,0.826
0.9273377817656409,0.9916656588354708,0.019063205015693474,4.0,0.1144090508194878,1.5714550394938524e-05,0.7166,0.7004
0.9398186328966972,0.9999762621172352,0.7083071312898614,4.0,0.00020480630020273564,1.0301594466397596e-05,0.8226,0.8134
0.9998699526667346,0.9901014883371984,0.05034247495653002,4.0,0.11258901641162415,0.03569857054856894,0.5926,0.584
0.9005901771854747,0.9942895332166213,0.02822722016039231,5.0,0.041489394673146274,1.0217943650958798e-05,0.841,0.8332
0.934443902300133,0.9910445485868649,0.024988511328434826,5.0,0.13355303358267073,1.0452953488379325e-05,0.4878,0.4854
0.9004427708426092,0.9999859000141779,0.710794269054704,5.0,7.006813476914434e-05,1.4701274511164483e-05,0.837,0.8268
0.9998524950428186,0.9901397957230852,0.0248228721441811,5.0,0.10879988807736005,0.05305085530285076,0.5544,0.5504
0.9005901772695928,0.9942895332504981,0.028227220092167653,6.0,0.04148939461845554,1.0217900668492713e-05,0.8424,0.8408
0.9026191779287434,0.9962549938609191,0.03256791252365654,6.0,0.10657386156301674,1.0890313483994196e-05,0.1648,0.1814
0.9064250188074577,0.9999828284926622,0.022804678990687097,6.0,1.6981684105200557e-05,1.9220123551907934e-05,0.8416,0.8354
0.9998969116620697,0.9918473200994834,0.9485536326207781,6.0,0.09530128524692735,0.05925223599608896,0.0964,0.1016
0.9005901772153939,0.9942895333266076,0.028227220008029245,7.0,0.04148939451996392,1.0217854776736763e-05,0.8438,0.8374
0.9219965234877774,0.9909400467641964,0.08589927343554932,7.0,0.12864046859352873,1.2122310226115272e-05,0.5908,0.587
0.9308813040878039,0.999989482270576,0.001523476557364678,7.0,8.102254737337259e-05,1.122216085911892e-05,0.843,0.8438
0.9998862905015683,0.9939034771952937,0.9147721247470336,7.0,0.0849210013317306,0.11892867294754272,0.1004,0.1006
0.900590177135658,0.9942895334252919,0.02822722000180452,8.0,0.04148939461686442,1.021793086428965e-05,0.8454,0.8358
0.9110256411597192,0.9916181782419198,0.025113381361627714,8.0,0.08864473542325034,1.1741395826076743e-05,0.53,0.5352
0.8997475488589264,0.999986487537339,0.7098678614897251,8.0,7.625698955860994e-05,1.6768703072306055e-05,0.8442,0.8356
0.9998904104855075,0.9924448539445617,0.001073804907171405,8.0,0.09990238927532277,0.12954458943061636,0.2796,0.278
0.9005901771590458,0.994289533406541,0.02822722004268736,9.0,0.04148939452802144,1.0217987277322458e-05,0.839,0.8298
0.9183261408518109,0.9922037750283862,0.10592514588088964,9.0,0.13358774291221165,1.0658098330849875e-05,0.0974,0.1026
0.9043663139042778,0.9999717586443498,0.022083812435294715,9.0,8.609075771016808e-05,1.4333037543048765e-05,0.848,0.8404
0.9998075275319166,0.9999840355425356,0.9814354719662178,9.0,1.3735077438318709e-05,0.08510114450928061,0.8448,0.8356
0.9043663138509854,0.9999717585849375,0.022083812338477952,10.0,8.609070529829351e-05,1.4333079865787625e-05,0.8498,0.8412
0.909381235269323,0.9926761204717868,0.07548435664623732,10.0,3.7367422310663676e-05,1.0209349060638424e-05,0.8488,0.841
0.9146017776724479,0.9999820808524754,0.006186378517323787,10.0,0.04624761422862601,0.012210319438222761,0.7792,0.7646
0.9997165122136945,0.995182063591689,0.9946383739466798,10.0,2.194026796785217e-05,1.0358404369092718e-05,0.8482,0.84
0.9043663138020812,0.9999717586452539,0.022083812293164116,11.0,8.609065502375694e-05,1.4333016100310297e-05,0.8498,0.8418
0.9047894473702751,0.991230909122128,0.00016247546793635506,11.0,3.10841912726066e-05,1.020763123543843e-05,0.8498,0.8426
0.9062443825565011,0.9999896405955614,0.6932646647239336,11.0,0.049100326246570083,0.007715613822095387,0.755,0.7464
0.999737128414728,0.9903298899506917,0.1024319920008929,11.0,1.4495159779309554e-05,1.4974679727108845e-05,0.8498,0.8412
0.9043663138637337,0.9999717587033956,0.02208381221628661,12.0,8.609074111996216e-05,1.4332926475552382e-05,0.85,0.8404
0.9004712531467863,0.990942280253668,0.007565359652072612,12.0,3.555224306586084e-05,1.2780027578959456e-05,0.85,0.8414
0.9144757655451314,0.9999833708526579,0.6844847770614532,12.0,0.055187007790664856,0.011650818089472596,0.7324,0.7306
0.999846814942834,0.9909989355621143,0.0053377171341969405,12.0,1.1027539918222959e-05,1.05811397754564e-05,0.8498,0.8426
0.9043663138806299,0.9999717587182062,0.022083812216257055,13.0,8.609066868272196e-05,1.433302624812304e-05,0.8518,0.8406
0.9201380781199298,0.9910065423330846,0.03405006828130569,13.0,5.453218565632939e-05,1.357384992287799e-05,0.851,0.8406
0.9234599042447312,0.9999820122317945,0.06961702520122479,13.0,0.06327199723983536,0.01031023550467028,0.7844,0.7782
0.9998981558448028,0.9939075182209404,0.9818114803840696,13.0,1.209285053933262e-05,2.0582152540043755e-05,0.8502,0.841
0.9043663138497632,0.9999717586479576,0.022083812227292565,14.0,8.609058439260807e-05,1.433304999745532e-05,0.8522,0.8412
0.9044385632867885,0.9904031400322038,0.0018716273121872871,14.0,3.0822494891801256e-05,1.231954642170739e-05,0.852,0.8398
0.9200430026448015,0.999985745134142,0.7436039061446297,14.0,0.05123312148913411,0.01704786879672645,0.6984,0.7054
0.9998377195902258,0.9919215714818866,0.0881324047921534,14.0,1.325752786846541e-05,1.7917192549585727e-05,0.8514,0.8406
0.9043663139231812,0.9999717587354637,0.022083812302576788,15.0,8.60906822222149e-05,1.4333116509741667e-05,0.8514,0.8408
0.9142657547102222,0.9952631166126142,0.02093054139236131,15.0,2.5817654152821714e-05,1.2945476956162295e-05,0.8514,0.8414
0.9036825704012322,0.9999875555461066,0.7627693583856643,15.0,0.03896670182680739,0.016550272812333792,0.7242,0.7218
0.9998773414876686,0.9929098369523017,0.04861612046038219,15.0,1.0884734481973725e-05,1.2459205512648032e-05,0.852,0.8412
0.9998833038024599,0.9933529987932667,0.39921352550753364,15.0,0.0028468321943262835,0.0003986867846469508,0.8416,0.829
0.999888354569683,0.9925272127486964,0.3503734684387607,15.0,1.0278841368745534e-05,0.0004052260906941245,0.8508,0.842
0.9986420538979576,0.9994956979468752,0.9654293835827454,15.0,0.00039303796846293436,0.10490509274733431,0.8436,0.8332
0.9990888849229838,0.9993973715523218,0.19847374550415736,15.0,0.04468145649908425,8.709942438302701e-05,0.816,0.8068
0.9895891733033261,0.9999896946052447,0.7234832257483914,15.0,0.003106662277045988,0.0026058758137170244,0.7414,0.7328
0.999670996507885,0.9999024824257262,0.18566656470302798,15.0,0.00019036151632041362,4.277002037859363e-05,0.851,0.8418
0.991752567319513,0.9982783315696392,0.6950677615036271,15.0,1.0415157080687707e-05,0.004245671880791125,0.8512,0.8418
0.9996973242232946,0.9999103621279547,0.5261168470975021,15.0,0.00989771083591674,0.08847225818373809,0.7052,0.6954
0.996471133460838,0.9979403307835102,0.147843871134083,15.0,4.153817256638521e-05,0.00011429975476930913,0.8512,0.8416
0.9524769490824222,0.999875324159976,0.9980010997427721,15.0,0.0003912127627596585,0.01563454279014927,0.8498,0.8396
0.9996704266875229,0.9916495260250976,0.5299257112767173,15.0,0.0010715483839972898,1.0762930869781635e-05,0.8272,0.8132
0.9992030387718813,0.9999711587861151,0.3113220607049315,15.0,0.10677443534381571,0.0004588713338419165,0.4372,0.4244
0.9841074447761048,0.9982101410569619,0.8642034193836825,15.0,2.6477254849139768e-05,3.51246055097909e-05,0.851,0.8414
0.9653744579852962,0.9997791825570987,0.04788876582378271,15.0,9.00670881627581e-05,1.1640978470525673e-05,0.8512,0.8418
0.9971523415230646,0.9999756313583118,0.05026478039471628,15.0,7.845854332054666e-05,2.461455337480044e-05,0.8516,0.8418
0.9971852898225922,0.9999712749679914,0.14057743866095246,15.0,1.1317730401814662e-05,0.00013169780016207,0.8518,0.8416
0.969278141227979,0.999981882093607,0.9666444364026389,0.0,0.07369072126740836,0.0004885607496976766,0.1014,0.0986
0.9445594524661897,0.9999897872291181,0.985790953063556,-0.0,0.13227438462725816,0.00036607054363337456,0.102,0.098
0.9336374182856915,0.999987294017698,0.977970022279445,0.0,0.1115151063976819,1.4488987945049807e-05,0.1014,0.0986
0.9996611871259125,0.9933690129803774,0.04471986511617221,0.0,1.7841648341602994e-05,0.0666517276299872,0.1666,0.1824
0.9996611870959661,0.9933690130126626,0.04471986510826023,1.0,1.7841637698969193e-05,0.06665172756540763,0.1736,0.185
0.9046558160837186,0.9927549233193627,0.136498869612288,1.0,2.8591532335723697e-05,0.10787682452293448,0.1694,0.1812
0.9075659440688879,0.999985408519603,0.033462925329341586,1.0,1.1527266216465921e-05,0.00016327228413425037,0.1928,0.2114
0.9998884111546955,0.9999864120256666,0.9661505412129673,1.0,0.12664545328150986,1.5049878578566567e-05,0.0952,0.1048
0.907565943975366,0.9999854084338391,0.03346292535467971,2.0,1.1527262302439483e-05,0.000163272219279506,0.2286,0.2364
0.918929361894672,0.9938579389318033,0.03902342273213307,2.0,1.8315621248271864e-05,6.374174297975571e-05,0.244,0.252
0.9979799711051236,0.99919379067846,0.7449914141941422,2.0,0.016878022809213716,2.6709729329224365e-05,0.6732,0.6592
0.9998330717627728,0.999880128911093,0.9798624872282701,2.0,0.10590430407556839,0.12092603757734041,0.098,0.102
0.9979799710561482,0.9991937907767509,0.7449914141361974,3.0,0.016878022893992217,2.6709747954926555e-05,0.733,0.7394
0.9154097089040644,0.9927823723247852,0.8048923011719656,3.0,0.030284186271170528,3.342913256424632e-05,0.6922,0.6946
0.9196630533861792,0.9999881978206722,0.08086367114597937,3.0,2.612985489905226e-05,2.494834531109968e-05,0.6812,0.6676
0.9996563874672528,0.9912562148027533,0.9661608563778159,3.0,0.0893922035564118,0.11652457252253941,0.1026,0.1048
0.9979799711031787,0.9991937908419949,0.7449914141094673,4.0,0.01687802286360351,2.6709669010429393e-05,0.7594,0.7642
0.9015468464749379,0.9910262020088338,0.8410540305015572,4.0,0.04446934842344224,1.0624360612911823e-05,0.6938,0.6876
0.9035124779289387,0.9999552571688831,0.10362622738522526,4.0,3.033385997151358e-05,0.014668885136535121,0.7374,0.7418
0.9997769992355419,0.9903087315239618,0.9927745104249237,4.0,0.13142932690567366,1.3543135925947478e-05,0.0992,0.1008
0.9979799711021358,0.9991937908443315,0.7449914141791095,5.0,0.01687802279749991,2.6709750871302928e-05,0.7624,0.7628
0.9235479991837877,0.9919120849691365,0.8205540048237577,5.0,0.04133090659926854,1.0398622603865484e-05,0.7432,0.7424
0.8999700727812535,0.9999888516340973,0.09336366370978483,5.0,2.4524609000260578e-05,0.01598505227365297,0.7606,0.7652
0.9998937231923575,0.9909749515136054,0.8972789905783104,5.0,0.11772397396257685,1.3765972630974004e-05,0.098,0.102
0.9979799710134348,0.9991937907641929,0.7449914140821177,6.0,0.016878022777522327,2.670978978143618e-05,0.7742,0.7748
0.9263876754350812,0.9913383578403594,0.8485863261433477,6.0,0.044436950071973486,1.346553880449201e-05,0.72,0.7186
0.9022172205305601,0.9999882194104346,0.03589647677701224,6.0,5.1236630256285206e-05,0.008257997596898306,0.7662,0.7684
0.9997201293275088,0.9912035101853451,0.9302595778686841,6.0,0.12997855540625172,1.2591949931016408e-05,0.098,0.102
0.9979799709354985,0.9991937906786821,0.7449914141673838,7.0,0.01687802269777471,2.6709764926267734e-05,0.7792,0.782
0.9043907699955916,0.9913961441466073,0.8030826094110222,7.0,0.022556503014859203,1.293164012256232e-05,0.7656,0.7706
0.9210534702379702,0.9999866126335298,0.16506176789563265,7.0,2.678277054578261e-05,0.011898538890629654,0.7748,0.7776
0.9998849175021832,0.990650068722418,0.9481244727003106,7.0,0.033605264546019475,1.4784893564131135e-05,0.4634,0.4606
0.9979799708748107,0.9991937907147133,0.7449914141471323,8.0,0.01687802262385993,2.6709754309738753e-05,0.8014,0.8032
0.9006510285249522,0.9900468045918586,0.7592579083173678,8.0,0.05079711731551077,1.0687012585684908e-05,0.7364,0.7424
0.9158731043755772,0.9999858952029036,0.00623515006546671,8.0,3.0288775924882094e-05,0.026796148713641853,0.7794,0.7836
0.9998936269553529,0.9934183042788194,0.9867932895228734,8.0,0.12035677438225761,3.0162306827970553e-05,0.1018,0.0982
0.997979970835573,0.9991937907939695,0.7449914141279594,9.0,0.016878022630733666,2.6709781065461807e-05,0.7776,0.7822
0.9023257235328086,0.9904711324271372,0.8343341730920942,9.0,0.044253971682883704,1.7352802410376716e-05,0.7306,0.7384
0.8999333479863062,0.9999764346474652,0.11806957199766843,9.0,3.601749226289717e-05,0.025609219268663917,0.7998,0.801
0.9998715466757607,0.9999882145351855,0.021140884380218494,9.0,1.6735019926454927e-05,0.1315488404117924,0.7998,0.8022
0.9859331303360135,0.9999866185934639,0.054945917644668635,9.0,1.0776695497106307e-05,0.04497332583944495,0.8,0.802
0.9982523237844397,0.9996349431373089,0.3576903771232479,9.0,0.00037724669925431274,0.0019382190305258103,0.7986,0.7958
0.994961446401504,0.9998581491386168,0.3820463039725718,9.0,0.0007265201750209262,0.0014173329857569302,0.7988,0.8028
0.9951638593697891,0.9968231987101509,0.15819107388664733,9.0,1.2267984610182565e-05,0.024115146787017757,0.8002,0.802
0.9998310706868175,0.9900467098767334,0.5931947611884694,9.0,0.00016093201776015527,0.00014903169820910963,0.8008,0.797
0.9998920300151795,0.9928662943885372,0.6221527686745961,9.0,0.004335985158325953,0.0001463743016081961,0.7992,0.7988
0.9995042908972764,0.9985421201672268,0.972730581446209,9.0,0.00012180172362999785,0.00012669291372342345,0.7912,0.795
0.999579730932301,0.9905676356919277,0.987814664388436,9.0,0.005462171605986886,0.0001869235653926452,0.2546,0.246
0.9995542835032379,0.9993461487378397,0.5415187305029256,9.0,0.13496815639702453,0.0024338769893714088,0.1026,0.0974
0.9662388085238865,0.9999234770212913,0.2900448673582552,9.0,0.00010711526808788686,0.005072794417507536,0.8006,0.7974
0.9985872018403948,0.9977940545395879,0.7255038759708354,9.0,0.002745439811640791,0.0004845397762310037,0.7908,0.7954
0.9997991053482385,0.9948221390798864,0.49616681685598935,9.0,0.00019737513917913844,3.319668867468185e-05,0.7978,0.7966
0.9986998490171377,0.9990959346814383,0.24383964589630147,9.0,5.24143600592662e-05,0.005755080524916964,0.7986,0.7994
0.9667830053986065,0.9999220624145339,0.33455033383378846,9.0,7.236269658278774e-05,0.006749689909140623,0.7984,0.799
0.9050392152060639,0.999932318203142,0.47659966106324747,9.0,0.0009148614343019788,0.00047679854041131196,0.805,0.8036
0.9885680912412453,0.9999479831170515,0.47447997392222896,9.0,0.0011991541619968714,0.00043517123793221336,0.8062,0.8074
0.9885680912415716,0.999947983031569,0.4744799738343488,10.0,0.0011991542467197497,0.00043517121546579276,0.8052,0.8104
0.9012264042285023,0.9907195521399055,0.4746898786619394,10.0,0.0012381063577229143,0.0002582058078843955,0.8076,0.811
0.9969432124567782,0.9988974745705571,0.9814928399280733,10.0,0.09407541321927612,1.2135656986294889e-05,0.0978,0.1022
0.9331017194937415,0.9930728574899571,0.028969521735393966,10.0,1.6485510164313252e-05,0.10451672588251115,0.807,0.8076
0.9012264042524522,0.990719552043826,0.4746898786847042,11.0,0.0012381063955765365,0.00025820571970988464,0.81,0.8144
0.9220625684038811,0.9921488757240859,0.4737172874334643,11.0,0.001172051829249066,0.00016377048381839896,0.814,0.813
0.9975286917559669,0.9989996462557236,0.008000340968765896,11.0,1.1863927159265324e-05,1.9603728818613088e-05,0.8086,0.8106
0.90049764052103,0.994211433021984,0.9958008935466287,11.0,0.1313503264638775,0.10597169802134702,0.1632,0.165
0.9220625684704707,0.9921488756509438,0.4737172874034942,12.0,0.0011720517885173089,0.00016377052394375916,0.8208,0.8218
0.900592174166618,0.9910036986526088,0.45319039476826906,12.0,0.0017854977407222624,0.00012663789398794723,0.8214,0.8218
0.997256435084544,0.9989132748441178,0.02706248240817899,12.0,0.1104758057136484,1.027369046875711e-05,0.168,0.1658
0.9468879711275533,0.9928529181136008,0.988196904125308,12.0,2.181977102997979e-05,0.11073822846495944,0.8132,0.8146
0.9005921741534822,0.9910036987006077,0.453190394792373,13.0,0.0017854976710240532,0.00012663795588558255,0.8286,0.834
0.905446607337511,0.9905610774067757,0.43123486927537796,13.0,0.0012620320506572145,6.217383284219843e-05,0.8244,0.8234
0.9004357112004439,0.9999867659917021,0.9245586661890992,13.0,0.09595945982358162,0.09289547598643146,0.3736,0.3746
0.9998696787661265,0.9901647629487231,0.025030266647709465,13.0,1.1116998721567583e-05,1.0151763454837262e-05,0.8212,0.8224
0.9005921741865853,0.9910036987136156,0.45319039473139616,14.0,0.001785497597200703,0.00012663795938875876,0.831,0.8374
0.9059438229071383,0.9899961025094944,0.4440666155244201,14.0,0.002360624452886147,7.891719172444021e-05,0.8326,0.8352
0.9970922518551969,0.9987897600062849,0.06827901937687103,14.0,0.12169492858120169,1.5295509831413904e-05,0.1294,0.1242
0.9003538691387066,0.9916180591959293,0.9821653781918127,14.0,1.0515768891349553e-05,0.08398952885933197,0.829,0.8322
0.9059438228528588,0.9899961024656051,0.44406661557989024,15.0,0.002360624501821265,7.891722447727142e-05,0.8354,0.8404
0.943801889725875,0.9910008969590554,0.3690505715435712,15.0,0.002816887854300713,2.7992133737878894e-05,0.8368,0.8394
0.9984181187556308,0.99898650519616,0.12441020696730296,15.0,0.07863638081006702,1.4804315493905751e-05,0.643,0.6466
0.9214841581482048,0.9921845615983133,0.9434104983270775,15.0,2.0888124497056145e-05,0.08768391255043777,0.8304,0.8346
0.9702894910468451,0.9999448791583193,0.538200201063995,-0.0,0.006735336229905632,1.983022724097663e-05,0.745,0.7376
0.9183525958898175,0.9999578736095043,0.5575873945318428,-0.0,0.009802767561190601,2.037091842799314e-05,0.7456,0.748
0.916000872945334,0.9999841474755418,0.95442479442466,0.0,0.13385936278627475,0.015379930821966339,0.1468,0.1388
0.9998474440295675,0.9933562423632853,0.05094860097857645,0.0,1.2048242321740175e-05,1.255804613058924e-05,0.1128,0.1124
0.9183525957950165,0.9999578736981304,0.5575873944835485,1.0,0.00980276754616882,2.037086626100102e-05,0.7784,0.783
0.9062366903500526,0.9941579099852819,0.5696058012500651,1.0,0.019030860000532585,1.0442174460131565e-05,0.77,0.7758
0.9211969846884811,0.9999749393602022,0.07714199705215052,1.0,1.4422622892036943e-05,0.013396261227349443,0.7508,0.7514
0.9998387042531223,0.9902373263649661,0.8761081579958053,1.0,0.12671486483061778,2.5697562430863457e-05,0.1002,0.0998
0.9183525957974719,0.9999578736881416,0.5575873944118912,2.0,0.009802767540485677,2.0370906125465893e-05,0.8182,0.8186
0.916190819409138,0.9902562044325014,0.5947877112505856,2.0,0.00945494406798423,1.06095662957728e-05,0.809,0.8034
0.952999153906618,0.9999741875476582,0.03972657570929944,2.0,0.13066418424875678,0.026364207092105046,0.1056,0.0944
0.9998649270805557,0.9920637998940602,0.9940635589643052,2.0,1.871940607553039e-05,1.040648792008041e-05,0.7778,0.7824
0.9183525958721204,0.9999578736210024,0.5575873943471773,3.0,0.009802767471890714,2.0370865883862258e-05,0.8236,0.8306
0.9255390731158724,0.9922786217461491,0.572456643538932,3.0,0.01540217771177224,1.1528423009969946e-05,0.8226,0.8198
0.9307933334519528,0.999978711900496,0.032183096270255174,3.0,1.1089657576698842e-05,0.04006967241063714,0.8178,0.8192
0.9998507247460594,0.9903833462846862,0.9761216758589846,3.0,0.00022786269819320392,1.4114784672093386e-05,0.8044,0.8062
0.9183525959587393,0.999957873548063,0.557587394408333,4.0,0.009802767551402998,2.0370793609194633e-05,0.84,0.8454
0.9198812845659547,0.992111299761032,0.5353351159086364,4.0,0.018417158430078972,1.4305231119271654e-05,0.8378,0.8394
0.9307770489575579,0.9999857472577905,0.9989068700044648,4.0,1.1411126506033308e-05,0.013296422389380355,0.8238,0.8306
0.9993376257975627,0.9900334244021379,0.020019390668823855,4.0,0.00019480482350538514,1.5825311433489876e-05,0.8418,0.8378
0.9993376257276638,0.990033424352308,0.020019390656620017,5.0,0.00019480491217972783,1.5825252768728066e-05,0.8446,0.8458
0.9156404711039414,0.9917492985097202,0.03510160525705452,5.0,0.00011991482898097607,1.4318799684997958e-05,0.8444,0.8434
0.9056890182502985,0.9999889001374539,0.016734661241033122,5.0,0.10579674229875156,0.01655869453544341,0.68,0.684
0.9997758786091936,0.9904124770085901,0.9580826166742512,5.0,0.009172621935978682,2.7741082668306548e-05,0.4716,0.4748
0.9993376256427502,0.9900334244117518,0.02001939056126395,6.0,0.00019480493291919022,1.5825313078261444e-05,0.8472,0.8478
0.9171352103245495,0.9922009772211225,0.023645903011040463,6.0,8.059995828865903e-05,1.0164047866512408e-05,0.8454,0.8452
0.909181322580534,0.9999887091208443,0.02100366279875775,6.0,0.09795069145075341,0.01088468651301917,0.7084,0.711
0.9998631599493841,0.9957517327575637,0.9695596114398768,6.0,0.005477738845822465,1.149522600527296e-05,0.5094,0.5184
0.9993376255846272,0.9900334243865339,0.020019390502581773,7.0,0.00019480497215634417,1.5825403557705003e-05,0.8492,0.8496
0.9238363821638517,0.9902363060249227,0.03389230570148326,7.0,0.0001008530070406814,1.2020313079694634e-05,0.8484,0.8484
0.9134976979308185,0.9999856196350609,0.01787434840671199,7.0,0.050469643042912564,0.012743704992866397,0.7844,0.7854
0.9998723125284645,0.9945095828626588,0.9598837665063499,7.0,1.152258558263205e-05,2.6723290645898497e-05,0.848,0.847
0.9993376255646805,0.9900334243470001,0.020019390429317913,8.0,0.0001948049053449639,1.582540389395457e-05,0.852,0.852
0.9209799745131837,0.994033600767346,0.09529504820813611,8.0,0.00014271220847356577,1.6712855878563556e-05,0.8492,0.8502
0.9313603203009473,0.9999890177329562,0.04220015157917001,8.0,0.05631659653995328,1.1869410933597559e-05,0.7752,0.7736
0.9998877974060847,0.991186719405139,0.9816941758303589,8.0,2.8445204576491665e-05,0.08641441991014574,0.8504,0.848
0.9993376256111773,0.9900334242861104,0.020019390464025084,9.0,0.00019480487040659267,1.582531969693945e-05,0.8516,0.8522
0.9305361770249321,0.9916624470965255,0.025826106349401058,9.0,0.00013517150020918013,1.0571466579554532e-05,0.8522,0.8522
0.9967278483863398,0.9989120375099535,0.7683990019189735,9.0,1.2439729343762795e-05,1.1560277646422508e-05,0.8516,0.8512
0.9346330888446034,0.9932235589881648,0.03013450280876756,9.0,0.0968721979400547,0.019763486945466414,0.6292,0.6284
0.930536177010304,0.9916624470663005,0.025826106361478234,10.0,0.00013517157632327807,1.057145339338593e-05,0.8526,0.8534
0.9020199095273862,0.9963597798639018,0.05581780771808348,10.0,6.467485471014815e-05,1.797820757618904e-05,0.8526,0.8526
0.9062583100017603,0.9999891214447352,0.00035918455586928313,10.0,0.07429330139458795,1.104440578780436e-05,0.775,0.774
0.9997269634170083,0.9899658919998128,0.9651952676463924,10.0,1.1319716078996166e-05,0.07808031207965467,0.8522,0.8524
0.9305361769821683,0.991662447104077,0.02582610631562354,11.0,0.0001351715345835591,1.0571358679557752e-05,0.8538,0.8532
0.9332427004007428,0.9900801619381221,0.006321598759486846,11.0,5.55784384056428e-05,1.0388202637439742e-05,0.8544,0.8538
0.9974451682059556,0.9990072434957522,0.027645780029803353,11.0,1.3602821382721495e-05,1.3497488605957897e-05,0.8526,0.853
0.903525582654387,0.9942492169349016,0.8524622110336479,11.0,0.11089938755949456,0.1334225851354807,0.1132,0.1086
0.9332427004665329,0.9900801620064716,0.006321598857431459,12.0,5.5578352914427346e-05,1.038821482618221e-05,0.854,0.8548
0.9266585739091147,0.9903200243398478,0.021507287913357764,12.0,1.9488911346848925e-05,1.7326846047463268e-05,0.8548,0.8538
0.9981881904414868,0.9989506628835719,0.7171678345072061,12.0,1.2172591982519116e-05,0.011870370738399742,0.8524,0.8544
0.9106219228606174,0.9921149858713535,0.05024779185624373,12.0,0.06343731132423858,1.0145905354030896e-05,0.7938,0.7886
0.926658573900699,0.9903200243477592,0.021507287816946715,13.0,1.9488948618147325e-05,1.732683447570637e-05,0.854,0.8542
0.9087540256378684,0.9900551630926359,0.04179375101279055,13.0,1.074811852584195e-05,1.1479095457226514e-05,0.8546,0.8542
0.9947303712451817,0.9990039242591032,0.7030018313182925,13.0,1.0923104737529912e-05,1.2175455576674804e-05,0.8524,0.8534
0.9152153818888008,0.9919134452465423,0.03110781920704738,13.0,0.08665587298161524,0.07774546561520852,0.6876,0.6912
0.9998909759282413,0.9999893285645066,0.40326766781407003,13.0,0.0008568421873736913,0.0015924367169807803,0.849,0.8508
0.9443142681108921,0.9904457830665359,0.33883059621354517,13.0,0.0003629858256460582,0.00035733553270383,0.8518,0.8536
0.9998350678789063,0.9923501495744563,0.937499656590296,13.0,0.040694971961891806,0.0002288606478583719,0.1056,0.0944
0.9103892417819728,0.999970787968824,0.2012325490410981,13.0,8.068186863058788e-05,0.01820435159072038,0.8538,0.854
0.9980766392922953,0.9992608298065927,0.6903520974061208,13.0,0.008343484634582728,4.642182757087901e-05,0.833,0.8334
0.9876363322205332,0.9998818390427241,0.18817195377921048,13.0,9.551303761558704e-05,0.004454856567428599,0.8534,0.8536
0.9990278190246903,0.9973319047132292,0.600630082818281,13.0,0.006918727785525542,0.0001099166398355849,0.8426,0.8428
0.9777786553258405,0.9998918774362262,0.8880840511163305,13.0,4.8998257428589744e-05,1.485351336813052e-05,0.8506,0.85
0.9994209403767353,0.9970722822955108,0.16868007813125052,13.0,0.004138685367854849,0.0018111116103658443,0.8506,0.8528
0.9685538943175162,0.9997941686286217,0.48866650475270473,13.0,0.0003053381313198949,0.1349300118294079,0.851,0.8498
0.9909519531937707,0.996753405398235,0.005424007728583813,13.0,1.1693830460998566e-05,0.010432070348063156,0.8542,0.8542
0.9997386677252251,0.9993511848272792,0.27353211350313156,13.0,0.0020396459040920643,4.9937597361226246e-05,0.8534,0.8534
0.9037117389477766,0.9999784241971769,0.7881609441196575,13.0,0.022675695380399742,0.00046115310420987175,0.792,0.791
0.995224935698094,0.9961770735398108,0.01541850425848184,13.0,1.1304303414221355e-05,0.013764476920457236,0.8546,0.8546
0.9972995796630851,0.9903581624254276,0.11217592164167267,13.0,3.186078384527864e-05,0.04590228648115656,0.8544,0.8542
0.9988955589335545,0.9951859917872293,0.08149233268522921,13.0,0.00016076733638550287,0.027422513718495523,0.8532,0.8522
0.9955643382046311,0.9976450753023698,0.2946928309308987,13.0,2.0707609198505037e-05,0.0065644463235988776,0.8532,0.8542
0.9711489775626176,0.9985284574645285,0.4815296306061731,13.0,1.0713334794386178e-05,0.0036638965528689284,0.8532,0.855
0.999611076558359,0.9996377465472515,0.13358315330514953,13.0,0.0007462359597553624,0.0008678685325001496,0.8536,0.8558
0.9892832115846883,0.9947840355872267,0.018567660282948827,13.0,4.113840000987387e-05,0.013957805204327545,0.8548,0.855
0.989283211661312,0.9947840355653794,0.01856766021495596,14.0,4.1138420748624714e-05,0.013957805171533813,0.8532,0.8548
0.9065288654275941,0.9923675142156594,0.00870065955605781,14.0,1.3478566790885466e-05,0.027541507600855216,0.854,0.8546
0.9971718621916942,0.9990732949459271,0.013461275728031019,14.0,1.2281221011277786e-05,0.038319073063955426,0.854,0.8544
0.9262556097769988,0.9939400874069508,0.8417378276822906,14.0,0.13378619359379304,1.3781703738291691e-05,0.096,0.104
