b1,b2,droupout_prob,lr,weight_decay,loss,test,iteration
0.999489475480056,0.9996101399389558,0.0016392466537953343,0.0011726065238878184,0.036559821439183605,0.4596,0.4566,1
0.999489475480056,0.9996101399389558,0.0016392466537953343,0.0011726065238878184,0.036559821439183605,0.6508,0.6444,2
0.999489475480056,0.9996101399389558,0.0016392466537953343,0.0011726065238878184,0.036559821439183605,0.6782,0.6756,3
0.999489475480056,0.9996101399389558,0.0016392466537953343,0.0011726065238878184,0.036559821439183605,0.7152,0.7112,4
0.999489475480056,0.9996101399389558,0.0016392466537953343,0.0011726065238878184,0.036559821439183605,0.7296,0.7312,5
0.999489475480056,0.9996101399389558,0.0016392466537953343,0.0011726065238878184,0.036559821439183605,0.7432,0.741,6
0.999489475480056,0.9996101399389558,0.0016392466537953343,0.0011726065238878184,0.036559821439183605,0.7418,0.7388,7
0.999489475480056,0.9996101399389558,0.0016392466537953343,0.0011726065238878184,0.036559821439183605,0.7566,0.7482,8
0.999489475480056,0.9996101399389558,0.0016392466537953343,0.0011726065238878184,0.036559821439183605,0.759,0.7474,9
0.999489475480056,0.9996101399389558,0.0016392466537953343,0.0011726065238878184,0.036559821439183605,0.76,0.7534,10
0.999489475480056,0.9996101399389558,0.0016392466537953343,0.0011726065238878184,0.036559821439183605,0.7658,0.7588,11
0.999489475480056,0.9996101399389558,0.0016392466537953343,0.0011726065238878184,0.036559821439183605,0.7698,0.7638,12
0.999489475480056,0.9996101399389558,0.0016392466537953343,0.0011726065238878184,0.036559821439183605,0.7706,0.7652,13
0.999489475480056,0.9996101399389558,0.0016392466537953343,0.0011726065238878184,0.036559821439183605,0.7698,0.7674,14
0.999489475480056,0.9996101399389558,0.0016392466537953343,0.0011726065238878184,0.036559821439183605,0.7696,0.761,15
0.999489475480056,0.9996101399389558,0.0016392466537953343,0.0011726065238878184,0.036559821439183605,0.7714,0.7692,16
0.999489475480056,0.9996101399389558,0.0016392466537953343,0.0011726065238878184,0.036559821439183605,0.7686,0.7672,17
0.999489475480056,0.9996101399389558,0.0016392466537953343,0.0011726065238878184,0.036559821439183605,0.7696,0.7688,18
0.999489475480056,0.9996101399389558,0.0016392466537953343,0.0011726065238878184,0.036559821439183605,0.7694,0.768,19
0.999489475480056,0.9996101399389558,0.0016392466537953343,0.0011726065238878184,0.036559821439183605,0.7704,0.7694,20
0.9997753063344094,0.9995832912492338,0.12525174131699018,0.0007467333184929997,0.12954286364071502,0.123,0.1314,1
0.9997753063344094,0.9995832912492338,0.12525174131699018,0.0007467333184929997,0.12954286364071502,0.197,0.209,2
0.9997753063344094,0.9995832912492338,0.12525174131699018,0.0007467333184929997,0.12954286364071502,0.3892,0.4078,3
0.9997753063344094,0.9995832912492338,0.12525174131699018,0.0007467333184929997,0.12954286364071502,0.5542,0.5656,4
0.9997753063344094,0.9995832912492338,0.12525174131699018,0.0007467333184929997,0.12954286364071502,0.593,0.5978,5
0.9997753063344094,0.9995832912492338,0.12525174131699018,0.0007467333184929997,0.12954286364071502,0.5988,0.6094,6
0.9997753063344094,0.9995832912492338,0.12525174131699018,0.0007467333184929997,0.12954286364071502,0.6278,0.6198,7
0.9997753063344094,0.9995832912492338,0.12525174131699018,0.0007467333184929997,0.12954286364071502,0.6228,0.6184,8
0.9997753063344094,0.9995832912492338,0.12525174131699018,0.0007467333184929997,0.12954286364071502,0.6282,0.622,9
0.9997753063344094,0.9995832912492338,0.12525174131699018,0.0007467333184929997,0.12954286364071502,0.6418,0.6368,10
0.9997753063344094,0.9995832912492338,0.12525174131699018,0.0007467333184929997,0.12954286364071502,0.6532,0.6534,11
0.9997753063344094,0.9995832912492338,0.12525174131699018,0.0007467333184929997,0.12954286364071502,0.6624,0.6548,12
0.9997753063344094,0.9995832912492338,0.12525174131699018,0.0007467333184929997,0.12954286364071502,0.658,0.6588,13
0.9997753063344094,0.9995832912492338,0.12525174131699018,0.0007467333184929997,0.12954286364071502,0.665,0.662,14
0.9997753063344094,0.9995832912492338,0.12525174131699018,0.0007467333184929997,0.12954286364071502,0.661,0.6598,15
0.9997753063344094,0.9995832912492338,0.12525174131699018,0.0007467333184929997,0.12954286364071502,0.6658,0.677,16
0.9997753063344094,0.9995832912492338,0.12525174131699018,0.0007467333184929997,0.12954286364071502,0.6676,0.6688,17
0.9997753063344094,0.9995832912492338,0.12525174131699018,0.0007467333184929997,0.12954286364071502,0.675,0.6762,18
0.9997753063344094,0.9995832912492338,0.12525174131699018,0.0007467333184929997,0.12954286364071502,0.666,0.6666,19
0.9997753063344094,0.9995832912492338,0.12525174131699018,0.0007467333184929997,0.12954286364071502,0.6704,0.672,20
0.9738752663848531,0.9999889803548367,0.004633335271537163,0.0749308436789229,0.00013106611877709693,0.102,0.098,1
0.9738752663848531,0.9999889803548367,0.004633335271537163,0.0749308436789229,0.00013106611877709693,0.0988,0.1012,2
0.9738752663848531,0.9999889803548367,0.004633335271537163,0.0749308436789229,0.00013106611877709693,0.3214,0.3312,3
0.9738752663848531,0.9999889803548367,0.004633335271537163,0.0749308436789229,0.00013106611877709693,0.5822,0.5826,4
0.9738752663848531,0.9999889803548367,0.004633335271537163,0.0749308436789229,0.00013106611877709693,0.7056,0.7188,5
0.9738752663848531,0.9999889803548367,0.004633335271537163,0.0749308436789229,0.00013106611877709693,0.7392,0.7486,6
0.9738752663848531,0.9999889803548367,0.004633335271537163,0.0749308436789229,0.00013106611877709693,0.749,0.7598,7
0.9738752663848531,0.9999889803548367,0.004633335271537163,0.0749308436789229,0.00013106611877709693,0.7468,0.7564,8
0.9738752663848531,0.9999889803548367,0.004633335271537163,0.0749308436789229,0.00013106611877709693,0.7632,0.7716,9
0.9738752663848531,0.9999889803548367,0.004633335271537163,0.0749308436789229,0.00013106611877709693,0.7714,0.78,10
0.9738752663848531,0.9999889803548367,0.004633335271537163,0.0749308436789229,0.00013106611877709693,0.786,0.7942,11
0.9738752663848531,0.9999889803548367,0.004633335271537163,0.0749308436789229,0.00013106611877709693,0.7848,0.7942,12
0.9738752663848531,0.9999889803548367,0.004633335271537163,0.0749308436789229,0.00013106611877709693,0.7822,0.7872,13
0.9738752663848531,0.9999889803548367,0.004633335271537163,0.0749308436789229,0.00013106611877709693,0.7776,0.7818,14
0.9738752663848531,0.9999889803548367,0.004633335271537163,0.0749308436789229,0.00013106611877709693,0.7886,0.7974,15
0.9738752663848531,0.9999889803548367,0.004633335271537163,0.0749308436789229,0.00013106611877709693,0.7832,0.7928,16
0.9738752663848531,0.9999889803548367,0.004633335271537163,0.0749308436789229,0.00013106611877709693,0.7892,0.7942,17
0.9738752663848531,0.9999889803548367,0.004633335271537163,0.0749308436789229,0.00013106611877709693,0.7814,0.7874,18
0.9738752663848531,0.9999889803548367,0.004633335271537163,0.0749308436789229,0.00013106611877709693,0.797,0.797,19
0.9738752663848531,0.9999889803548367,0.004633335271537163,0.0749308436789229,0.00013106611877709693,0.794,0.8028,20
0.9329556219497968,0.9999891436861821,0.9618497028407313,0.08568822319976821,1.0306174933738975e-05,0.098,0.102,1
0.9329556219497968,0.9999891436861821,0.9618497028407313,0.08568822319976821,1.0306174933738975e-05,0.1016,0.0984,2
0.9329556219497968,0.9999891436861821,0.9618497028407313,0.08568822319976821,1.0306174933738975e-05,0.096,0.104,3
0.9329556219497968,0.9999891436861821,0.9618497028407313,0.08568822319976821,1.0306174933738975e-05,0.0988,0.1012,4
0.9329556219497968,0.9999891436861821,0.9618497028407313,0.08568822319976821,1.0306174933738975e-05,0.1058,0.0942,5
0.9329556219497968,0.9999891436861821,0.9618497028407313,0.08568822319976821,1.0306174933738975e-05,0.096,0.104,6
0.9329556219497968,0.9999891436861821,0.9618497028407313,0.08568822319976821,1.0306174933738975e-05,0.1016,0.0984,7
0.9329556219497968,0.9999891436861821,0.9618497028407313,0.08568822319976821,1.0306174933738975e-05,0.0996,0.1004,8
0.9329556219497968,0.9999891436861821,0.9618497028407313,0.08568822319976821,1.0306174933738975e-05,0.1058,0.0942,9
0.9329556219497968,0.9999891436861821,0.9618497028407313,0.08568822319976821,1.0306174933738975e-05,0.0984,0.1016,10
0.9329556219497968,0.9999891436861821,0.9618497028407313,0.08568822319976821,1.0306174933738975e-05,0.096,0.104,11
0.9329556219497968,0.9999891436861821,0.9618497028407313,0.08568822319976821,1.0306174933738975e-05,0.1036,0.0964,12
0.9329556219497968,0.9999891436861821,0.9618497028407313,0.08568822319976821,1.0306174933738975e-05,0.1058,0.0942,13
0.9329556219497968,0.9999891436861821,0.9618497028407313,0.08568822319976821,1.0306174933738975e-05,0.0996,0.1004,14
0.9329556219497968,0.9999891436861821,0.9618497028407313,0.08568822319976821,1.0306174933738975e-05,0.1016,0.0984,15
0.9329556219497968,0.9999891436861821,0.9618497028407313,0.08568822319976821,1.0306174933738975e-05,0.0996,0.1004,16
0.9329556219497968,0.9999891436861821,0.9618497028407313,0.08568822319976821,1.0306174933738975e-05,0.1058,0.0942,17
0.9329556219497968,0.9999891436861821,0.9618497028407313,0.08568822319976821,1.0306174933738975e-05,0.0996,0.1004,18
0.9329556219497968,0.9999891436861821,0.9618497028407313,0.08568822319976821,1.0306174933738975e-05,0.098,0.102,19
0.9329556219497968,0.9999891436861821,0.9618497028407313,0.08568822319976821,1.0306174933738975e-05,0.1016,0.0984,20
0.9998730450125152,0.999897473974138,0.45012227879557276,7.205789371613275e-05,0.017526280812394705,0.14,0.1434,1
0.9998730450125152,0.999897473974138,0.45012227879557276,7.205789371613275e-05,0.017526280812394705,0.2568,0.2752,2
0.9998730450125152,0.999897473974138,0.45012227879557276,7.205789371613275e-05,0.017526280812394705,0.3264,0.3364,3
0.9998730450125152,0.999897473974138,0.45012227879557276,7.205789371613275e-05,0.017526280812394705,0.345,0.3638,4
0.9998730450125152,0.999897473974138,0.45012227879557276,7.205789371613275e-05,0.017526280812394705,0.3606,0.3824,5
0.9998730450125152,0.999897473974138,0.45012227879557276,7.205789371613275e-05,0.017526280812394705,0.425,0.4362,6
0.9998730450125152,0.999897473974138,0.45012227879557276,7.205789371613275e-05,0.017526280812394705,0.4844,0.4924,7
0.9998730450125152,0.999897473974138,0.45012227879557276,7.205789371613275e-05,0.017526280812394705,0.5276,0.5306,8
0.9998730450125152,0.999897473974138,0.45012227879557276,7.205789371613275e-05,0.017526280812394705,0.5278,0.5366,9
0.9998730450125152,0.999897473974138,0.45012227879557276,7.205789371613275e-05,0.017526280812394705,0.5264,0.534,10
0.9998730450125152,0.999897473974138,0.45012227879557276,7.205789371613275e-05,0.017526280812394705,0.5412,0.552,11
0.9998730450125152,0.999897473974138,0.45012227879557276,7.205789371613275e-05,0.017526280812394705,0.5748,0.5808,12
0.9998730450125152,0.999897473974138,0.45012227879557276,7.205789371613275e-05,0.017526280812394705,0.5974,0.599,13
0.9998730450125152,0.999897473974138,0.45012227879557276,7.205789371613275e-05,0.017526280812394705,0.6114,0.6138,14
0.9998730450125152,0.999897473974138,0.45012227879557276,7.205789371613275e-05,0.017526280812394705,0.6196,0.626,15
0.9998730450125152,0.999897473974138,0.45012227879557276,7.205789371613275e-05,0.017526280812394705,0.628,0.6322,16
0.9998730450125152,0.999897473974138,0.45012227879557276,7.205789371613275e-05,0.017526280812394705,0.6366,0.6376,17
0.9998730450125152,0.999897473974138,0.45012227879557276,7.205789371613275e-05,0.017526280812394705,0.6446,0.6452,18
0.9998730450125152,0.999897473974138,0.45012227879557276,7.205789371613275e-05,0.017526280812394705,0.6478,0.6502,19
0.9998730450125152,0.999897473974138,0.45012227879557276,7.205789371613275e-05,0.017526280812394705,0.6548,0.6568,20
0.9998703625020351,0.999936153930998,0.43189179669504907,3.2045074705533e-05,0.022127211970573938,0.0992,0.1006,1
0.9998703625020351,0.999936153930998,0.43189179669504907,3.2045074705533e-05,0.022127211970573938,0.1462,0.1492,2
0.9998703625020351,0.999936153930998,0.43189179669504907,3.2045074705533e-05,0.022127211970573938,0.187,0.1856,3
0.9998703625020351,0.999936153930998,0.43189179669504907,3.2045074705533e-05,0.022127211970573938,0.2224,0.2172,4
0.9998703625020351,0.999936153930998,0.43189179669504907,3.2045074705533e-05,0.022127211970573938,0.3812,0.3836,5
0.9998703625020351,0.999936153930998,0.43189179669504907,3.2045074705533e-05,0.022127211970573938,0.4772,0.481,6
0.9998703625020351,0.999936153930998,0.43189179669504907,3.2045074705533e-05,0.022127211970573938,0.5058,0.5226,7
0.9998703625020351,0.999936153930998,0.43189179669504907,3.2045074705533e-05,0.022127211970573938,0.4668,0.4872,8
0.9998703625020351,0.999936153930998,0.43189179669504907,3.2045074705533e-05,0.022127211970573938,0.4324,0.4462,9
0.9998703625020351,0.999936153930998,0.43189179669504907,3.2045074705533e-05,0.022127211970573938,0.4156,0.4304,10
0.9998703625020351,0.999936153930998,0.43189179669504907,3.2045074705533e-05,0.022127211970573938,0.4162,0.4272,11
0.9998703625020351,0.999936153930998,0.43189179669504907,3.2045074705533e-05,0.022127211970573938,0.4182,0.433,12
0.9998703625020351,0.999936153930998,0.43189179669504907,3.2045074705533e-05,0.022127211970573938,0.4364,0.4474,13
0.9998703625020351,0.999936153930998,0.43189179669504907,3.2045074705533e-05,0.022127211970573938,0.474,0.491,14
0.9998703625020351,0.999936153930998,0.43189179669504907,3.2045074705533e-05,0.022127211970573938,0.5116,0.5262,15
0.9998703625020351,0.999936153930998,0.43189179669504907,3.2045074705533e-05,0.022127211970573938,0.5266,0.542,16
0.9998703625020351,0.999936153930998,0.43189179669504907,3.2045074705533e-05,0.022127211970573938,0.5244,0.5408,17
0.9998703625020351,0.999936153930998,0.43189179669504907,3.2045074705533e-05,0.022127211970573938,0.5214,0.5388,18
0.9998703625020351,0.999936153930998,0.43189179669504907,3.2045074705533e-05,0.022127211970573938,0.522,0.5416,19
0.9998703625020351,0.999936153930998,0.43189179669504907,3.2045074705533e-05,0.022127211970573938,0.5306,0.5504,20
0.9998887562760219,0.9902882667461527,0.9622833287513041,0.02568884723160268,1.2847295314406932e-05,0.2058,0.1972,1
0.9998887562760219,0.9902882667461527,0.9622833287513041,0.02568884723160268,1.2847295314406932e-05,0.1982,0.1908,2
0.9998887562760219,0.9902882667461527,0.9622833287513041,0.02568884723160268,1.2847295314406932e-05,0.1356,0.145,3
0.9998887562760219,0.9902882667461527,0.9622833287513041,0.02568884723160268,1.2847295314406932e-05,0.1228,0.1234,4
0.9998887562760219,0.9902882667461527,0.9622833287513041,0.02568884723160268,1.2847295314406932e-05,0.1282,0.1302,5
0.9998887562760219,0.9902882667461527,0.9622833287513041,0.02568884723160268,1.2847295314406932e-05,0.1964,0.2036,6
0.9998887562760219,0.9902882667461527,0.9622833287513041,0.02568884723160268,1.2847295314406932e-05,0.2024,0.216,7
0.9998887562760219,0.9902882667461527,0.9622833287513041,0.02568884723160268,1.2847295314406932e-05,0.1888,0.1972,8
0.9998887562760219,0.9902882667461527,0.9622833287513041,0.02568884723160268,1.2847295314406932e-05,0.2846,0.2812,9
0.9998887562760219,0.9902882667461527,0.9622833287513041,0.02568884723160268,1.2847295314406932e-05,0.1876,0.1774,10
0.9998887562760219,0.9902882667461527,0.9622833287513041,0.02568884723160268,1.2847295314406932e-05,0.167,0.1606,11
0.9998887562760219,0.9902882667461527,0.9622833287513041,0.02568884723160268,1.2847295314406932e-05,0.1538,0.1652,12
0.9998887562760219,0.9902882667461527,0.9622833287513041,0.02568884723160268,1.2847295314406932e-05,0.1826,0.1986,13
0.9998887562760219,0.9902882667461527,0.9622833287513041,0.02568884723160268,1.2847295314406932e-05,0.1576,0.1728,14
0.9998887562760219,0.9902882667461527,0.9622833287513041,0.02568884723160268,1.2847295314406932e-05,0.3002,0.2972,15
0.9998887562760219,0.9902882667461527,0.9622833287513041,0.02568884723160268,1.2847295314406932e-05,0.2048,0.195,16
0.9998887562760219,0.9902882667461527,0.9622833287513041,0.02568884723160268,1.2847295314406932e-05,0.2046,0.1912,17
0.9998887562760219,0.9902882667461527,0.9622833287513041,0.02568884723160268,1.2847295314406932e-05,0.2668,0.2622,18
0.9998887562760219,0.9902882667461527,0.9622833287513041,0.02568884723160268,1.2847295314406932e-05,0.2228,0.2234,19
0.9998887562760219,0.9902882667461527,0.9622833287513041,0.02568884723160268,1.2847295314406932e-05,0.1916,0.1942,20
0.9032298732929132,0.998462125716509,0.02937286488578439,1.2119612510850598e-05,0.12254300364358137,0.1062,0.1106,1
0.9032298732929132,0.998462125716509,0.02937286488578439,1.2119612510850598e-05,0.12254300364358137,0.1112,0.115,2
0.9032298732929132,0.998462125716509,0.02937286488578439,1.2119612510850598e-05,0.12254300364358137,0.1056,0.1094,3
0.9032298732929132,0.998462125716509,0.02937286488578439,1.2119612510850598e-05,0.12254300364358137,0.0996,0.1042,4
0.9032298732929132,0.998462125716509,0.02937286488578439,1.2119612510850598e-05,0.12254300364358137,0.0988,0.1034,5
0.9032298732929132,0.998462125716509,0.02937286488578439,1.2119612510850598e-05,0.12254300364358137,0.0982,0.1026,6
0.9032298732929132,0.998462125716509,0.02937286488578439,1.2119612510850598e-05,0.12254300364358137,0.098,0.1022,7
0.9032298732929132,0.998462125716509,0.02937286488578439,1.2119612510850598e-05,0.12254300364358137,0.098,0.1022,8
0.9032298732929132,0.998462125716509,0.02937286488578439,1.2119612510850598e-05,0.12254300364358137,0.098,0.1022,9
0.9032298732929132,0.998462125716509,0.02937286488578439,1.2119612510850598e-05,0.12254300364358137,0.0978,0.1022,10
0.9032298732929132,0.998462125716509,0.02937286488578439,1.2119612510850598e-05,0.12254300364358137,0.0978,0.1022,11
0.9032298732929132,0.998462125716509,0.02937286488578439,1.2119612510850598e-05,0.12254300364358137,0.0978,0.1022,12
0.9032298732929132,0.998462125716509,0.02937286488578439,1.2119612510850598e-05,0.12254300364358137,0.0978,0.1022,13
0.9032298732929132,0.998462125716509,0.02937286488578439,1.2119612510850598e-05,0.12254300364358137,0.0978,0.1022,14
0.9032298732929132,0.998462125716509,0.02937286488578439,1.2119612510850598e-05,0.12254300364358137,0.0978,0.1022,15
0.9032298732929132,0.998462125716509,0.02937286488578439,1.2119612510850598e-05,0.12254300364358137,0.0978,0.1022,16
0.9032298732929132,0.998462125716509,0.02937286488578439,1.2119612510850598e-05,0.12254300364358137,0.0978,0.1022,17
0.9032298732929132,0.998462125716509,0.02937286488578439,1.2119612510850598e-05,0.12254300364358137,0.098,0.1022,18
0.9032298732929132,0.998462125716509,0.02937286488578439,1.2119612510850598e-05,0.12254300364358137,0.098,0.1022,19
0.9032298732929132,0.998462125716509,0.02937286488578439,1.2119612510850598e-05,0.12254300364358137,0.098,0.1022,20
0.9984248173265191,0.9956741933162925,0.19819646392274037,0.00034656829913827535,0.05008639721619974,0.0984,0.1016,1
0.9984248173265191,0.9956741933162925,0.19819646392274037,0.00034656829913827535,0.05008639721619974,0.3084,0.311,2
0.9984248173265191,0.9956741933162925,0.19819646392274037,0.00034656829913827535,0.05008639721619974,0.4386,0.4402,3
0.9984248173265191,0.9956741933162925,0.19819646392274037,0.00034656829913827535,0.05008639721619974,0.4492,0.4496,4
0.9984248173265191,0.9956741933162925,0.19819646392274037,0.00034656829913827535,0.05008639721619974,0.488,0.4896,5
0.9984248173265191,0.9956741933162925,0.19819646392274037,0.00034656829913827535,0.05008639721619974,0.6008,0.6054,6
0.9984248173265191,0.9956741933162925,0.19819646392274037,0.00034656829913827535,0.05008639721619974,0.601,0.5964,7
0.9984248173265191,0.9956741933162925,0.19819646392274037,0.00034656829913827535,0.05008639721619974,0.6212,0.6176,8
0.9984248173265191,0.9956741933162925,0.19819646392274037,0.00034656829913827535,0.05008639721619974,0.6358,0.6368,9
0.9984248173265191,0.9956741933162925,0.19819646392274037,0.00034656829913827535,0.05008639721619974,0.6406,0.6428,10
0.9984248173265191,0.9956741933162925,0.19819646392274037,0.00034656829913827535,0.05008639721619974,0.6524,0.6518,11
0.9984248173265191,0.9956741933162925,0.19819646392274037,0.00034656829913827535,0.05008639721619974,0.6728,0.6772,12
0.9984248173265191,0.9956741933162925,0.19819646392274037,0.00034656829913827535,0.05008639721619974,0.6808,0.6838,13
0.9984248173265191,0.9956741933162925,0.19819646392274037,0.00034656829913827535,0.05008639721619974,0.6786,0.6884,14
0.9984248173265191,0.9956741933162925,0.19819646392274037,0.00034656829913827535,0.05008639721619974,0.6892,0.6948,15
0.9984248173265191,0.9956741933162925,0.19819646392274037,0.00034656829913827535,0.05008639721619974,0.6848,0.6868,16
0.9984248173265191,0.9956741933162925,0.19819646392274037,0.00034656829913827535,0.05008639721619974,0.697,0.7054,17
0.9984248173265191,0.9956741933162925,0.19819646392274037,0.00034656829913827535,0.05008639721619974,0.6976,0.6994,18
0.9984248173265191,0.9956741933162925,0.19819646392274037,0.00034656829913827535,0.05008639721619974,0.7048,0.7084,19
0.9984248173265191,0.9956741933162925,0.19819646392274037,0.00034656829913827535,0.05008639721619974,0.705,0.7098,20
0.9987094022932522,0.9927319570258908,0.10075774399625323,0.0003142266063408195,0.12740445096289849,0.1032,0.0968,1
0.9987094022932522,0.9927319570258908,0.10075774399625323,0.0003142266063408195,0.12740445096289849,0.1032,0.0968,2
0.9987094022932522,0.9927319570258908,0.10075774399625323,0.0003142266063408195,0.12740445096289849,0.1032,0.0968,3
0.9987094022932522,0.9927319570258908,0.10075774399625323,0.0003142266063408195,0.12740445096289849,0.1712,0.1596,4
0.9987094022932522,0.9927319570258908,0.10075774399625323,0.0003142266063408195,0.12740445096289849,0.2078,0.211,5
0.9987094022932522,0.9927319570258908,0.10075774399625323,0.0003142266063408195,0.12740445096289849,0.1978,0.2,6
0.9987094022932522,0.9927319570258908,0.10075774399625323,0.0003142266063408195,0.12740445096289849,0.21,0.21,7
0.9987094022932522,0.9927319570258908,0.10075774399625323,0.0003142266063408195,0.12740445096289849,0.3182,0.3182,8
0.9987094022932522,0.9927319570258908,0.10075774399625323,0.0003142266063408195,0.12740445096289849,0.4112,0.4046,9
0.9987094022932522,0.9927319570258908,0.10075774399625323,0.0003142266063408195,0.12740445096289849,0.5158,0.4926,10
0.9987094022932522,0.9927319570258908,0.10075774399625323,0.0003142266063408195,0.12740445096289849,0.5174,0.503,11
0.9987094022932522,0.9927319570258908,0.10075774399625323,0.0003142266063408195,0.12740445096289849,0.5684,0.5618,12
0.9987094022932522,0.9927319570258908,0.10075774399625323,0.0003142266063408195,0.12740445096289849,0.5688,0.5662,13
0.9987094022932522,0.9927319570258908,0.10075774399625323,0.0003142266063408195,0.12740445096289849,0.5762,0.5696,14
0.9987094022932522,0.9927319570258908,0.10075774399625323,0.0003142266063408195,0.12740445096289849,0.5796,0.5694,15
0.9987094022932522,0.9927319570258908,0.10075774399625323,0.0003142266063408195,0.12740445096289849,0.5878,0.578,16
0.9987094022932522,0.9927319570258908,0.10075774399625323,0.0003142266063408195,0.12740445096289849,0.6058,0.5798,17
0.9987094022932522,0.9927319570258908,0.10075774399625323,0.0003142266063408195,0.12740445096289849,0.6136,0.588,18
0.9987094022932522,0.9927319570258908,0.10075774399625323,0.0003142266063408195,0.12740445096289849,0.62,0.5972,19
0.9987094022932522,0.9927319570258908,0.10075774399625323,0.0003142266063408195,0.12740445096289849,0.6274,0.6056,20
0.9417126474104944,0.9999508478548842,0.8658504822339951,0.12659431087757045,0.0001259879842833793,0.097,0.103,1
0.9417126474104944,0.9999508478548842,0.8658504822339951,0.12659431087757045,0.0001259879842833793,0.1048,0.0952,2
0.9417126474104944,0.9999508478548842,0.8658504822339951,0.12659431087757045,0.0001259879842833793,0.0996,0.1004,3
0.9417126474104944,0.9999508478548842,0.8658504822339951,0.12659431087757045,0.0001259879842833793,0.0996,0.1004,4
0.9417126474104944,0.9999508478548842,0.8658504822339951,0.12659431087757045,0.0001259879842833793,0.0996,0.1004,5
0.9417126474104944,0.9999508478548842,0.8658504822339951,0.12659431087757045,0.0001259879842833793,0.0986,0.1014,6
0.9417126474104944,0.9999508478548842,0.8658504822339951,0.12659431087757045,0.0001259879842833793,0.1068,0.0932,7
0.9417126474104944,0.9999508478548842,0.8658504822339951,0.12659431087757045,0.0001259879842833793,0.1068,0.0932,8
0.9417126474104944,0.9999508478548842,0.8658504822339951,0.12659431087757045,0.0001259879842833793,0.0964,0.1036,9
0.9417126474104944,0.9999508478548842,0.8658504822339951,0.12659431087757045,0.0001259879842833793,0.0996,0.1004,10
0.9417126474104944,0.9999508478548842,0.8658504822339951,0.12659431087757045,0.0001259879842833793,0.0986,0.1014,11
0.9417126474104944,0.9999508478548842,0.8658504822339951,0.12659431087757045,0.0001259879842833793,0.097,0.103,12
0.9417126474104944,0.9999508478548842,0.8658504822339951,0.12659431087757045,0.0001259879842833793,0.1048,0.0952,13
0.9417126474104944,0.9999508478548842,0.8658504822339951,0.12659431087757045,0.0001259879842833793,0.1042,0.0958,14
0.9417126474104944,0.9999508478548842,0.8658504822339951,0.12659431087757045,0.0001259879842833793,0.1048,0.0952,15
0.9417126474104944,0.9999508478548842,0.8658504822339951,0.12659431087757045,0.0001259879842833793,0.1002,0.0998,16
0.9417126474104944,0.9999508478548842,0.8658504822339951,0.12659431087757045,0.0001259879842833793,0.0964,0.1036,17
0.9417126474104944,0.9999508478548842,0.8658504822339951,0.12659431087757045,0.0001259879842833793,0.0996,0.1004,18
0.9417126474104944,0.9999508478548842,0.8658504822339951,0.12659431087757045,0.0001259879842833793,0.0996,0.1004,19
0.9417126474104944,0.9999508478548842,0.8658504822339951,0.12659431087757045,0.0001259879842833793,0.1068,0.0932,20
0.9998986666659038,0.9940369732812604,0.05278324005396684,1.134525593546466e-05,0.1304941959288009,0.1034,0.0966,1
0.9998986666659038,0.9940369732812604,0.05278324005396684,1.134525593546466e-05,0.1304941959288009,0.1034,0.0966,2
0.9998986666659038,0.9940369732812604,0.05278324005396684,1.134525593546466e-05,0.1304941959288009,0.1034,0.0966,3
0.9998986666659038,0.9940369732812604,0.05278324005396684,1.134525593546466e-05,0.1304941959288009,0.1034,0.0966,4
0.9998986666659038,0.9940369732812604,0.05278324005396684,1.134525593546466e-05,0.1304941959288009,0.1034,0.0966,5
0.9998986666659038,0.9940369732812604,0.05278324005396684,1.134525593546466e-05,0.1304941959288009,0.1034,0.0966,6
0.9998986666659038,0.9940369732812604,0.05278324005396684,1.134525593546466e-05,0.1304941959288009,0.1034,0.0966,7
0.9998986666659038,0.9940369732812604,0.05278324005396684,1.134525593546466e-05,0.1304941959288009,0.1034,0.0966,8
0.9998986666659038,0.9940369732812604,0.05278324005396684,1.134525593546466e-05,0.1304941959288009,0.1034,0.0966,9
0.9998986666659038,0.9940369732812604,0.05278324005396684,1.134525593546466e-05,0.1304941959288009,0.1034,0.0966,10
0.9998986666659038,0.9940369732812604,0.05278324005396684,1.134525593546466e-05,0.1304941959288009,0.1034,0.0966,11
0.9998986666659038,0.9940369732812604,0.05278324005396684,1.134525593546466e-05,0.1304941959288009,0.1034,0.0966,12
0.9998986666659038,0.9940369732812604,0.05278324005396684,1.134525593546466e-05,0.1304941959288009,0.1034,0.0966,13
0.9998986666659038,0.9940369732812604,0.05278324005396684,1.134525593546466e-05,0.1304941959288009,0.1034,0.0966,14
0.9998986666659038,0.9940369732812604,0.05278324005396684,1.134525593546466e-05,0.1304941959288009,0.1036,0.0966,15
0.9998986666659038,0.9940369732812604,0.05278324005396684,1.134525593546466e-05,0.1304941959288009,0.1036,0.0968,16
0.9998986666659038,0.9940369732812604,0.05278324005396684,1.134525593546466e-05,0.1304941959288009,0.1038,0.097,17
0.9998986666659038,0.9940369732812604,0.05278324005396684,1.134525593546466e-05,0.1304941959288009,0.1038,0.0972,18
0.9998986666659038,0.9940369732812604,0.05278324005396684,1.134525593546466e-05,0.1304941959288009,0.1042,0.0982,19
0.9998986666659038,0.9940369732812604,0.05278324005396684,1.134525593546466e-05,0.1304941959288009,0.1046,0.0988,20
0.9357966676630122,0.9957323651150936,0.04667495675530309,2.2844151246367786e-05,2.090062019684532e-05,0.149,0.1374,1
0.9357966676630122,0.9957323651150936,0.04667495675530309,2.2844151246367786e-05,2.090062019684532e-05,0.1752,0.1642,2
0.9357966676630122,0.9957323651150936,0.04667495675530309,2.2844151246367786e-05,2.090062019684532e-05,0.263,0.2474,3
0.9357966676630122,0.9957323651150936,0.04667495675530309,2.2844151246367786e-05,2.090062019684532e-05,0.4214,0.408,4
0.9357966676630122,0.9957323651150936,0.04667495675530309,2.2844151246367786e-05,2.090062019684532e-05,0.4984,0.4892,5
0.9357966676630122,0.9957323651150936,0.04667495675530309,2.2844151246367786e-05,2.090062019684532e-05,0.5272,0.5258,6
0.9357966676630122,0.9957323651150936,0.04667495675530309,2.2844151246367786e-05,2.090062019684532e-05,0.5516,0.5522,7
0.9357966676630122,0.9957323651150936,0.04667495675530309,2.2844151246367786e-05,2.090062019684532e-05,0.5828,0.5878,8
0.9357966676630122,0.9957323651150936,0.04667495675530309,2.2844151246367786e-05,2.090062019684532e-05,0.5916,0.5964,9
0.9357966676630122,0.9957323651150936,0.04667495675530309,2.2844151246367786e-05,2.090062019684532e-05,0.606,0.6114,10
0.9357966676630122,0.9957323651150936,0.04667495675530309,2.2844151246367786e-05,2.090062019684532e-05,0.5998,0.6072,11
0.9357966676630122,0.9957323651150936,0.04667495675530309,2.2844151246367786e-05,2.090062019684532e-05,0.608,0.6162,12
0.9357966676630122,0.9957323651150936,0.04667495675530309,2.2844151246367786e-05,2.090062019684532e-05,0.6098,0.6202,13
0.9357966676630122,0.9957323651150936,0.04667495675530309,2.2844151246367786e-05,2.090062019684532e-05,0.6268,0.6326,14
0.9357966676630122,0.9957323651150936,0.04667495675530309,2.2844151246367786e-05,2.090062019684532e-05,0.6466,0.6472,15
0.9357966676630122,0.9957323651150936,0.04667495675530309,2.2844151246367786e-05,2.090062019684532e-05,0.6524,0.6542,16
0.9357966676630122,0.9957323651150936,0.04667495675530309,2.2844151246367786e-05,2.090062019684532e-05,0.6694,0.6702,17
0.9357966676630122,0.9957323651150936,0.04667495675530309,2.2844151246367786e-05,2.090062019684532e-05,0.6738,0.678,18
0.9357966676630122,0.9957323651150936,0.04667495675530309,2.2844151246367786e-05,2.090062019684532e-05,0.684,0.687,19
0.9357966676630122,0.9957323651150936,0.04667495675530309,2.2844151246367786e-05,2.090062019684532e-05,0.6932,0.6954,20
0.9517997398915204,0.9937671456757493,0.00472774946318711,1.0264614919298962e-05,2.28806389568423e-05,0.0984,0.0986,1
0.9517997398915204,0.9937671456757493,0.00472774946318711,1.0264614919298962e-05,2.28806389568423e-05,0.099,0.0996,2
0.9517997398915204,0.9937671456757493,0.00472774946318711,1.0264614919298962e-05,2.28806389568423e-05,0.102,0.1008,3
0.9517997398915204,0.9937671456757493,0.00472774946318711,1.0264614919298962e-05,2.28806389568423e-05,0.1358,0.1378,4
0.9517997398915204,0.9937671456757493,0.00472774946318711,1.0264614919298962e-05,2.28806389568423e-05,0.1664,0.1736,5
0.9517997398915204,0.9937671456757493,0.00472774946318711,1.0264614919298962e-05,2.28806389568423e-05,0.1998,0.205,6
0.9517997398915204,0.9937671456757493,0.00472774946318711,1.0264614919298962e-05,2.28806389568423e-05,0.2672,0.2712,7
0.9517997398915204,0.9937671456757493,0.00472774946318711,1.0264614919298962e-05,2.28806389568423e-05,0.3176,0.3196,8
0.9517997398915204,0.9937671456757493,0.00472774946318711,1.0264614919298962e-05,2.28806389568423e-05,0.3704,0.3684,9
0.9517997398915204,0.9937671456757493,0.00472774946318711,1.0264614919298962e-05,2.28806389568423e-05,0.4058,0.401,10
0.9517997398915204,0.9937671456757493,0.00472774946318711,1.0264614919298962e-05,2.28806389568423e-05,0.4266,0.413,11
0.9517997398915204,0.9937671456757493,0.00472774946318711,1.0264614919298962e-05,2.28806389568423e-05,0.436,0.4254,12
0.9517997398915204,0.9937671456757493,0.00472774946318711,1.0264614919298962e-05,2.28806389568423e-05,0.4342,0.4182,13
0.9517997398915204,0.9937671456757493,0.00472774946318711,1.0264614919298962e-05,2.28806389568423e-05,0.4318,0.4216,14
0.9517997398915204,0.9937671456757493,0.00472774946318711,1.0264614919298962e-05,2.28806389568423e-05,0.4376,0.427,15
0.9517997398915204,0.9937671456757493,0.00472774946318711,1.0264614919298962e-05,2.28806389568423e-05,0.4404,0.4264,16
0.9517997398915204,0.9937671456757493,0.00472774946318711,1.0264614919298962e-05,2.28806389568423e-05,0.4488,0.4332,17
0.9517997398915204,0.9937671456757493,0.00472774946318711,1.0264614919298962e-05,2.28806389568423e-05,0.457,0.4436,18
0.9517997398915204,0.9937671456757493,0.00472774946318711,1.0264614919298962e-05,2.28806389568423e-05,0.4664,0.4574,19
0.9517997398915204,0.9937671456757493,0.00472774946318711,1.0264614919298962e-05,2.28806389568423e-05,0.4942,0.481,20
0.924957193088188,0.9999648725659983,0.7926255396974854,0.010798016513514763,1.4699118278014545e-05,0.7522,0.7528,1
0.924957193088188,0.9999648725659983,0.7926255396974854,0.010798016513514763,1.4699118278014545e-05,0.7534,0.7616,2
0.924957193088188,0.9999648725659983,0.7926255396974854,0.010798016513514763,1.4699118278014545e-05,0.7948,0.8014,3
0.924957193088188,0.9999648725659983,0.7926255396974854,0.010798016513514763,1.4699118278014545e-05,0.7946,0.7966,4
0.924957193088188,0.9999648725659983,0.7926255396974854,0.010798016513514763,1.4699118278014545e-05,0.8136,0.8164,5
0.924957193088188,0.9999648725659983,0.7926255396974854,0.010798016513514763,1.4699118278014545e-05,0.8256,0.8284,6
0.924957193088188,0.9999648725659983,0.7926255396974854,0.010798016513514763,1.4699118278014545e-05,0.8264,0.8246,7
0.924957193088188,0.9999648725659983,0.7926255396974854,0.010798016513514763,1.4699118278014545e-05,0.8254,0.8266,8
0.924957193088188,0.9999648725659983,0.7926255396974854,0.010798016513514763,1.4699118278014545e-05,0.831,0.8362,9
0.924957193088188,0.9999648725659983,0.7926255396974854,0.010798016513514763,1.4699118278014545e-05,0.837,0.8444,10
0.924957193088188,0.9999648725659983,0.7926255396974854,0.010798016513514763,1.4699118278014545e-05,0.8366,0.8352,11
0.924957193088188,0.9999648725659983,0.7926255396974854,0.010798016513514763,1.4699118278014545e-05,0.8272,0.8254,12
0.924957193088188,0.9999648725659983,0.7926255396974854,0.010798016513514763,1.4699118278014545e-05,0.8442,0.8442,13
0.924957193088188,0.9999648725659983,0.7926255396974854,0.010798016513514763,1.4699118278014545e-05,0.8386,0.8412,14
0.924957193088188,0.9999648725659983,0.7926255396974854,0.010798016513514763,1.4699118278014545e-05,0.838,0.8442,15
0.924957193088188,0.9999648725659983,0.7926255396974854,0.010798016513514763,1.4699118278014545e-05,0.8474,0.8534,16
0.924957193088188,0.9999648725659983,0.7926255396974854,0.010798016513514763,1.4699118278014545e-05,0.8442,0.8442,17
0.924957193088188,0.9999648725659983,0.7926255396974854,0.010798016513514763,1.4699118278014545e-05,0.8398,0.8456,18
0.924957193088188,0.9999648725659983,0.7926255396974854,0.010798016513514763,1.4699118278014545e-05,0.8432,0.8474,19
0.924957193088188,0.9999648725659983,0.7926255396974854,0.010798016513514763,1.4699118278014545e-05,0.8422,0.8452,20
0.9994500918575677,0.9999857545057197,0.9881353262205648,0.07342003218182665,0.029560036231253983,0.0938,0.0938,1
0.9994500918575677,0.9999857545057197,0.9881353262205648,0.07342003218182665,0.029560036231253983,0.1066,0.0934,2
0.9994500918575677,0.9999857545057197,0.9881353262205648,0.07342003218182665,0.029560036231253983,0.0966,0.0936,3
0.9994500918575677,0.9999857545057197,0.9881353262205648,0.07342003218182665,0.029560036231253983,0.0262,0.0302,4
0.9994500918575677,0.9999857545057197,0.9881353262205648,0.07342003218182665,0.029560036231253983,0.1044,0.0956,5
0.9994500918575677,0.9999857545057197,0.9881353262205648,0.07342003218182665,0.029560036231253983,0.0984,0.1014,6
0.9994500918575677,0.9999857545057197,0.9881353262205648,0.07342003218182665,0.029560036231253983,0.1008,0.0992,7
0.9994500918575677,0.9999857545057197,0.9881353262205648,0.07342003218182665,0.029560036231253983,0.0956,0.0976,8
0.9994500918575677,0.9999857545057197,0.9881353262205648,0.07342003218182665,0.029560036231253983,0.1122,0.1142,9
0.9994500918575677,0.9999857545057197,0.9881353262205648,0.07342003218182665,0.029560036231253983,0.1076,0.1098,10
0.9994500918575677,0.9999857545057197,0.9881353262205648,0.07342003218182665,0.029560036231253983,0.0986,0.1028,11
0.9994500918575677,0.9999857545057197,0.9881353262205648,0.07342003218182665,0.029560036231253983,0.1024,0.0946,12
0.9994500918575677,0.9999857545057197,0.9881353262205648,0.07342003218182665,0.029560036231253983,0.0994,0.101,13
0.9994500918575677,0.9999857545057197,0.9881353262205648,0.07342003218182665,0.029560036231253983,0.1058,0.1102,14
0.9994500918575677,0.9999857545057197,0.9881353262205648,0.07342003218182665,0.029560036231253983,0.0988,0.0908,15
0.9994500918575677,0.9999857545057197,0.9881353262205648,0.07342003218182665,0.029560036231253983,0.0986,0.1018,16
0.9994500918575677,0.9999857545057197,0.9881353262205648,0.07342003218182665,0.029560036231253983,0.1044,0.1078,17
0.9994500918575677,0.9999857545057197,0.9881353262205648,0.07342003218182665,0.029560036231253983,0.1014,0.0994,18
0.9994500918575677,0.9999857545057197,0.9881353262205648,0.07342003218182665,0.029560036231253983,0.147,0.1388,19
0.9994500918575677,0.9999857545057197,0.9881353262205648,0.07342003218182665,0.029560036231253983,0.0996,0.1066,20
0.9998017955724914,0.9999618710459803,0.5964198212332543,0.04354776177442851,0.05021588203540865,0.678,0.6608,1
0.9998017955724914,0.9999618710459803,0.5964198212332543,0.04354776177442851,0.05021588203540865,0.672,0.6586,2
0.9998017955724914,0.9999618710459803,0.5964198212332543,0.04354776177442851,0.05021588203540865,0.7114,0.6944,3
0.9998017955724914,0.9999618710459803,0.5964198212332543,0.04354776177442851,0.05021588203540865,0.7106,0.7056,4
0.9998017955724914,0.9999618710459803,0.5964198212332543,0.04354776177442851,0.05021588203540865,0.7124,0.6974,5
0.9998017955724914,0.9999618710459803,0.5964198212332543,0.04354776177442851,0.05021588203540865,0.6968,0.6842,6
0.9998017955724914,0.9999618710459803,0.5964198212332543,0.04354776177442851,0.05021588203540865,0.7122,0.6966,7
0.9998017955724914,0.9999618710459803,0.5964198212332543,0.04354776177442851,0.05021588203540865,0.7138,0.6926,8
0.9998017955724914,0.9999618710459803,0.5964198212332543,0.04354776177442851,0.05021588203540865,0.7184,0.7062,9
0.9998017955724914,0.9999618710459803,0.5964198212332543,0.04354776177442851,0.05021588203540865,0.7162,0.7024,10
0.9998017955724914,0.9999618710459803,0.5964198212332543,0.04354776177442851,0.05021588203540865,0.7186,0.7006,11
0.9998017955724914,0.9999618710459803,0.5964198212332543,0.04354776177442851,0.05021588203540865,0.7192,0.7034,12
0.9998017955724914,0.9999618710459803,0.5964198212332543,0.04354776177442851,0.05021588203540865,0.7156,0.7004,13
0.9998017955724914,0.9999618710459803,0.5964198212332543,0.04354776177442851,0.05021588203540865,0.7128,0.6998,14
0.9998017955724914,0.9999618710459803,0.5964198212332543,0.04354776177442851,0.05021588203540865,0.7232,0.7058,15
0.9998017955724914,0.9999618710459803,0.5964198212332543,0.04354776177442851,0.05021588203540865,0.7298,0.716,16
0.9998017955724914,0.9999618710459803,0.5964198212332543,0.04354776177442851,0.05021588203540865,0.72,0.7026,17
0.9998017955724914,0.9999618710459803,0.5964198212332543,0.04354776177442851,0.05021588203540865,0.7136,0.6968,18
0.9998017955724914,0.9999618710459803,0.5964198212332543,0.04354776177442851,0.05021588203540865,0.7232,0.7104,19
0.9998017955724914,0.9999618710459803,0.5964198212332543,0.04354776177442851,0.05021588203540865,0.7056,0.6936,20
0.9998872247542889,0.9999800079628293,0.6276725934554535,0.09952161418547147,0.12301557678678184,0.5072,0.5002,1
0.9998872247542889,0.9999800079628293,0.6276725934554535,0.09952161418547147,0.12301557678678184,0.546,0.533,2
0.9998872247542889,0.9999800079628293,0.6276725934554535,0.09952161418547147,0.12301557678678184,0.6104,0.6036,3
0.9998872247542889,0.9999800079628293,0.6276725934554535,0.09952161418547147,0.12301557678678184,0.643,0.636,4
0.9998872247542889,0.9999800079628293,0.6276725934554535,0.09952161418547147,0.12301557678678184,0.6212,0.6118,5
0.9998872247542889,0.9999800079628293,0.6276725934554535,0.09952161418547147,0.12301557678678184,0.6064,0.597,6
0.9998872247542889,0.9999800079628293,0.6276725934554535,0.09952161418547147,0.12301557678678184,0.5994,0.5894,7
0.9998872247542889,0.9999800079628293,0.6276725934554535,0.09952161418547147,0.12301557678678184,0.6408,0.629,8
0.9998872247542889,0.9999800079628293,0.6276725934554535,0.09952161418547147,0.12301557678678184,0.6318,0.6272,9
0.9998872247542889,0.9999800079628293,0.6276725934554535,0.09952161418547147,0.12301557678678184,0.655,0.6424,10
0.9998872247542889,0.9999800079628293,0.6276725934554535,0.09952161418547147,0.12301557678678184,0.6246,0.6118,11
0.9998872247542889,0.9999800079628293,0.6276725934554535,0.09952161418547147,0.12301557678678184,0.6326,0.6308,12
0.9998872247542889,0.9999800079628293,0.6276725934554535,0.09952161418547147,0.12301557678678184,0.6322,0.6166,13
0.9998872247542889,0.9999800079628293,0.6276725934554535,0.09952161418547147,0.12301557678678184,0.6434,0.6336,14
0.9998872247542889,0.9999800079628293,0.6276725934554535,0.09952161418547147,0.12301557678678184,0.604,0.597,15
0.9998872247542889,0.9999800079628293,0.6276725934554535,0.09952161418547147,0.12301557678678184,0.6664,0.6558,16
0.9998872247542889,0.9999800079628293,0.6276725934554535,0.09952161418547147,0.12301557678678184,0.6372,0.6244,17
0.9998872247542889,0.9999800079628293,0.6276725934554535,0.09952161418547147,0.12301557678678184,0.653,0.65,18
0.9998872247542889,0.9999800079628293,0.6276725934554535,0.09952161418547147,0.12301557678678184,0.6526,0.6382,19
0.9998872247542889,0.9999800079628293,0.6276725934554535,0.09952161418547147,0.12301557678678184,0.655,0.6496,20
0.9783867442112344,0.9965929575690202,0.03238786053996967,0.0001028140204351947,0.0001030832757825463,0.2226,0.2238,1
0.9783867442112344,0.9965929575690202,0.03238786053996967,0.0001028140204351947,0.0001030832757825463,0.3822,0.3808,2
0.9783867442112344,0.9965929575690202,0.03238786053996967,0.0001028140204351947,0.0001030832757825463,0.4468,0.4442,3
0.9783867442112344,0.9965929575690202,0.03238786053996967,0.0001028140204351947,0.0001030832757825463,0.5606,0.5712,4
0.9783867442112344,0.9965929575690202,0.03238786053996967,0.0001028140204351947,0.0001030832757825463,0.6428,0.6616,5
0.9783867442112344,0.9965929575690202,0.03238786053996967,0.0001028140204351947,0.0001030832757825463,0.6738,0.6926,6
0.9783867442112344,0.9965929575690202,0.03238786053996967,0.0001028140204351947,0.0001030832757825463,0.684,0.705,7
0.9783867442112344,0.9965929575690202,0.03238786053996967,0.0001028140204351947,0.0001030832757825463,0.6958,0.7106,8
0.9783867442112344,0.9965929575690202,0.03238786053996967,0.0001028140204351947,0.0001030832757825463,0.7056,0.7222,9
0.9783867442112344,0.9965929575690202,0.03238786053996967,0.0001028140204351947,0.0001030832757825463,0.7084,0.7242,10
0.9783867442112344,0.9965929575690202,0.03238786053996967,0.0001028140204351947,0.0001030832757825463,0.7176,0.7342,11
0.9783867442112344,0.9965929575690202,0.03238786053996967,0.0001028140204351947,0.0001030832757825463,0.7228,0.7362,12
0.9783867442112344,0.9965929575690202,0.03238786053996967,0.0001028140204351947,0.0001030832757825463,0.7264,0.7398,13
0.9783867442112344,0.9965929575690202,0.03238786053996967,0.0001028140204351947,0.0001030832757825463,0.7322,0.7414,14
0.9783867442112344,0.9965929575690202,0.03238786053996967,0.0001028140204351947,0.0001030832757825463,0.7308,0.7446,15
0.9783867442112344,0.9965929575690202,0.03238786053996967,0.0001028140204351947,0.0001030832757825463,0.7362,0.7448,16
0.9783867442112344,0.9965929575690202,0.03238786053996967,0.0001028140204351947,0.0001030832757825463,0.737,0.7478,17
0.9783867442112344,0.9965929575690202,0.03238786053996967,0.0001028140204351947,0.0001030832757825463,0.7398,0.755,18
0.9783867442112344,0.9965929575690202,0.03238786053996967,0.0001028140204351947,0.0001030832757825463,0.743,0.7572,19
0.9783867442112344,0.9965929575690202,0.03238786053996967,0.0001028140204351947,0.0001030832757825463,0.7448,0.7578,20
0.9262890302983802,0.9915650103248822,0.04344924964047464,1.047210665519191e-05,1.1160663668146768e-05,0.0896,0.0796,1
0.9262890302983802,0.9915650103248822,0.04344924964047464,1.047210665519191e-05,1.1160663668146768e-05,0.156,0.1436,2
0.9262890302983802,0.9915650103248822,0.04344924964047464,1.047210665519191e-05,1.1160663668146768e-05,0.192,0.1916,3
0.9262890302983802,0.9915650103248822,0.04344924964047464,1.047210665519191e-05,1.1160663668146768e-05,0.2324,0.2322,4
0.9262890302983802,0.9915650103248822,0.04344924964047464,1.047210665519191e-05,1.1160663668146768e-05,0.2824,0.2846,5
0.9262890302983802,0.9915650103248822,0.04344924964047464,1.047210665519191e-05,1.1160663668146768e-05,0.3594,0.3648,6
0.9262890302983802,0.9915650103248822,0.04344924964047464,1.047210665519191e-05,1.1160663668146768e-05,0.4214,0.4284,7
0.9262890302983802,0.9915650103248822,0.04344924964047464,1.047210665519191e-05,1.1160663668146768e-05,0.4596,0.4698,8
0.9262890302983802,0.9915650103248822,0.04344924964047464,1.047210665519191e-05,1.1160663668146768e-05,0.4866,0.4954,9
0.9262890302983802,0.9915650103248822,0.04344924964047464,1.047210665519191e-05,1.1160663668146768e-05,0.4986,0.5098,10
0.9262890302983802,0.9915650103248822,0.04344924964047464,1.047210665519191e-05,1.1160663668146768e-05,0.5034,0.5154,11
0.9262890302983802,0.9915650103248822,0.04344924964047464,1.047210665519191e-05,1.1160663668146768e-05,0.5064,0.5186,12
0.9262890302983802,0.9915650103248822,0.04344924964047464,1.047210665519191e-05,1.1160663668146768e-05,0.502,0.5158,13
0.9262890302983802,0.9915650103248822,0.04344924964047464,1.047210665519191e-05,1.1160663668146768e-05,0.4988,0.5122,14
0.9262890302983802,0.9915650103248822,0.04344924964047464,1.047210665519191e-05,1.1160663668146768e-05,0.4992,0.5114,15
0.9262890302983802,0.9915650103248822,0.04344924964047464,1.047210665519191e-05,1.1160663668146768e-05,0.4978,0.5124,16
0.9262890302983802,0.9915650103248822,0.04344924964047464,1.047210665519191e-05,1.1160663668146768e-05,0.5026,0.5152,17
0.9262890302983802,0.9915650103248822,0.04344924964047464,1.047210665519191e-05,1.1160663668146768e-05,0.5072,0.52,18
0.9262890302983802,0.9915650103248822,0.04344924964047464,1.047210665519191e-05,1.1160663668146768e-05,0.513,0.5276,19
0.9262890302983802,0.9915650103248822,0.04344924964047464,1.047210665519191e-05,1.1160663668146768e-05,0.5148,0.5282,20
0.9513230490163177,0.9999898488578787,0.2038031798732085,0.0011949879294530605,0.0006146119598689712,0.694,0.6944,1
0.9513230490163177,0.9999898488578787,0.2038031798732085,0.0011949879294530605,0.0006146119598689712,0.7396,0.7346,2
0.9513230490163177,0.9999898488578787,0.2038031798732085,0.0011949879294530605,0.0006146119598689712,0.7646,0.7606,3
0.9513230490163177,0.9999898488578787,0.2038031798732085,0.0011949879294530605,0.0006146119598689712,0.7746,0.7686,4
0.9513230490163177,0.9999898488578787,0.2038031798732085,0.0011949879294530605,0.0006146119598689712,0.787,0.7848,5
0.9513230490163177,0.9999898488578787,0.2038031798732085,0.0011949879294530605,0.0006146119598689712,0.7944,0.7926,6
0.9513230490163177,0.9999898488578787,0.2038031798732085,0.0011949879294530605,0.0006146119598689712,0.8066,0.7972,7
0.9513230490163177,0.9999898488578787,0.2038031798732085,0.0011949879294530605,0.0006146119598689712,0.8114,0.8052,8
0.9513230490163177,0.9999898488578787,0.2038031798732085,0.0011949879294530605,0.0006146119598689712,0.8146,0.8084,9
0.9513230490163177,0.9999898488578787,0.2038031798732085,0.0011949879294530605,0.0006146119598689712,0.8254,0.8166,10
0.9513230490163177,0.9999898488578787,0.2038031798732085,0.0011949879294530605,0.0006146119598689712,0.8292,0.8206,11
0.9513230490163177,0.9999898488578787,0.2038031798732085,0.0011949879294530605,0.0006146119598689712,0.8424,0.829,12
0.9513230490163177,0.9999898488578787,0.2038031798732085,0.0011949879294530605,0.0006146119598689712,0.841,0.8348,13
0.9513230490163177,0.9999898488578787,0.2038031798732085,0.0011949879294530605,0.0006146119598689712,0.8512,0.8418,14
0.9513230490163177,0.9999898488578787,0.2038031798732085,0.0011949879294530605,0.0006146119598689712,0.8534,0.8436,15
0.9513230490163177,0.9999898488578787,0.2038031798732085,0.0011949879294530605,0.0006146119598689712,0.8524,0.8464,16
0.9513230490163177,0.9999898488578787,0.2038031798732085,0.0011949879294530605,0.0006146119598689712,0.8528,0.846,17
0.9513230490163177,0.9999898488578787,0.2038031798732085,0.0011949879294530605,0.0006146119598689712,0.8634,0.8548,18
0.9513230490163177,0.9999898488578787,0.2038031798732085,0.0011949879294530605,0.0006146119598689712,0.8636,0.8546,19
0.9513230490163177,0.9999898488578787,0.2038031798732085,0.0011949879294530605,0.0006146119598689712,0.864,0.8554,20
0.9161372707000438,0.999985276039945,0.09842129737622585,0.0013403103587833604,0.00043482910570816566,0.714,0.7212,1
0.9161372707000438,0.999985276039945,0.09842129737622585,0.0013403103587833604,0.00043482910570816566,0.7464,0.747,2
0.9161372707000438,0.999985276039945,0.09842129737622585,0.0013403103587833604,0.00043482910570816566,0.7686,0.7654,3
0.9161372707000438,0.999985276039945,0.09842129737622585,0.0013403103587833604,0.00043482910570816566,0.781,0.7816,4
0.9161372707000438,0.999985276039945,0.09842129737622585,0.0013403103587833604,0.00043482910570816566,0.7898,0.7906,5
0.9161372707000438,0.999985276039945,0.09842129737622585,0.0013403103587833604,0.00043482910570816566,0.8022,0.7956,6
0.9161372707000438,0.999985276039945,0.09842129737622585,0.0013403103587833604,0.00043482910570816566,0.8122,0.814,7
0.9161372707000438,0.999985276039945,0.09842129737622585,0.0013403103587833604,0.00043482910570816566,0.8182,0.8106,8
0.9161372707000438,0.999985276039945,0.09842129737622585,0.0013403103587833604,0.00043482910570816566,0.8338,0.8308,9
0.9161372707000438,0.999985276039945,0.09842129737622585,0.0013403103587833604,0.00043482910570816566,0.8374,0.8324,10
0.9161372707000438,0.999985276039945,0.09842129737622585,0.0013403103587833604,0.00043482910570816566,0.8442,0.8396,11
0.9161372707000438,0.999985276039945,0.09842129737622585,0.0013403103587833604,0.00043482910570816566,0.8464,0.8452,12
0.9161372707000438,0.999985276039945,0.09842129737622585,0.0013403103587833604,0.00043482910570816566,0.8534,0.85,13
0.9161372707000438,0.999985276039945,0.09842129737622585,0.0013403103587833604,0.00043482910570816566,0.8514,0.8556,14
0.9161372707000438,0.999985276039945,0.09842129737622585,0.0013403103587833604,0.00043482910570816566,0.8584,0.854,15
0.9161372707000438,0.999985276039945,0.09842129737622585,0.0013403103587833604,0.00043482910570816566,0.8576,0.859,16
0.9161372707000438,0.999985276039945,0.09842129737622585,0.0013403103587833604,0.00043482910570816566,0.8598,0.8574,17
0.9161372707000438,0.999985276039945,0.09842129737622585,0.0013403103587833604,0.00043482910570816566,0.8612,0.8604,18
0.9161372707000438,0.999985276039945,0.09842129737622585,0.0013403103587833604,0.00043482910570816566,0.865,0.8622,19
0.9161372707000438,0.999985276039945,0.09842129737622585,0.0013403103587833604,0.00043482910570816566,0.8636,0.8582,20
0.9995246338479151,0.9999843728622131,0.8931768796760989,1.4980730794902824e-05,0.03175653595772618,0.1246,0.1226,1
0.9995246338479151,0.9999843728622131,0.8931768796760989,1.4980730794902824e-05,0.03175653595772618,0.1358,0.1354,2
0.9995246338479151,0.9999843728622131,0.8931768796760989,1.4980730794902824e-05,0.03175653595772618,0.1594,0.1486,3
0.9995246338479151,0.9999843728622131,0.8931768796760989,1.4980730794902824e-05,0.03175653595772618,0.177,0.1632,4
0.9995246338479151,0.9999843728622131,0.8931768796760989,1.4980730794902824e-05,0.03175653595772618,0.1892,0.178,5
0.9995246338479151,0.9999843728622131,0.8931768796760989,1.4980730794902824e-05,0.03175653595772618,0.196,0.1862,6
0.9995246338479151,0.9999843728622131,0.8931768796760989,1.4980730794902824e-05,0.03175653595772618,0.1992,0.1884,7
0.9995246338479151,0.9999843728622131,0.8931768796760989,1.4980730794902824e-05,0.03175653595772618,0.1982,0.188,8
0.9995246338479151,0.9999843728622131,0.8931768796760989,1.4980730794902824e-05,0.03175653595772618,0.1914,0.1846,9
0.9995246338479151,0.9999843728622131,0.8931768796760989,1.4980730794902824e-05,0.03175653595772618,0.1852,0.1784,10
0.9995246338479151,0.9999843728622131,0.8931768796760989,1.4980730794902824e-05,0.03175653595772618,0.1768,0.169,11
0.9995246338479151,0.9999843728622131,0.8931768796760989,1.4980730794902824e-05,0.03175653595772618,0.1674,0.1592,12
0.9995246338479151,0.9999843728622131,0.8931768796760989,1.4980730794902824e-05,0.03175653595772618,0.158,0.1482,13
0.9995246338479151,0.9999843728622131,0.8931768796760989,1.4980730794902824e-05,0.03175653595772618,0.148,0.137,14
0.9995246338479151,0.9999843728622131,0.8931768796760989,1.4980730794902824e-05,0.03175653595772618,0.1412,0.132,15
0.9995246338479151,0.9999843728622131,0.8931768796760989,1.4980730794902824e-05,0.03175653595772618,0.1358,0.128,16
0.9995246338479151,0.9999843728622131,0.8931768796760989,1.4980730794902824e-05,0.03175653595772618,0.1328,0.1264,17
0.9995246338479151,0.9999843728622131,0.8931768796760989,1.4980730794902824e-05,0.03175653595772618,0.1332,0.129,18
0.9995246338479151,0.9999843728622131,0.8931768796760989,1.4980730794902824e-05,0.03175653595772618,0.1396,0.138,19
0.9995246338479151,0.9999843728622131,0.8931768796760989,1.4980730794902824e-05,0.03175653595772618,0.1508,0.151,20
0.9355813431780104,0.9923848996394549,0.03359214451424436,0.11593294892420522,2.0931357879692488e-05,0.593,0.6128,1
0.9355813431780104,0.9923848996394549,0.03359214451424436,0.11593294892420522,2.0931357879692488e-05,0.5866,0.6046,2
0.9355813431780104,0.9923848996394549,0.03359214451424436,0.11593294892420522,2.0931357879692488e-05,0.6634,0.6884,3
0.9355813431780104,0.9923848996394549,0.03359214451424436,0.11593294892420522,2.0931357879692488e-05,0.6882,0.7136,4
0.9355813431780104,0.9923848996394549,0.03359214451424436,0.11593294892420522,2.0931357879692488e-05,0.6832,0.7048,5
0.9355813431780104,0.9923848996394549,0.03359214451424436,0.11593294892420522,2.0931357879692488e-05,0.687,0.7066,6
0.9355813431780104,0.9923848996394549,0.03359214451424436,0.11593294892420522,2.0931357879692488e-05,0.6828,0.7012,7
0.9355813431780104,0.9923848996394549,0.03359214451424436,0.11593294892420522,2.0931357879692488e-05,0.6918,0.7134,8
0.9355813431780104,0.9923848996394549,0.03359214451424436,0.11593294892420522,2.0931357879692488e-05,0.7024,0.724,9
0.9355813431780104,0.9923848996394549,0.03359214451424436,0.11593294892420522,2.0931357879692488e-05,0.6902,0.715,10
0.9355813431780104,0.9923848996394549,0.03359214451424436,0.11593294892420522,2.0931357879692488e-05,0.7036,0.7148,11
0.9355813431780104,0.9923848996394549,0.03359214451424436,0.11593294892420522,2.0931357879692488e-05,0.7022,0.7232,12
0.9355813431780104,0.9923848996394549,0.03359214451424436,0.11593294892420522,2.0931357879692488e-05,0.7218,0.7394,13
0.9355813431780104,0.9923848996394549,0.03359214451424436,0.11593294892420522,2.0931357879692488e-05,0.714,0.7382,14
0.9355813431780104,0.9923848996394549,0.03359214451424436,0.11593294892420522,2.0931357879692488e-05,0.7048,0.7276,15
0.9355813431780104,0.9923848996394549,0.03359214451424436,0.11593294892420522,2.0931357879692488e-05,0.7028,0.7268,16
0.9355813431780104,0.9923848996394549,0.03359214451424436,0.11593294892420522,2.0931357879692488e-05,0.7138,0.7396,17
0.9355813431780104,0.9923848996394549,0.03359214451424436,0.11593294892420522,2.0931357879692488e-05,0.7242,0.7394,18
0.9355813431780104,0.9923848996394549,0.03359214451424436,0.11593294892420522,2.0931357879692488e-05,0.7298,0.7446,19
0.9355813431780104,0.9923848996394549,0.03359214451424436,0.11593294892420522,2.0931357879692488e-05,0.7162,0.7384,20
0.9958286141825515,0.9970826767809504,0.5632400684168618,0.01844683713392393,0.0032847981689192117,0.7616,0.768,1
0.9958286141825515,0.9970826767809504,0.5632400684168618,0.01844683713392393,0.0032847981689192117,0.7864,0.7864,2
0.9958286141825515,0.9970826767809504,0.5632400684168618,0.01844683713392393,0.0032847981689192117,0.7998,0.807,3
0.9958286141825515,0.9970826767809504,0.5632400684168618,0.01844683713392393,0.0032847981689192117,0.8154,0.8188,4
0.9958286141825515,0.9970826767809504,0.5632400684168618,0.01844683713392393,0.0032847981689192117,0.8154,0.8264,5
0.9958286141825515,0.9970826767809504,0.5632400684168618,0.01844683713392393,0.0032847981689192117,0.824,0.837,6
0.9958286141825515,0.9970826767809504,0.5632400684168618,0.01844683713392393,0.0032847981689192117,0.834,0.8418,7
0.9958286141825515,0.9970826767809504,0.5632400684168618,0.01844683713392393,0.0032847981689192117,0.8326,0.8438,8
0.9958286141825515,0.9970826767809504,0.5632400684168618,0.01844683713392393,0.0032847981689192117,0.8418,0.8452,9
0.9958286141825515,0.9970826767809504,0.5632400684168618,0.01844683713392393,0.0032847981689192117,0.839,0.8466,10
0.9958286141825515,0.9970826767809504,0.5632400684168618,0.01844683713392393,0.0032847981689192117,0.85,0.8568,11
0.9958286141825515,0.9970826767809504,0.5632400684168618,0.01844683713392393,0.0032847981689192117,0.837,0.845,12
0.9958286141825515,0.9970826767809504,0.5632400684168618,0.01844683713392393,0.0032847981689192117,0.8486,0.8524,13
0.9958286141825515,0.9970826767809504,0.5632400684168618,0.01844683713392393,0.0032847981689192117,0.8414,0.8536,14
0.9958286141825515,0.9970826767809504,0.5632400684168618,0.01844683713392393,0.0032847981689192117,0.8482,0.8524,15
0.9958286141825515,0.9970826767809504,0.5632400684168618,0.01844683713392393,0.0032847981689192117,0.8476,0.8524,16
0.9958286141825515,0.9970826767809504,0.5632400684168618,0.01844683713392393,0.0032847981689192117,0.848,0.8522,17
0.9958286141825515,0.9970826767809504,0.5632400684168618,0.01844683713392393,0.0032847981689192117,0.842,0.853,18
0.9958286141825515,0.9970826767809504,0.5632400684168618,0.01844683713392393,0.0032847981689192117,0.851,0.8574,19
0.9958286141825515,0.9970826767809504,0.5632400684168618,0.01844683713392393,0.0032847981689192117,0.8508,0.8568,20
0.9952921190347614,0.9932420923448678,0.5506836445949276,0.025211770072104463,0.005433752269453774,0.7362,0.7504,1
0.9952921190347614,0.9932420923448678,0.5506836445949276,0.025211770072104463,0.005433752269453774,0.7722,0.7798,2
0.9952921190347614,0.9932420923448678,0.5506836445949276,0.025211770072104463,0.005433752269453774,0.796,0.8018,3
0.9952921190347614,0.9932420923448678,0.5506836445949276,0.025211770072104463,0.005433752269453774,0.7956,0.8014,4
0.9952921190347614,0.9932420923448678,0.5506836445949276,0.025211770072104463,0.005433752269453774,0.8048,0.8136,5
0.9952921190347614,0.9932420923448678,0.5506836445949276,0.025211770072104463,0.005433752269453774,0.804,0.8084,6
0.9952921190347614,0.9932420923448678,0.5506836445949276,0.025211770072104463,0.005433752269453774,0.804,0.8174,7
0.9952921190347614,0.9932420923448678,0.5506836445949276,0.025211770072104463,0.005433752269453774,0.8198,0.824,8
0.9952921190347614,0.9932420923448678,0.5506836445949276,0.025211770072104463,0.005433752269453774,0.8154,0.8252,9
0.9952921190347614,0.9932420923448678,0.5506836445949276,0.025211770072104463,0.005433752269453774,0.819,0.8242,10
0.9952921190347614,0.9932420923448678,0.5506836445949276,0.025211770072104463,0.005433752269453774,0.8252,0.8372,11
0.9952921190347614,0.9932420923448678,0.5506836445949276,0.025211770072104463,0.005433752269453774,0.8182,0.827,12
0.9952921190347614,0.9932420923448678,0.5506836445949276,0.025211770072104463,0.005433752269453774,0.825,0.8344,13
0.9952921190347614,0.9932420923448678,0.5506836445949276,0.025211770072104463,0.005433752269453774,0.8222,0.83,14
0.9952921190347614,0.9932420923448678,0.5506836445949276,0.025211770072104463,0.005433752269453774,0.8288,0.8366,15
0.9952921190347614,0.9932420923448678,0.5506836445949276,0.025211770072104463,0.005433752269453774,0.8278,0.8336,16
0.9952921190347614,0.9932420923448678,0.5506836445949276,0.025211770072104463,0.005433752269453774,0.8246,0.8334,17
0.9952921190347614,0.9932420923448678,0.5506836445949276,0.025211770072104463,0.005433752269453774,0.8302,0.839,18
0.9952921190347614,0.9932420923448678,0.5506836445949276,0.025211770072104463,0.005433752269453774,0.8284,0.8374,19
0.9952921190347614,0.9932420923448678,0.5506836445949276,0.025211770072104463,0.005433752269453774,0.8344,0.8366,20
0.9998726357808607,0.9999644904583999,0.977200916769404,2.2759571687656172e-05,4.6469108732802986e-05,0.1478,0.1532,1
0.9998726357808607,0.9999644904583999,0.977200916769404,2.2759571687656172e-05,4.6469108732802986e-05,0.1524,0.1598,2
0.9998726357808607,0.9999644904583999,0.977200916769404,2.2759571687656172e-05,4.6469108732802986e-05,0.1686,0.1808,3
0.9998726357808607,0.9999644904583999,0.977200916769404,2.2759571687656172e-05,4.6469108732802986e-05,0.1798,0.1906,4
0.9998726357808607,0.9999644904583999,0.977200916769404,2.2759571687656172e-05,4.6469108732802986e-05,0.183,0.196,5
0.9998726357808607,0.9999644904583999,0.977200916769404,2.2759571687656172e-05,4.6469108732802986e-05,0.1854,0.1992,6
0.9998726357808607,0.9999644904583999,0.977200916769404,2.2759571687656172e-05,4.6469108732802986e-05,0.1872,0.2002,7
0.9998726357808607,0.9999644904583999,0.977200916769404,2.2759571687656172e-05,4.6469108732802986e-05,0.187,0.2,8
0.9998726357808607,0.9999644904583999,0.977200916769404,2.2759571687656172e-05,4.6469108732802986e-05,0.1874,0.1998,9
0.9998726357808607,0.9999644904583999,0.977200916769404,2.2759571687656172e-05,4.6469108732802986e-05,0.1864,0.1994,10
0.9998726357808607,0.9999644904583999,0.977200916769404,2.2759571687656172e-05,4.6469108732802986e-05,0.1856,0.1976,11
0.9998726357808607,0.9999644904583999,0.977200916769404,2.2759571687656172e-05,4.6469108732802986e-05,0.1848,0.197,12
0.9998726357808607,0.9999644904583999,0.977200916769404,2.2759571687656172e-05,4.6469108732802986e-05,0.1842,0.1972,13
0.9998726357808607,0.9999644904583999,0.977200916769404,2.2759571687656172e-05,4.6469108732802986e-05,0.1858,0.1992,14
0.9998726357808607,0.9999644904583999,0.977200916769404,2.2759571687656172e-05,4.6469108732802986e-05,0.1916,0.2056,15
0.9998726357808607,0.9999644904583999,0.977200916769404,2.2759571687656172e-05,4.6469108732802986e-05,0.1988,0.2112,16
0.9998726357808607,0.9999644904583999,0.977200916769404,2.2759571687656172e-05,4.6469108732802986e-05,0.2052,0.2158,17
0.9998726357808607,0.9999644904583999,0.977200916769404,2.2759571687656172e-05,4.6469108732802986e-05,0.2106,0.2202,18
0.9998726357808607,0.9999644904583999,0.977200916769404,2.2759571687656172e-05,4.6469108732802986e-05,0.2138,0.2252,19
0.9998726357808607,0.9999644904583999,0.977200916769404,2.2759571687656172e-05,4.6469108732802986e-05,0.216,0.229,20
0.937194288263496,0.9903106711285024,0.021462745716767817,0.05303409047781463,0.085003568362173,0.516,0.5234,1
0.937194288263496,0.9903106711285024,0.021462745716767817,0.05303409047781463,0.085003568362173,0.5992,0.592,2
0.937194288263496,0.9903106711285024,0.021462745716767817,0.05303409047781463,0.085003568362173,0.6632,0.6476,3
0.937194288263496,0.9903106711285024,0.021462745716767817,0.05303409047781463,0.085003568362173,0.642,0.6364,4
0.937194288263496,0.9903106711285024,0.021462745716767817,0.05303409047781463,0.085003568362173,0.6866,0.6654,5
0.937194288263496,0.9903106711285024,0.021462745716767817,0.05303409047781463,0.085003568362173,0.6018,0.6026,6
0.937194288263496,0.9903106711285024,0.021462745716767817,0.05303409047781463,0.085003568362173,0.6632,0.6542,7
0.937194288263496,0.9903106711285024,0.021462745716767817,0.05303409047781463,0.085003568362173,0.6672,0.6618,8
0.937194288263496,0.9903106711285024,0.021462745716767817,0.05303409047781463,0.085003568362173,0.6686,0.6544,9
0.937194288263496,0.9903106711285024,0.021462745716767817,0.05303409047781463,0.085003568362173,0.661,0.6538,10
0.937194288263496,0.9903106711285024,0.021462745716767817,0.05303409047781463,0.085003568362173,0.6662,0.6484,11
0.937194288263496,0.9903106711285024,0.021462745716767817,0.05303409047781463,0.085003568362173,0.66,0.6402,12
0.937194288263496,0.9903106711285024,0.021462745716767817,0.05303409047781463,0.085003568362173,0.6402,0.6398,13
0.937194288263496,0.9903106711285024,0.021462745716767817,0.05303409047781463,0.085003568362173,0.6514,0.6372,14
0.937194288263496,0.9903106711285024,0.021462745716767817,0.05303409047781463,0.085003568362173,0.676,0.659,15
0.937194288263496,0.9903106711285024,0.021462745716767817,0.05303409047781463,0.085003568362173,0.6588,0.6506,16
0.937194288263496,0.9903106711285024,0.021462745716767817,0.05303409047781463,0.085003568362173,0.6692,0.6604,17
0.937194288263496,0.9903106711285024,0.021462745716767817,0.05303409047781463,0.085003568362173,0.6602,0.6478,18
0.937194288263496,0.9903106711285024,0.021462745716767817,0.05303409047781463,0.085003568362173,0.6694,0.6544,19
0.937194288263496,0.9903106711285024,0.021462745716767817,0.05303409047781463,0.085003568362173,0.6486,0.6328,20
0.9831301894498413,0.9984571578213136,0.2942930393474077,0.07410633206012038,0.0009762402061377279,0.5168,0.5332,1
0.9831301894498413,0.9984571578213136,0.2942930393474077,0.07410633206012038,0.0009762402061377279,0.6706,0.6914,2
0.9831301894498413,0.9984571578213136,0.2942930393474077,0.07410633206012038,0.0009762402061377279,0.7416,0.7558,3
0.9831301894498413,0.9984571578213136,0.2942930393474077,0.07410633206012038,0.0009762402061377279,0.781,0.7884,4
0.9831301894498413,0.9984571578213136,0.2942930393474077,0.07410633206012038,0.0009762402061377279,0.7936,0.812,5
0.9831301894498413,0.9984571578213136,0.2942930393474077,0.07410633206012038,0.0009762402061377279,0.8044,0.813,6
0.9831301894498413,0.9984571578213136,0.2942930393474077,0.07410633206012038,0.0009762402061377279,0.8132,0.8218,7
0.9831301894498413,0.9984571578213136,0.2942930393474077,0.07410633206012038,0.0009762402061377279,0.806,0.8196,8
0.9831301894498413,0.9984571578213136,0.2942930393474077,0.07410633206012038,0.0009762402061377279,0.8086,0.8212,9
0.9831301894498413,0.9984571578213136,0.2942930393474077,0.07410633206012038,0.0009762402061377279,0.8134,0.8308,10
0.9831301894498413,0.9984571578213136,0.2942930393474077,0.07410633206012038,0.0009762402061377279,0.821,0.8344,11
0.9831301894498413,0.9984571578213136,0.2942930393474077,0.07410633206012038,0.0009762402061377279,0.8116,0.8264,12
0.9831301894498413,0.9984571578213136,0.2942930393474077,0.07410633206012038,0.0009762402061377279,0.8122,0.826,13
0.9831301894498413,0.9984571578213136,0.2942930393474077,0.07410633206012038,0.0009762402061377279,0.8266,0.8352,14
0.9831301894498413,0.9984571578213136,0.2942930393474077,0.07410633206012038,0.0009762402061377279,0.8208,0.833,15
0.9831301894498413,0.9984571578213136,0.2942930393474077,0.07410633206012038,0.0009762402061377279,0.8292,0.8336,16
0.9831301894498413,0.9984571578213136,0.2942930393474077,0.07410633206012038,0.0009762402061377279,0.8162,0.834,17
0.9831301894498413,0.9984571578213136,0.2942930393474077,0.07410633206012038,0.0009762402061377279,0.8184,0.8338,18
0.9831301894498413,0.9984571578213136,0.2942930393474077,0.07410633206012038,0.0009762402061377279,0.8244,0.8398,19
0.9831301894498413,0.9984571578213136,0.2942930393474077,0.07410633206012038,0.0009762402061377279,0.8234,0.8344,20
0.9690515205430775,0.9973973803523292,0.22780483914439398,0.08322022566410445,0.0006869469642913136,0.0976,0.1024,1
0.9690515205430775,0.9973973803523292,0.22780483914439398,0.08322022566410445,0.0006869469642913136,0.3162,0.3148,2
0.9690515205430775,0.9973973803523292,0.22780483914439398,0.08322022566410445,0.0006869469642913136,0.4574,0.4634,3
0.9690515205430775,0.9973973803523292,0.22780483914439398,0.08322022566410445,0.0006869469642913136,0.584,0.5974,4
0.9690515205430775,0.9973973803523292,0.22780483914439398,0.08322022566410445,0.0006869469642913136,0.6148,0.6244,5
0.9690515205430775,0.9973973803523292,0.22780483914439398,0.08322022566410445,0.0006869469642913136,0.6436,0.6536,6
0.9690515205430775,0.9973973803523292,0.22780483914439398,0.08322022566410445,0.0006869469642913136,0.6834,0.6764,7
0.9690515205430775,0.9973973803523292,0.22780483914439398,0.08322022566410445,0.0006869469642913136,0.7172,0.7138,8
0.9690515205430775,0.9973973803523292,0.22780483914439398,0.08322022566410445,0.0006869469642913136,0.7096,0.7112,9
0.9690515205430775,0.9973973803523292,0.22780483914439398,0.08322022566410445,0.0006869469642913136,0.735,0.7344,10
0.9690515205430775,0.9973973803523292,0.22780483914439398,0.08322022566410445,0.0006869469642913136,0.728,0.7288,11
0.9690515205430775,0.9973973803523292,0.22780483914439398,0.08322022566410445,0.0006869469642913136,0.7306,0.7358,12
0.9690515205430775,0.9973973803523292,0.22780483914439398,0.08322022566410445,0.0006869469642913136,0.7326,0.7444,13
0.9690515205430775,0.9973973803523292,0.22780483914439398,0.08322022566410445,0.0006869469642913136,0.7388,0.7464,14
0.9690515205430775,0.9973973803523292,0.22780483914439398,0.08322022566410445,0.0006869469642913136,0.7422,0.7526,15
0.9690515205430775,0.9973973803523292,0.22780483914439398,0.08322022566410445,0.0006869469642913136,0.7386,0.747,16
0.9690515205430775,0.9973973803523292,0.22780483914439398,0.08322022566410445,0.0006869469642913136,0.747,0.7494,17
0.9690515205430775,0.9973973803523292,0.22780483914439398,0.08322022566410445,0.0006869469642913136,0.7322,0.7368,18
0.9690515205430775,0.9973973803523292,0.22780483914439398,0.08322022566410445,0.0006869469642913136,0.7512,0.7532,19
0.9690515205430775,0.9973973803523292,0.22780483914439398,0.08322022566410445,0.0006869469642913136,0.747,0.7508,20
0.9998537959696521,0.9999850873402057,0.9090542232439724,9.7510028930301e-05,0.05156358582899903,0.1534,0.155,1
0.9998537959696521,0.9999850873402057,0.9090542232439724,9.7510028930301e-05,0.05156358582899903,0.1788,0.1814,2
0.9998537959696521,0.9999850873402057,0.9090542232439724,9.7510028930301e-05,0.05156358582899903,0.1892,0.1896,3
0.9998537959696521,0.9999850873402057,0.9090542232439724,9.7510028930301e-05,0.05156358582899903,0.183,0.1788,4
0.9998537959696521,0.9999850873402057,0.9090542232439724,9.7510028930301e-05,0.05156358582899903,0.1594,0.1574,5
0.9998537959696521,0.9999850873402057,0.9090542232439724,9.7510028930301e-05,0.05156358582899903,0.1574,0.1562,6
0.9998537959696521,0.9999850873402057,0.9090542232439724,9.7510028930301e-05,0.05156358582899903,0.2578,0.2566,7
0.9998537959696521,0.9999850873402057,0.9090542232439724,9.7510028930301e-05,0.05156358582899903,0.286,0.2948,8
0.9998537959696521,0.9999850873402057,0.9090542232439724,9.7510028930301e-05,0.05156358582899903,0.3026,0.3066,9
0.9998537959696521,0.9999850873402057,0.9090542232439724,9.7510028930301e-05,0.05156358582899903,0.3118,0.3128,10
0.9998537959696521,0.9999850873402057,0.9090542232439724,9.7510028930301e-05,0.05156358582899903,0.3524,0.3488,11
0.9998537959696521,0.9999850873402057,0.9090542232439724,9.7510028930301e-05,0.05156358582899903,0.3968,0.3874,12
0.9998537959696521,0.9999850873402057,0.9090542232439724,9.7510028930301e-05,0.05156358582899903,0.4274,0.434,13
0.9998537959696521,0.9999850873402057,0.9090542232439724,9.7510028930301e-05,0.05156358582899903,0.4602,0.4628,14
0.9998537959696521,0.9999850873402057,0.9090542232439724,9.7510028930301e-05,0.05156358582899903,0.4898,0.4908,15
0.9998537959696521,0.9999850873402057,0.9090542232439724,9.7510028930301e-05,0.05156358582899903,0.5084,0.5138,16
0.9998537959696521,0.9999850873402057,0.9090542232439724,9.7510028930301e-05,0.05156358582899903,0.526,0.528,17
0.9998537959696521,0.9999850873402057,0.9090542232439724,9.7510028930301e-05,0.05156358582899903,0.5332,0.5336,18
0.9998537959696521,0.9999850873402057,0.9090542232439724,9.7510028930301e-05,0.05156358582899903,0.5346,0.5298,19
0.9998537959696521,0.9999850873402057,0.9090542232439724,9.7510028930301e-05,0.05156358582899903,0.5328,0.5234,20
0.9355214530157335,0.9908247550152335,0.05939716067064643,0.12523168220476186,1.5301227651488438e-05,0.1016,0.0984,1
0.9355214530157335,0.9908247550152335,0.05939716067064643,0.12523168220476186,1.5301227651488438e-05,0.1022,0.0978,2
0.9355214530157335,0.9908247550152335,0.05939716067064643,0.12523168220476186,1.5301227651488438e-05,0.0954,0.1046,3
0.9355214530157335,0.9908247550152335,0.05939716067064643,0.12523168220476186,1.5301227651488438e-05,0.0998,0.1002,4
0.9355214530157335,0.9908247550152335,0.05939716067064643,0.12523168220476186,1.5301227651488438e-05,0.1016,0.0984,5
0.9355214530157335,0.9908247550152335,0.05939716067064643,0.12523168220476186,1.5301227651488438e-05,0.0952,0.1048,6
0.9355214530157335,0.9908247550152335,0.05939716067064643,0.12523168220476186,1.5301227651488438e-05,0.1022,0.0978,7
0.9355214530157335,0.9908247550152335,0.05939716067064643,0.12523168220476186,1.5301227651488438e-05,0.1016,0.0984,8
0.9355214530157335,0.9908247550152335,0.05939716067064643,0.12523168220476186,1.5301227651488438e-05,0.0998,0.1002,9
0.9355214530157335,0.9908247550152335,0.05939716067064643,0.12523168220476186,1.5301227651488438e-05,0.105,0.095,10
0.9355214530157335,0.9908247550152335,0.05939716067064643,0.12523168220476186,1.5301227651488438e-05,0.1022,0.0978,11
0.9355214530157335,0.9908247550152335,0.05939716067064643,0.12523168220476186,1.5301227651488438e-05,0.0952,0.1048,12
0.9355214530157335,0.9908247550152335,0.05939716067064643,0.12523168220476186,1.5301227651488438e-05,0.1008,0.0992,13
0.9355214530157335,0.9908247550152335,0.05939716067064643,0.12523168220476186,1.5301227651488438e-05,0.1016,0.0984,14
0.9355214530157335,0.9908247550152335,0.05939716067064643,0.12523168220476186,1.5301227651488438e-05,0.0952,0.1048,15
0.9355214530157335,0.9908247550152335,0.05939716067064643,0.12523168220476186,1.5301227651488438e-05,0.1016,0.0984,16
0.9355214530157335,0.9908247550152335,0.05939716067064643,0.12523168220476186,1.5301227651488438e-05,0.0996,0.1004,17
0.9355214530157335,0.9908247550152335,0.05939716067064643,0.12523168220476186,1.5301227651488438e-05,0.1016,0.0984,18
0.9355214530157335,0.9908247550152335,0.05939716067064643,0.12523168220476186,1.5301227651488438e-05,0.1008,0.0992,19
0.9355214530157335,0.9908247550152335,0.05939716067064643,0.12523168220476186,1.5301227651488438e-05,0.105,0.095,20
0.9149018127919505,0.9999174329643179,0.6551776737099403,0.0006405718340753135,0.000140979869752123,0.644,0.6314,1
0.9149018127919505,0.9999174329643179,0.6551776737099403,0.0006405718340753135,0.000140979869752123,0.6992,0.6952,2
0.9149018127919505,0.9999174329643179,0.6551776737099403,0.0006405718340753135,0.000140979869752123,0.741,0.7314,3
0.9149018127919505,0.9999174329643179,0.6551776737099403,0.0006405718340753135,0.000140979869752123,0.755,0.7476,4
0.9149018127919505,0.9999174329643179,0.6551776737099403,0.0006405718340753135,0.000140979869752123,0.7656,0.758,5
0.9149018127919505,0.9999174329643179,0.6551776737099403,0.0006405718340753135,0.000140979869752123,0.768,0.7582,6
0.9149018127919505,0.9999174329643179,0.6551776737099403,0.0006405718340753135,0.000140979869752123,0.7712,0.7632,7
0.9149018127919505,0.9999174329643179,0.6551776737099403,0.0006405718340753135,0.000140979869752123,0.776,0.771,8
0.9149018127919505,0.9999174329643179,0.6551776737099403,0.0006405718340753135,0.000140979869752123,0.787,0.776,9
0.9149018127919505,0.9999174329643179,0.6551776737099403,0.0006405718340753135,0.000140979869752123,0.7872,0.784,10
0.9149018127919505,0.9999174329643179,0.6551776737099403,0.0006405718340753135,0.000140979869752123,0.7924,0.7836,11
0.9149018127919505,0.9999174329643179,0.6551776737099403,0.0006405718340753135,0.000140979869752123,0.798,0.791,12
0.9149018127919505,0.9999174329643179,0.6551776737099403,0.0006405718340753135,0.000140979869752123,0.7978,0.7932,13
0.9149018127919505,0.9999174329643179,0.6551776737099403,0.0006405718340753135,0.000140979869752123,0.7992,0.7974,14
0.9149018127919505,0.9999174329643179,0.6551776737099403,0.0006405718340753135,0.000140979869752123,0.8016,0.8,15
0.9149018127919505,0.9999174329643179,0.6551776737099403,0.0006405718340753135,0.000140979869752123,0.808,0.8014,16
0.9149018127919505,0.9999174329643179,0.6551776737099403,0.0006405718340753135,0.000140979869752123,0.8048,0.8032,17
0.9149018127919505,0.9999174329643179,0.6551776737099403,0.0006405718340753135,0.000140979869752123,0.8096,0.806,18
0.9149018127919505,0.9999174329643179,0.6551776737099403,0.0006405718340753135,0.000140979869752123,0.8182,0.8154,19
0.9149018127919505,0.9999174329643179,0.6551776737099403,0.0006405718340753135,0.000140979869752123,0.8158,0.8124,20
0.9071938760271304,0.9999490408785542,0.709138093528405,0.00042203157481139565,8.790797693027815e-05,0.6092,0.6026,1
0.9071938760271304,0.9999490408785542,0.709138093528405,0.00042203157481139565,8.790797693027815e-05,0.7066,0.7074,2
0.9071938760271304,0.9999490408785542,0.709138093528405,0.00042203157481139565,8.790797693027815e-05,0.7192,0.7186,3
0.9071938760271304,0.9999490408785542,0.709138093528405,0.00042203157481139565,8.790797693027815e-05,0.7328,0.7336,4
0.9071938760271304,0.9999490408785542,0.709138093528405,0.00042203157481139565,8.790797693027815e-05,0.7426,0.7418,5
0.9071938760271304,0.9999490408785542,0.709138093528405,0.00042203157481139565,8.790797693027815e-05,0.7494,0.7476,6
0.9071938760271304,0.9999490408785542,0.709138093528405,0.00042203157481139565,8.790797693027815e-05,0.7596,0.7552,7
0.9071938760271304,0.9999490408785542,0.709138093528405,0.00042203157481139565,8.790797693027815e-05,0.7602,0.7544,8
0.9071938760271304,0.9999490408785542,0.709138093528405,0.00042203157481139565,8.790797693027815e-05,0.7636,0.7608,9
0.9071938760271304,0.9999490408785542,0.709138093528405,0.00042203157481139565,8.790797693027815e-05,0.7666,0.7624,10
0.9071938760271304,0.9999490408785542,0.709138093528405,0.00042203157481139565,8.790797693027815e-05,0.7734,0.7668,11
0.9071938760271304,0.9999490408785542,0.709138093528405,0.00042203157481139565,8.790797693027815e-05,0.773,0.7716,12
0.9071938760271304,0.9999490408785542,0.709138093528405,0.00042203157481139565,8.790797693027815e-05,0.7778,0.773,13
0.9071938760271304,0.9999490408785542,0.709138093528405,0.00042203157481139565,8.790797693027815e-05,0.7774,0.7772,14
0.9071938760271304,0.9999490408785542,0.709138093528405,0.00042203157481139565,8.790797693027815e-05,0.7812,0.7774,15
0.9071938760271304,0.9999490408785542,0.709138093528405,0.00042203157481139565,8.790797693027815e-05,0.7808,0.7778,16
0.9071938760271304,0.9999490408785542,0.709138093528405,0.00042203157481139565,8.790797693027815e-05,0.787,0.781,17
0.9071938760271304,0.9999490408785542,0.709138093528405,0.00042203157481139565,8.790797693027815e-05,0.7858,0.7814,18
0.9071938760271304,0.9999490408785542,0.709138093528405,0.00042203157481139565,8.790797693027815e-05,0.7896,0.7828,19
0.9071938760271304,0.9999490408785542,0.709138093528405,0.00042203157481139565,8.790797693027815e-05,0.7906,0.7864,20
0.9989941036652973,0.9899853846470769,0.04029599904859582,0.05771423715085065,0.08293032376983617,0.6332,0.6362,1
0.9989941036652973,0.9899853846470769,0.04029599904859582,0.05771423715085065,0.08293032376983617,0.6862,0.7046,2
0.9989941036652973,0.9899853846470769,0.04029599904859582,0.05771423715085065,0.08293032376983617,0.6832,0.6856,3
0.9989941036652973,0.9899853846470769,0.04029599904859582,0.05771423715085065,0.08293032376983617,0.676,0.6816,4
0.9989941036652973,0.9899853846470769,0.04029599904859582,0.05771423715085065,0.08293032376983617,0.6902,0.7026,5
0.9989941036652973,0.9899853846470769,0.04029599904859582,0.05771423715085065,0.08293032376983617,0.6902,0.695,6
0.9989941036652973,0.9899853846470769,0.04029599904859582,0.05771423715085065,0.08293032376983617,0.6904,0.702,7
0.9989941036652973,0.9899853846470769,0.04029599904859582,0.05771423715085065,0.08293032376983617,0.686,0.7034,8
0.9989941036652973,0.9899853846470769,0.04029599904859582,0.05771423715085065,0.08293032376983617,0.6928,0.7032,9
0.9989941036652973,0.9899853846470769,0.04029599904859582,0.05771423715085065,0.08293032376983617,0.6866,0.7012,10
0.9989941036652973,0.9899853846470769,0.04029599904859582,0.05771423715085065,0.08293032376983617,0.6864,0.6926,11
0.9989941036652973,0.9899853846470769,0.04029599904859582,0.05771423715085065,0.08293032376983617,0.6928,0.7012,12
0.9989941036652973,0.9899853846470769,0.04029599904859582,0.05771423715085065,0.08293032376983617,0.7008,0.7078,13
0.9989941036652973,0.9899853846470769,0.04029599904859582,0.05771423715085065,0.08293032376983617,0.6788,0.688,14
0.9989941036652973,0.9899853846470769,0.04029599904859582,0.05771423715085065,0.08293032376983617,0.6784,0.6852,15
0.9989941036652973,0.9899853846470769,0.04029599904859582,0.05771423715085065,0.08293032376983617,0.6936,0.6944,16
0.9989941036652973,0.9899853846470769,0.04029599904859582,0.05771423715085065,0.08293032376983617,0.6986,0.7096,17
0.9989941036652973,0.9899853846470769,0.04029599904859582,0.05771423715085065,0.08293032376983617,0.68,0.6926,18
0.9989941036652973,0.9899853846470769,0.04029599904859582,0.05771423715085065,0.08293032376983617,0.6948,0.7162,19
0.9989941036652973,0.9899853846470769,0.04029599904859582,0.05771423715085065,0.08293032376983617,0.696,0.709,20
0.9062864181182367,0.9987186184125612,0.3121532207635881,1.2004852348766876e-05,1.163995380542595e-05,0.1016,0.0984,1
0.9062864181182367,0.9987186184125612,0.3121532207635881,1.2004852348766876e-05,1.163995380542595e-05,0.1016,0.0984,2
0.9062864181182367,0.9987186184125612,0.3121532207635881,1.2004852348766876e-05,1.163995380542595e-05,0.1016,0.0984,3
0.9062864181182367,0.9987186184125612,0.3121532207635881,1.2004852348766876e-05,1.163995380542595e-05,0.1044,0.1012,4
0.9062864181182367,0.9987186184125612,0.3121532207635881,1.2004852348766876e-05,1.163995380542595e-05,0.1772,0.185,5
0.9062864181182367,0.9987186184125612,0.3121532207635881,1.2004852348766876e-05,1.163995380542595e-05,0.2302,0.2304,6
0.9062864181182367,0.9987186184125612,0.3121532207635881,1.2004852348766876e-05,1.163995380542595e-05,0.33,0.322,7
0.9062864181182367,0.9987186184125612,0.3121532207635881,1.2004852348766876e-05,1.163995380542595e-05,0.378,0.3762,8
0.9062864181182367,0.9987186184125612,0.3121532207635881,1.2004852348766876e-05,1.163995380542595e-05,0.4298,0.4386,9
0.9062864181182367,0.9987186184125612,0.3121532207635881,1.2004852348766876e-05,1.163995380542595e-05,0.4792,0.4962,10
0.9062864181182367,0.9987186184125612,0.3121532207635881,1.2004852348766876e-05,1.163995380542595e-05,0.5178,0.5316,11
0.9062864181182367,0.9987186184125612,0.3121532207635881,1.2004852348766876e-05,1.163995380542595e-05,0.5524,0.5616,12
0.9062864181182367,0.9987186184125612,0.3121532207635881,1.2004852348766876e-05,1.163995380542595e-05,0.5628,0.575,13
0.9062864181182367,0.9987186184125612,0.3121532207635881,1.2004852348766876e-05,1.163995380542595e-05,0.574,0.5906,14
0.9062864181182367,0.9987186184125612,0.3121532207635881,1.2004852348766876e-05,1.163995380542595e-05,0.5774,0.5942,15
0.9062864181182367,0.9987186184125612,0.3121532207635881,1.2004852348766876e-05,1.163995380542595e-05,0.5874,0.602,16
0.9062864181182367,0.9987186184125612,0.3121532207635881,1.2004852348766876e-05,1.163995380542595e-05,0.59,0.6044,17
0.9062864181182367,0.9987186184125612,0.3121532207635881,1.2004852348766876e-05,1.163995380542595e-05,0.5932,0.6092,18
0.9062864181182367,0.9987186184125612,0.3121532207635881,1.2004852348766876e-05,1.163995380542595e-05,0.5998,0.612,19
0.9062864181182367,0.9987186184125612,0.3121532207635881,1.2004852348766876e-05,1.163995380542595e-05,0.6036,0.6164,20
0.9998790432492259,0.9999133119195959,0.1338700738686993,0.02466659846165289,0.028315948510720824,0.7354,0.7324,1
0.9998790432492259,0.9999133119195959,0.1338700738686993,0.02466659846165289,0.028315948510720824,0.7694,0.7668,2
0.9998790432492259,0.9999133119195959,0.1338700738686993,0.02466659846165289,0.028315948510720824,0.7594,0.764,3
0.9998790432492259,0.9999133119195959,0.1338700738686993,0.02466659846165289,0.028315948510720824,0.7638,0.7692,4
0.9998790432492259,0.9999133119195959,0.1338700738686993,0.02466659846165289,0.028315948510720824,0.7726,0.7784,5
0.9998790432492259,0.9999133119195959,0.1338700738686993,0.02466659846165289,0.028315948510720824,0.7732,0.775,6
0.9998790432492259,0.9999133119195959,0.1338700738686993,0.02466659846165289,0.028315948510720824,0.7706,0.7722,7
0.9998790432492259,0.9999133119195959,0.1338700738686993,0.02466659846165289,0.028315948510720824,0.7754,0.7778,8
0.9998790432492259,0.9999133119195959,0.1338700738686993,0.02466659846165289,0.028315948510720824,0.773,0.779,9
0.9998790432492259,0.9999133119195959,0.1338700738686993,0.02466659846165289,0.028315948510720824,0.7716,0.7728,10
0.9998790432492259,0.9999133119195959,0.1338700738686993,0.02466659846165289,0.028315948510720824,0.7746,0.7782,11
0.9998790432492259,0.9999133119195959,0.1338700738686993,0.02466659846165289,0.028315948510720824,0.775,0.777,12
0.9998790432492259,0.9999133119195959,0.1338700738686993,0.02466659846165289,0.028315948510720824,0.7754,0.7778,13
0.9998790432492259,0.9999133119195959,0.1338700738686993,0.02466659846165289,0.028315948510720824,0.7752,0.7846,14
0.9998790432492259,0.9999133119195959,0.1338700738686993,0.02466659846165289,0.028315948510720824,0.7722,0.777,15
0.9998790432492259,0.9999133119195959,0.1338700738686993,0.02466659846165289,0.028315948510720824,0.7824,0.7884,16
0.9998790432492259,0.9999133119195959,0.1338700738686993,0.02466659846165289,0.028315948510720824,0.779,0.779,17
0.9998790432492259,0.9999133119195959,0.1338700738686993,0.02466659846165289,0.028315948510720824,0.774,0.7806,18
0.9998790432492259,0.9999133119195959,0.1338700738686993,0.02466659846165289,0.028315948510720824,0.7808,0.7758,19
0.9998790432492259,0.9999133119195959,0.1338700738686993,0.02466659846165289,0.028315948510720824,0.7844,0.7834,20
0.9998769347587878,0.9999521251277393,0.03893310532065147,0.05795533514854743,0.06909690570672494,0.6836,0.68,1
0.9998769347587878,0.9999521251277393,0.03893310532065147,0.05795533514854743,0.06909690570672494,0.688,0.6828,2
0.9998769347587878,0.9999521251277393,0.03893310532065147,0.05795533514854743,0.06909690570672494,0.7012,0.701,3
0.9998769347587878,0.9999521251277393,0.03893310532065147,0.05795533514854743,0.06909690570672494,0.7034,0.7064,4
0.9998769347587878,0.9999521251277393,0.03893310532065147,0.05795533514854743,0.06909690570672494,0.7038,0.7082,5
0.9998769347587878,0.9999521251277393,0.03893310532065147,0.05795533514854743,0.06909690570672494,0.7034,0.7066,6
0.9998769347587878,0.9999521251277393,0.03893310532065147,0.05795533514854743,0.06909690570672494,0.714,0.7144,7
0.9998769347587878,0.9999521251277393,0.03893310532065147,0.05795533514854743,0.06909690570672494,0.7052,0.704,8
0.9998769347587878,0.9999521251277393,0.03893310532065147,0.05795533514854743,0.06909690570672494,0.688,0.6902,9
0.9998769347587878,0.9999521251277393,0.03893310532065147,0.05795533514854743,0.06909690570672494,0.6904,0.6932,10
0.9998769347587878,0.9999521251277393,0.03893310532065147,0.05795533514854743,0.06909690570672494,0.7072,0.71,11
0.9998769347587878,0.9999521251277393,0.03893310532065147,0.05795533514854743,0.06909690570672494,0.696,0.7004,12
0.9998769347587878,0.9999521251277393,0.03893310532065147,0.05795533514854743,0.06909690570672494,0.715,0.7094,13
0.9998769347587878,0.9999521251277393,0.03893310532065147,0.05795533514854743,0.06909690570672494,0.6846,0.686,14
0.9998769347587878,0.9999521251277393,0.03893310532065147,0.05795533514854743,0.06909690570672494,0.7154,0.7116,15
0.9998769347587878,0.9999521251277393,0.03893310532065147,0.05795533514854743,0.06909690570672494,0.6978,0.7008,16
0.9998769347587878,0.9999521251277393,0.03893310532065147,0.05795533514854743,0.06909690570672494,0.6894,0.6906,17
0.9998769347587878,0.9999521251277393,0.03893310532065147,0.05795533514854743,0.06909690570672494,0.7102,0.7098,18
0.9998769347587878,0.9999521251277393,0.03893310532065147,0.05795533514854743,0.06909690570672494,0.717,0.7202,19
0.9998769347587878,0.9999521251277393,0.03893310532065147,0.05795533514854743,0.06909690570672494,0.7124,0.7144,20
0.9998894978853886,0.9912477126152879,0.8078369526019756,5.2305709684326416e-05,0.00010317875023435566,0.103,0.0984,1
0.9998894978853886,0.9912477126152879,0.8078369526019756,5.2305709684326416e-05,0.00010317875023435566,0.104,0.1002,2
0.9998894978853886,0.9912477126152879,0.8078369526019756,5.2305709684326416e-05,0.00010317875023435566,0.177,0.1826,3
0.9998894978853886,0.9912477126152879,0.8078369526019756,5.2305709684326416e-05,0.00010317875023435566,0.3696,0.3824,4
0.9998894978853886,0.9912477126152879,0.8078369526019756,5.2305709684326416e-05,0.00010317875023435566,0.3868,0.3946,5
0.9998894978853886,0.9912477126152879,0.8078369526019756,5.2305709684326416e-05,0.00010317875023435566,0.387,0.3934,6
0.9998894978853886,0.9912477126152879,0.8078369526019756,5.2305709684326416e-05,0.00010317875023435566,0.3818,0.3858,7
0.9998894978853886,0.9912477126152879,0.8078369526019756,5.2305709684326416e-05,0.00010317875023435566,0.3968,0.3964,8
0.9998894978853886,0.9912477126152879,0.8078369526019756,5.2305709684326416e-05,0.00010317875023435566,0.4222,0.4288,9
0.9998894978853886,0.9912477126152879,0.8078369526019756,5.2305709684326416e-05,0.00010317875023435566,0.4466,0.4588,10
0.9998894978853886,0.9912477126152879,0.8078369526019756,5.2305709684326416e-05,0.00010317875023435566,0.467,0.4806,11
0.9998894978853886,0.9912477126152879,0.8078369526019756,5.2305709684326416e-05,0.00010317875023435566,0.4864,0.4964,12
0.9998894978853886,0.9912477126152879,0.8078369526019756,5.2305709684326416e-05,0.00010317875023435566,0.5008,0.5186,13
0.9998894978853886,0.9912477126152879,0.8078369526019756,5.2305709684326416e-05,0.00010317875023435566,0.5136,0.5348,14
0.9998894978853886,0.9912477126152879,0.8078369526019756,5.2305709684326416e-05,0.00010317875023435566,0.5236,0.5464,15
0.9998894978853886,0.9912477126152879,0.8078369526019756,5.2305709684326416e-05,0.00010317875023435566,0.5338,0.5586,16
0.9998894978853886,0.9912477126152879,0.8078369526019756,5.2305709684326416e-05,0.00010317875023435566,0.5432,0.5646,17
0.9998894978853886,0.9912477126152879,0.8078369526019756,5.2305709684326416e-05,0.00010317875023435566,0.5526,0.5754,18
0.9998894978853886,0.9912477126152879,0.8078369526019756,5.2305709684326416e-05,0.00010317875023435566,0.561,0.5786,19
0.9998894978853886,0.9912477126152879,0.8078369526019756,5.2305709684326416e-05,0.00010317875023435566,0.57,0.5864,20
0.9602398168450362,0.9992543386080844,0.009685127427303875,0.1290686908414238,0.11515736873848655,0.0978,0.1022,1
0.9602398168450362,0.9992543386080844,0.009685127427303875,0.1290686908414238,0.11515736873848655,0.372,0.3822,2
0.9602398168450362,0.9992543386080844,0.009685127427303875,0.1290686908414238,0.11515736873848655,0.3306,0.3234,3
0.9602398168450362,0.9992543386080844,0.009685127427303875,0.1290686908414238,0.11515736873848655,0.5882,0.5732,4
0.9602398168450362,0.9992543386080844,0.009685127427303875,0.1290686908414238,0.11515736873848655,0.6184,0.6162,5
0.9602398168450362,0.9992543386080844,0.009685127427303875,0.1290686908414238,0.11515736873848655,0.588,0.5888,6
0.9602398168450362,0.9992543386080844,0.009685127427303875,0.1290686908414238,0.11515736873848655,0.6172,0.623,7
0.9602398168450362,0.9992543386080844,0.009685127427303875,0.1290686908414238,0.11515736873848655,0.4508,0.45,8
0.9602398168450362,0.9992543386080844,0.009685127427303875,0.1290686908414238,0.11515736873848655,0.1526,0.1566,9
0.9602398168450362,0.9992543386080844,0.009685127427303875,0.1290686908414238,0.11515736873848655,0.0998,0.1002,10
0.9602398168450362,0.9992543386080844,0.009685127427303875,0.1290686908414238,0.11515736873848655,0.104,0.0974,11
0.9602398168450362,0.9992543386080844,0.009685127427303875,0.1290686908414238,0.11515736873848655,0.4886,0.482,12
0.9602398168450362,0.9992543386080844,0.009685127427303875,0.1290686908414238,0.11515736873848655,0.2648,0.2694,13
0.9602398168450362,0.9992543386080844,0.009685127427303875,0.1290686908414238,0.11515736873848655,0.4232,0.4188,14
0.9602398168450362,0.9992543386080844,0.009685127427303875,0.1290686908414238,0.11515736873848655,0.4816,0.4732,15
0.9602398168450362,0.9992543386080844,0.009685127427303875,0.1290686908414238,0.11515736873848655,0.5064,0.493,16
0.9602398168450362,0.9992543386080844,0.009685127427303875,0.1290686908414238,0.11515736873848655,0.6172,0.619,17
0.9602398168450362,0.9992543386080844,0.009685127427303875,0.1290686908414238,0.11515736873848655,0.663,0.6622,18
0.9602398168450362,0.9992543386080844,0.009685127427303875,0.1290686908414238,0.11515736873848655,0.6394,0.6378,19
0.9602398168450362,0.9992543386080844,0.009685127427303875,0.1290686908414238,0.11515736873848655,0.6724,0.6742,20
